/*--------------------------------*- C++ -*----------------------------------*\
  =========                 |
  \\      /  F ield         | OpenFOAM: The Open Source CFD Toolbox
   \\    /   O peration     | Website:  https://openfoam.org
    \\  /    A nd           | Version:  10
     \\/     M anipulation  |
\*---------------------------------------------------------------------------*/
FoamFile
{
    format      ascii;
    class       labelList;
    note        "nPoints: 59286 nCells: 48000 nFaces: 155000 nInternalFaces: 133000";
    location    "constant/polyMesh";
    object      neighbour;
}
// * * * * * * * * * * * * * * * * * * * * * * * * * * * * * * * * * * * * * //


133000
(
1
40
200
2
41
201
3
42
202
4
43
203
5
44
204
6
45
205
7
46
206
8
47
207
9
48
208
10
49
209
11
50
210
12
51
211
13
52
212
14
53
213
15
54
214
16
55
215
17
56
216
18
57
217
19
58
218
20
59
219
21
60
220
22
61
221
23
62
222
24
63
223
25
64
224
26
65
225
27
66
226
28
67
227
29
68
228
30
69
229
31
70
230
32
71
231
33
72
232
34
73
233
35
74
234
36
75
235
37
76
236
38
77
237
39
78
238
79
239
41
80
240
42
81
241
43
82
242
44
83
243
45
84
244
46
85
245
47
86
246
48
87
247
49
88
248
50
89
249
51
90
250
52
91
251
53
92
252
54
93
253
55
94
254
56
95
255
57
96
256
58
97
257
59
98
258
60
99
259
61
100
260
62
101
261
63
102
262
64
103
263
65
104
264
66
105
265
67
106
266
68
107
267
69
108
268
70
109
269
71
110
270
72
111
271
73
112
272
74
113
273
75
114
274
76
115
275
77
116
276
78
117
277
79
118
278
119
279
81
120
280
82
121
281
83
122
282
84
123
283
85
124
284
86
125
285
87
126
286
88
127
287
89
128
288
90
129
289
91
130
290
92
131
291
93
132
292
94
133
293
95
134
294
96
135
295
97
136
296
98
137
297
99
138
298
100
139
299
101
140
300
102
141
301
103
142
302
104
143
303
105
144
304
106
145
305
107
146
306
108
147
307
109
148
308
110
149
309
111
150
310
112
151
311
113
152
312
114
153
313
115
154
314
116
155
315
117
156
316
118
157
317
119
158
318
159
319
121
160
320
122
161
321
123
162
322
124
163
323
125
164
324
126
165
325
127
166
326
128
167
327
129
168
328
130
169
329
131
170
330
132
171
331
133
172
332
134
173
333
135
174
334
136
175
335
137
176
336
138
177
337
139
178
338
140
179
339
141
180
340
142
181
341
143
182
342
144
183
343
145
184
344
146
185
345
147
186
346
148
187
347
149
188
348
150
189
349
151
190
350
152
191
351
153
192
352
154
193
353
155
194
354
156
195
355
157
196
356
158
197
357
159
198
358
199
359
161
360
162
361
163
362
164
363
165
364
166
365
167
366
168
367
169
368
170
369
171
370
172
371
173
372
174
373
175
374
176
375
177
376
178
377
179
378
180
379
181
380
182
381
183
382
184
383
185
384
186
385
187
386
188
387
189
388
190
389
191
390
192
391
193
392
194
393
195
394
196
395
197
396
198
397
199
398
399
201
240
400
202
241
401
203
242
402
204
243
403
205
244
404
206
245
405
207
246
406
208
247
407
209
248
408
210
249
409
211
250
410
212
251
411
213
252
412
214
253
413
215
254
414
216
255
415
217
256
416
218
257
417
219
258
418
220
259
419
221
260
420
222
261
421
223
262
422
224
263
423
225
264
424
226
265
425
227
266
426
228
267
427
229
268
428
230
269
429
231
270
430
232
271
431
233
272
432
234
273
433
235
274
434
236
275
435
237
276
436
238
277
437
239
278
438
279
439
241
280
440
242
281
441
243
282
442
244
283
443
245
284
444
246
285
445
247
286
446
248
287
447
249
288
448
250
289
449
251
290
450
252
291
451
253
292
452
254
293
453
255
294
454
256
295
455
257
296
456
258
297
457
259
298
458
260
299
459
261
300
460
262
301
461
263
302
462
264
303
463
265
304
464
266
305
465
267
306
466
268
307
467
269
308
468
270
309
469
271
310
470
272
311
471
273
312
472
274
313
473
275
314
474
276
315
475
277
316
476
278
317
477
279
318
478
319
479
281
320
480
282
321
481
283
322
482
284
323
483
285
324
484
286
325
485
287
326
486
288
327
487
289
328
488
290
329
489
291
330
490
292
331
491
293
332
492
294
333
493
295
334
494
296
335
495
297
336
496
298
337
497
299
338
498
300
339
499
301
340
500
302
341
501
303
342
502
304
343
503
305
344
504
306
345
505
307
346
506
308
347
507
309
348
508
310
349
509
311
350
510
312
351
511
313
352
512
314
353
513
315
354
514
316
355
515
317
356
516
318
357
517
319
358
518
359
519
321
360
520
322
361
521
323
362
522
324
363
523
325
364
524
326
365
525
327
366
526
328
367
527
329
368
528
330
369
529
331
370
530
332
371
531
333
372
532
334
373
533
335
374
534
336
375
535
337
376
536
338
377
537
339
378
538
340
379
539
341
380
540
342
381
541
343
382
542
344
383
543
345
384
544
346
385
545
347
386
546
348
387
547
349
388
548
350
389
549
351
390
550
352
391
551
353
392
552
354
393
553
355
394
554
356
395
555
357
396
556
358
397
557
359
398
558
399
559
361
560
362
561
363
562
364
563
365
564
366
565
367
566
368
567
369
568
370
569
371
570
372
571
373
572
374
573
375
574
376
575
377
576
378
577
379
578
380
579
381
580
382
581
383
582
384
583
385
584
386
585
387
586
388
587
389
588
390
589
391
590
392
591
393
592
394
593
395
594
396
595
397
596
398
597
399
598
599
401
440
600
402
441
601
403
442
602
404
443
603
405
444
604
406
445
605
407
446
606
408
447
607
409
448
608
410
449
609
411
450
610
412
451
611
413
452
612
414
453
613
415
454
614
416
455
615
417
456
616
418
457
617
419
458
618
420
459
619
421
460
620
422
461
621
423
462
622
424
463
623
425
464
624
426
465
625
427
466
626
428
467
627
429
468
628
430
469
629
431
470
630
432
471
631
433
472
632
434
473
633
435
474
634
436
475
635
437
476
636
438
477
637
439
478
638
479
639
441
480
640
442
481
641
443
482
642
444
483
643
445
484
644
446
485
645
447
486
646
448
487
647
449
488
648
450
489
649
451
490
650
452
491
651
453
492
652
454
493
653
455
494
654
456
495
655
457
496
656
458
497
657
459
498
658
460
499
659
461
500
660
462
501
661
463
502
662
464
503
663
465
504
664
466
505
665
467
506
666
468
507
667
469
508
668
470
509
669
471
510
670
472
511
671
473
512
672
474
513
673
475
514
674
476
515
675
477
516
676
478
517
677
479
518
678
519
679
481
520
680
482
521
681
483
522
682
484
523
683
485
524
684
486
525
685
487
526
686
488
527
687
489
528
688
490
529
689
491
530
690
492
531
691
493
532
692
494
533
693
495
534
694
496
535
695
497
536
696
498
537
697
499
538
698
500
539
699
501
540
700
502
541
701
503
542
702
504
543
703
505
544
704
506
545
705
507
546
706
508
547
707
509
548
708
510
549
709
511
550
710
512
551
711
513
552
712
514
553
713
515
554
714
516
555
715
517
556
716
518
557
717
519
558
718
559
719
521
560
720
522
561
721
523
562
722
524
563
723
525
564
724
526
565
725
527
566
726
528
567
727
529
568
728
530
569
729
531
570
730
532
571
731
533
572
732
534
573
733
535
574
734
536
575
735
537
576
736
538
577
737
539
578
738
540
579
739
541
580
740
542
581
741
543
582
742
544
583
743
545
584
744
546
585
745
547
586
746
548
587
747
549
588
748
550
589
749
551
590
750
552
591
751
553
592
752
554
593
753
555
594
754
556
595
755
557
596
756
558
597
757
559
598
758
599
759
561
760
562
761
563
762
564
763
565
764
566
765
567
766
568
767
569
768
570
769
571
770
572
771
573
772
574
773
575
774
576
775
577
776
578
777
579
778
580
779
581
780
582
781
583
782
584
783
585
784
586
785
587
786
588
787
589
788
590
789
591
790
592
791
593
792
594
793
595
794
596
795
597
796
598
797
599
798
799
601
640
800
602
641
801
603
642
802
604
643
803
605
644
804
606
645
805
607
646
806
608
647
807
609
648
808
610
649
809
611
650
810
612
651
811
613
652
812
614
653
813
615
654
814
616
655
815
617
656
816
618
657
817
619
658
818
620
659
819
621
660
820
622
661
821
623
662
822
624
663
823
625
664
824
626
665
825
627
666
826
628
667
827
629
668
828
630
669
829
631
670
830
632
671
831
633
672
832
634
673
833
635
674
834
636
675
835
637
676
836
638
677
837
639
678
838
679
839
641
680
840
642
681
841
643
682
842
644
683
843
645
684
844
646
685
845
647
686
846
648
687
847
649
688
848
650
689
849
651
690
850
652
691
851
653
692
852
654
693
853
655
694
854
656
695
855
657
696
856
658
697
857
659
698
858
660
699
859
661
700
860
662
701
861
663
702
862
664
703
863
665
704
864
666
705
865
667
706
866
668
707
867
669
708
868
670
709
869
671
710
870
672
711
871
673
712
872
674
713
873
675
714
874
676
715
875
677
716
876
678
717
877
679
718
878
719
879
681
720
880
682
721
881
683
722
882
684
723
883
685
724
884
686
725
885
687
726
886
688
727
887
689
728
888
690
729
889
691
730
890
692
731
891
693
732
892
694
733
893
695
734
894
696
735
895
697
736
896
698
737
897
699
738
898
700
739
899
701
740
900
702
741
901
703
742
902
704
743
903
705
744
904
706
745
905
707
746
906
708
747
907
709
748
908
710
749
909
711
750
910
712
751
911
713
752
912
714
753
913
715
754
914
716
755
915
717
756
916
718
757
917
719
758
918
759
919
721
760
920
722
761
921
723
762
922
724
763
923
725
764
924
726
765
925
727
766
926
728
767
927
729
768
928
730
769
929
731
770
930
732
771
931
733
772
932
734
773
933
735
774
934
736
775
935
737
776
936
738
777
937
739
778
938
740
779
939
741
780
940
742
781
941
743
782
942
744
783
943
745
784
944
746
785
945
747
786
946
748
787
947
749
788
948
750
789
949
751
790
950
752
791
951
753
792
952
754
793
953
755
794
954
756
795
955
757
796
956
758
797
957
759
798
958
799
959
761
960
762
961
763
962
764
963
765
964
766
965
767
966
768
967
769
968
770
969
771
970
772
971
773
972
774
973
775
974
776
975
777
976
778
977
779
978
780
979
781
980
782
981
783
982
784
983
785
984
786
985
787
986
788
987
789
988
790
989
791
990
792
991
793
992
794
993
795
994
796
995
797
996
798
997
799
998
999
801
840
1000
802
841
1001
803
842
1002
804
843
1003
805
844
1004
806
845
1005
807
846
1006
808
847
1007
809
848
1008
810
849
1009
811
850
1010
812
851
1011
813
852
1012
814
853
1013
815
854
1014
816
855
1015
817
856
1016
818
857
1017
819
858
1018
820
859
1019
821
860
1020
822
861
1021
823
862
1022
824
863
1023
825
864
1024
826
865
1025
827
866
1026
828
867
1027
829
868
1028
830
869
1029
831
870
1030
832
871
1031
833
872
1032
834
873
1033
835
874
1034
836
875
1035
837
876
1036
838
877
1037
839
878
1038
879
1039
841
880
1040
842
881
1041
843
882
1042
844
883
1043
845
884
1044
846
885
1045
847
886
1046
848
887
1047
849
888
1048
850
889
1049
851
890
1050
852
891
1051
853
892
1052
854
893
1053
855
894
1054
856
895
1055
857
896
1056
858
897
1057
859
898
1058
860
899
1059
861
900
1060
862
901
1061
863
902
1062
864
903
1063
865
904
1064
866
905
1065
867
906
1066
868
907
1067
869
908
1068
870
909
1069
871
910
1070
872
911
1071
873
912
1072
874
913
1073
875
914
1074
876
915
1075
877
916
1076
878
917
1077
879
918
1078
919
1079
881
920
1080
882
921
1081
883
922
1082
884
923
1083
885
924
1084
886
925
1085
887
926
1086
888
927
1087
889
928
1088
890
929
1089
891
930
1090
892
931
1091
893
932
1092
894
933
1093
895
934
1094
896
935
1095
897
936
1096
898
937
1097
899
938
1098
900
939
1099
901
940
1100
902
941
1101
903
942
1102
904
943
1103
905
944
1104
906
945
1105
907
946
1106
908
947
1107
909
948
1108
910
949
1109
911
950
1110
912
951
1111
913
952
1112
914
953
1113
915
954
1114
916
955
1115
917
956
1116
918
957
1117
919
958
1118
959
1119
921
960
1120
922
961
1121
923
962
1122
924
963
1123
925
964
1124
926
965
1125
927
966
1126
928
967
1127
929
968
1128
930
969
1129
931
970
1130
932
971
1131
933
972
1132
934
973
1133
935
974
1134
936
975
1135
937
976
1136
938
977
1137
939
978
1138
940
979
1139
941
980
1140
942
981
1141
943
982
1142
944
983
1143
945
984
1144
946
985
1145
947
986
1146
948
987
1147
949
988
1148
950
989
1149
951
990
1150
952
991
1151
953
992
1152
954
993
1153
955
994
1154
956
995
1155
957
996
1156
958
997
1157
959
998
1158
999
1159
961
1160
962
1161
963
1162
964
1163
965
1164
966
1165
967
1166
968
1167
969
1168
970
1169
971
1170
972
1171
973
1172
974
1173
975
1174
976
1175
977
1176
978
1177
979
1178
980
1179
981
1180
982
1181
983
1182
984
1183
985
1184
986
1185
987
1186
988
1187
989
1188
990
1189
991
1190
992
1191
993
1192
994
1193
995
1194
996
1195
997
1196
998
1197
999
1198
1199
1001
1040
1200
1002
1041
1201
1003
1042
1202
1004
1043
1203
1005
1044
1204
1006
1045
1205
1007
1046
1206
1008
1047
1207
1009
1048
1208
1010
1049
1209
1011
1050
1210
1012
1051
1211
1013
1052
1212
1014
1053
1213
1015
1054
1214
1016
1055
1215
1017
1056
1216
1018
1057
1217
1019
1058
1218
1020
1059
1219
1021
1060
1220
1022
1061
1221
1023
1062
1222
1024
1063
1223
1025
1064
1224
1026
1065
1225
1027
1066
1226
1028
1067
1227
1029
1068
1228
1030
1069
1229
1031
1070
1230
1032
1071
1231
1033
1072
1232
1034
1073
1233
1035
1074
1234
1036
1075
1235
1037
1076
1236
1038
1077
1237
1039
1078
1238
1079
1239
1041
1080
1240
1042
1081
1241
1043
1082
1242
1044
1083
1243
1045
1084
1244
1046
1085
1245
1047
1086
1246
1048
1087
1247
1049
1088
1248
1050
1089
1249
1051
1090
1250
1052
1091
1251
1053
1092
1252
1054
1093
1253
1055
1094
1254
1056
1095
1255
1057
1096
1256
1058
1097
1257
1059
1098
1258
1060
1099
1259
1061
1100
1260
1062
1101
1261
1063
1102
1262
1064
1103
1263
1065
1104
1264
1066
1105
1265
1067
1106
1266
1068
1107
1267
1069
1108
1268
1070
1109
1269
1071
1110
1270
1072
1111
1271
1073
1112
1272
1074
1113
1273
1075
1114
1274
1076
1115
1275
1077
1116
1276
1078
1117
1277
1079
1118
1278
1119
1279
1081
1120
1280
1082
1121
1281
1083
1122
1282
1084
1123
1283
1085
1124
1284
1086
1125
1285
1087
1126
1286
1088
1127
1287
1089
1128
1288
1090
1129
1289
1091
1130
1290
1092
1131
1291
1093
1132
1292
1094
1133
1293
1095
1134
1294
1096
1135
1295
1097
1136
1296
1098
1137
1297
1099
1138
1298
1100
1139
1299
1101
1140
1300
1102
1141
1301
1103
1142
1302
1104
1143
1303
1105
1144
1304
1106
1145
1305
1107
1146
1306
1108
1147
1307
1109
1148
1308
1110
1149
1309
1111
1150
1310
1112
1151
1311
1113
1152
1312
1114
1153
1313
1115
1154
1314
1116
1155
1315
1117
1156
1316
1118
1157
1317
1119
1158
1318
1159
1319
1121
1160
1320
1122
1161
1321
1123
1162
1322
1124
1163
1323
1125
1164
1324
1126
1165
1325
1127
1166
1326
1128
1167
1327
1129
1168
1328
1130
1169
1329
1131
1170
1330
1132
1171
1331
1133
1172
1332
1134
1173
1333
1135
1174
1334
1136
1175
1335
1137
1176
1336
1138
1177
1337
1139
1178
1338
1140
1179
1339
1141
1180
1340
1142
1181
1341
1143
1182
1342
1144
1183
1343
1145
1184
1344
1146
1185
1345
1147
1186
1346
1148
1187
1347
1149
1188
1348
1150
1189
1349
1151
1190
1350
1152
1191
1351
1153
1192
1352
1154
1193
1353
1155
1194
1354
1156
1195
1355
1157
1196
1356
1158
1197
1357
1159
1198
1358
1199
1359
1161
1360
1162
1361
1163
1362
1164
1363
1165
1364
1166
1365
1167
1366
1168
1367
1169
1368
1170
1369
1171
1370
1172
1371
1173
1372
1174
1373
1175
1374
1176
1375
1177
1376
1178
1377
1179
1378
1180
1379
1181
1380
1182
1381
1183
1382
1184
1383
1185
1384
1186
1385
1187
1386
1188
1387
1189
1388
1190
1389
1191
1390
1192
1391
1193
1392
1194
1393
1195
1394
1196
1395
1197
1396
1198
1397
1199
1398
1399
1201
1240
1400
1202
1241
1401
1203
1242
1402
1204
1243
1403
1205
1244
1404
1206
1245
1405
1207
1246
1406
1208
1247
1407
1209
1248
1408
1210
1249
1409
1211
1250
1410
1212
1251
1411
1213
1252
1412
1214
1253
1413
1215
1254
1414
1216
1255
1415
1217
1256
1416
1218
1257
1417
1219
1258
1418
1220
1259
1419
1221
1260
1420
1222
1261
1421
1223
1262
1422
1224
1263
1423
1225
1264
1424
1226
1265
1425
1227
1266
1426
1228
1267
1427
1229
1268
1428
1230
1269
1429
1231
1270
1430
1232
1271
1431
1233
1272
1432
1234
1273
1433
1235
1274
1434
1236
1275
1435
1237
1276
1436
1238
1277
1437
1239
1278
1438
1279
1439
1241
1280
1440
1242
1281
1441
1243
1282
1442
1244
1283
1443
1245
1284
1444
1246
1285
1445
1247
1286
1446
1248
1287
1447
1249
1288
1448
1250
1289
1449
1251
1290
1450
1252
1291
1451
1253
1292
1452
1254
1293
1453
1255
1294
1454
1256
1295
1455
1257
1296
1456
1258
1297
1457
1259
1298
1458
1260
1299
1459
1261
1300
1460
1262
1301
1461
1263
1302
1462
1264
1303
1463
1265
1304
1464
1266
1305
1465
1267
1306
1466
1268
1307
1467
1269
1308
1468
1270
1309
1469
1271
1310
1470
1272
1311
1471
1273
1312
1472
1274
1313
1473
1275
1314
1474
1276
1315
1475
1277
1316
1476
1278
1317
1477
1279
1318
1478
1319
1479
1281
1320
1480
1282
1321
1481
1283
1322
1482
1284
1323
1483
1285
1324
1484
1286
1325
1485
1287
1326
1486
1288
1327
1487
1289
1328
1488
1290
1329
1489
1291
1330
1490
1292
1331
1491
1293
1332
1492
1294
1333
1493
1295
1334
1494
1296
1335
1495
1297
1336
1496
1298
1337
1497
1299
1338
1498
1300
1339
1499
1301
1340
1500
1302
1341
1501
1303
1342
1502
1304
1343
1503
1305
1344
1504
1306
1345
1505
1307
1346
1506
1308
1347
1507
1309
1348
1508
1310
1349
1509
1311
1350
1510
1312
1351
1511
1313
1352
1512
1314
1353
1513
1315
1354
1514
1316
1355
1515
1317
1356
1516
1318
1357
1517
1319
1358
1518
1359
1519
1321
1360
1520
1322
1361
1521
1323
1362
1522
1324
1363
1523
1325
1364
1524
1326
1365
1525
1327
1366
1526
1328
1367
1527
1329
1368
1528
1330
1369
1529
1331
1370
1530
1332
1371
1531
1333
1372
1532
1334
1373
1533
1335
1374
1534
1336
1375
1535
1337
1376
1536
1338
1377
1537
1339
1378
1538
1340
1379
1539
1341
1380
1540
1342
1381
1541
1343
1382
1542
1344
1383
1543
1345
1384
1544
1346
1385
1545
1347
1386
1546
1348
1387
1547
1349
1388
1548
1350
1389
1549
1351
1390
1550
1352
1391
1551
1353
1392
1552
1354
1393
1553
1355
1394
1554
1356
1395
1555
1357
1396
1556
1358
1397
1557
1359
1398
1558
1399
1559
1361
1560
1362
1561
1363
1562
1364
1563
1365
1564
1366
1565
1367
1566
1368
1567
1369
1568
1370
1569
1371
1570
1372
1571
1373
1572
1374
1573
1375
1574
1376
1575
1377
1576
1378
1577
1379
1578
1380
1579
1381
1580
1382
1581
1383
1582
1384
1583
1385
1584
1386
1585
1387
1586
1388
1587
1389
1588
1390
1589
1391
1590
1392
1591
1393
1592
1394
1593
1395
1594
1396
1595
1397
1596
1398
1597
1399
1598
1599
1401
1440
1600
1402
1441
1601
1403
1442
1602
1404
1443
1603
1405
1444
1604
1406
1445
1605
1407
1446
1606
1408
1447
1607
1409
1448
1608
1410
1449
1609
1411
1450
1610
1412
1451
1611
1413
1452
1612
1414
1453
1613
1415
1454
1614
1416
1455
1615
1417
1456
1616
1418
1457
1617
1419
1458
1618
1420
1459
1619
1421
1460
1620
1422
1461
1621
1423
1462
1622
1424
1463
1623
1425
1464
1624
1426
1465
1625
1427
1466
1626
1428
1467
1627
1429
1468
1628
1430
1469
1629
1431
1470
1630
1432
1471
1631
1433
1472
1632
1434
1473
1633
1435
1474
1634
1436
1475
1635
1437
1476
1636
1438
1477
1637
1439
1478
1638
1479
1639
1441
1480
1640
1442
1481
1641
1443
1482
1642
1444
1483
1643
1445
1484
1644
1446
1485
1645
1447
1486
1646
1448
1487
1647
1449
1488
1648
1450
1489
1649
1451
1490
1650
1452
1491
1651
1453
1492
1652
1454
1493
1653
1455
1494
1654
1456
1495
1655
1457
1496
1656
1458
1497
1657
1459
1498
1658
1460
1499
1659
1461
1500
1660
1462
1501
1661
1463
1502
1662
1464
1503
1663
1465
1504
1664
1466
1505
1665
1467
1506
1666
1468
1507
1667
1469
1508
1668
1470
1509
1669
1471
1510
1670
1472
1511
1671
1473
1512
1672
1474
1513
1673
1475
1514
1674
1476
1515
1675
1477
1516
1676
1478
1517
1677
1479
1518
1678
1519
1679
1481
1520
1680
1482
1521
1681
1483
1522
1682
1484
1523
1683
1485
1524
1684
1486
1525
1685
1487
1526
1686
1488
1527
1687
1489
1528
1688
1490
1529
1689
1491
1530
1690
1492
1531
1691
1493
1532
1692
1494
1533
1693
1495
1534
1694
1496
1535
1695
1497
1536
1696
1498
1537
1697
1499
1538
1698
1500
1539
1699
1501
1540
1700
1502
1541
1701
1503
1542
1702
1504
1543
1703
1505
1544
1704
1506
1545
1705
1507
1546
1706
1508
1547
1707
1509
1548
1708
1510
1549
1709
1511
1550
1710
1512
1551
1711
1513
1552
1712
1514
1553
1713
1515
1554
1714
1516
1555
1715
1517
1556
1716
1518
1557
1717
1519
1558
1718
1559
1719
1521
1560
1720
1522
1561
1721
1523
1562
1722
1524
1563
1723
1525
1564
1724
1526
1565
1725
1527
1566
1726
1528
1567
1727
1529
1568
1728
1530
1569
1729
1531
1570
1730
1532
1571
1731
1533
1572
1732
1534
1573
1733
1535
1574
1734
1536
1575
1735
1537
1576
1736
1538
1577
1737
1539
1578
1738
1540
1579
1739
1541
1580
1740
1542
1581
1741
1543
1582
1742
1544
1583
1743
1545
1584
1744
1546
1585
1745
1547
1586
1746
1548
1587
1747
1549
1588
1748
1550
1589
1749
1551
1590
1750
1552
1591
1751
1553
1592
1752
1554
1593
1753
1555
1594
1754
1556
1595
1755
1557
1596
1756
1558
1597
1757
1559
1598
1758
1599
1759
1561
1760
1562
1761
1563
1762
1564
1763
1565
1764
1566
1765
1567
1766
1568
1767
1569
1768
1570
1769
1571
1770
1572
1771
1573
1772
1574
1773
1575
1774
1576
1775
1577
1776
1578
1777
1579
1778
1580
1779
1581
1780
1582
1781
1583
1782
1584
1783
1585
1784
1586
1785
1587
1786
1588
1787
1589
1788
1590
1789
1591
1790
1592
1791
1593
1792
1594
1793
1595
1794
1596
1795
1597
1796
1598
1797
1599
1798
1799
1601
1640
1800
1602
1641
1801
1603
1642
1802
1604
1643
1803
1605
1644
1804
1606
1645
1805
1607
1646
1806
1608
1647
1807
1609
1648
1808
1610
1649
1809
1611
1650
1810
1612
1651
1811
1613
1652
1812
1614
1653
1813
1615
1654
1814
1616
1655
1815
1617
1656
1816
1618
1657
1817
1619
1658
1818
1620
1659
1819
1621
1660
1820
1622
1661
1821
1623
1662
1822
1624
1663
1823
1625
1664
1824
1626
1665
1825
1627
1666
1826
1628
1667
1827
1629
1668
1828
1630
1669
1829
1631
1670
1830
1632
1671
1831
1633
1672
1832
1634
1673
1833
1635
1674
1834
1636
1675
1835
1637
1676
1836
1638
1677
1837
1639
1678
1838
1679
1839
1641
1680
1840
1642
1681
1841
1643
1682
1842
1644
1683
1843
1645
1684
1844
1646
1685
1845
1647
1686
1846
1648
1687
1847
1649
1688
1848
1650
1689
1849
1651
1690
1850
1652
1691
1851
1653
1692
1852
1654
1693
1853
1655
1694
1854
1656
1695
1855
1657
1696
1856
1658
1697
1857
1659
1698
1858
1660
1699
1859
1661
1700
1860
1662
1701
1861
1663
1702
1862
1664
1703
1863
1665
1704
1864
1666
1705
1865
1667
1706
1866
1668
1707
1867
1669
1708
1868
1670
1709
1869
1671
1710
1870
1672
1711
1871
1673
1712
1872
1674
1713
1873
1675
1714
1874
1676
1715
1875
1677
1716
1876
1678
1717
1877
1679
1718
1878
1719
1879
1681
1720
1880
1682
1721
1881
1683
1722
1882
1684
1723
1883
1685
1724
1884
1686
1725
1885
1687
1726
1886
1688
1727
1887
1689
1728
1888
1690
1729
1889
1691
1730
1890
1692
1731
1891
1693
1732
1892
1694
1733
1893
1695
1734
1894
1696
1735
1895
1697
1736
1896
1698
1737
1897
1699
1738
1898
1700
1739
1899
1701
1740
1900
1702
1741
1901
1703
1742
1902
1704
1743
1903
1705
1744
1904
1706
1745
1905
1707
1746
1906
1708
1747
1907
1709
1748
1908
1710
1749
1909
1711
1750
1910
1712
1751
1911
1713
1752
1912
1714
1753
1913
1715
1754
1914
1716
1755
1915
1717
1756
1916
1718
1757
1917
1719
1758
1918
1759
1919
1721
1760
1920
1722
1761
1921
1723
1762
1922
1724
1763
1923
1725
1764
1924
1726
1765
1925
1727
1766
1926
1728
1767
1927
1729
1768
1928
1730
1769
1929
1731
1770
1930
1732
1771
1931
1733
1772
1932
1734
1773
1933
1735
1774
1934
1736
1775
1935
1737
1776
1936
1738
1777
1937
1739
1778
1938
1740
1779
1939
1741
1780
1940
1742
1781
1941
1743
1782
1942
1744
1783
1943
1745
1784
1944
1746
1785
1945
1747
1786
1946
1748
1787
1947
1749
1788
1948
1750
1789
1949
1751
1790
1950
1752
1791
1951
1753
1792
1952
1754
1793
1953
1755
1794
1954
1756
1795
1955
1757
1796
1956
1758
1797
1957
1759
1798
1958
1799
1959
1761
1960
1762
1961
1763
1962
1764
1963
1765
1964
1766
1965
1767
1966
1768
1967
1769
1968
1770
1969
1771
1970
1772
1971
1773
1972
1774
1973
1775
1974
1776
1975
1777
1976
1778
1977
1779
1978
1780
1979
1781
1980
1782
1981
1783
1982
1784
1983
1785
1984
1786
1985
1787
1986
1788
1987
1789
1988
1790
1989
1791
1990
1792
1991
1793
1992
1794
1993
1795
1994
1796
1995
1797
1996
1798
1997
1799
1998
1999
1801
1840
2000
1802
1841
2001
1803
1842
2002
1804
1843
2003
1805
1844
2004
1806
1845
2005
1807
1846
2006
1808
1847
2007
1809
1848
2008
1810
1849
2009
1811
1850
2010
1812
1851
2011
1813
1852
2012
1814
1853
2013
1815
1854
2014
1816
1855
2015
1817
1856
2016
1818
1857
2017
1819
1858
2018
1820
1859
2019
1821
1860
2020
1822
1861
2021
1823
1862
2022
1824
1863
2023
1825
1864
2024
1826
1865
2025
1827
1866
2026
1828
1867
2027
1829
1868
2028
1830
1869
2029
1831
1870
2030
1832
1871
2031
1833
1872
2032
1834
1873
2033
1835
1874
2034
1836
1875
2035
1837
1876
2036
1838
1877
2037
1839
1878
2038
1879
2039
1841
1880
2040
1842
1881
2041
1843
1882
2042
1844
1883
2043
1845
1884
2044
1846
1885
2045
1847
1886
2046
1848
1887
2047
1849
1888
2048
1850
1889
2049
1851
1890
2050
1852
1891
2051
1853
1892
2052
1854
1893
2053
1855
1894
2054
1856
1895
2055
1857
1896
2056
1858
1897
2057
1859
1898
2058
1860
1899
2059
1861
1900
2060
1862
1901
2061
1863
1902
2062
1864
1903
2063
1865
1904
2064
1866
1905
2065
1867
1906
2066
1868
1907
2067
1869
1908
2068
1870
1909
2069
1871
1910
2070
1872
1911
2071
1873
1912
2072
1874
1913
2073
1875
1914
2074
1876
1915
2075
1877
1916
2076
1878
1917
2077
1879
1918
2078
1919
2079
1881
1920
2080
1882
1921
2081
1883
1922
2082
1884
1923
2083
1885
1924
2084
1886
1925
2085
1887
1926
2086
1888
1927
2087
1889
1928
2088
1890
1929
2089
1891
1930
2090
1892
1931
2091
1893
1932
2092
1894
1933
2093
1895
1934
2094
1896
1935
2095
1897
1936
2096
1898
1937
2097
1899
1938
2098
1900
1939
2099
1901
1940
2100
1902
1941
2101
1903
1942
2102
1904
1943
2103
1905
1944
2104
1906
1945
2105
1907
1946
2106
1908
1947
2107
1909
1948
2108
1910
1949
2109
1911
1950
2110
1912
1951
2111
1913
1952
2112
1914
1953
2113
1915
1954
2114
1916
1955
2115
1917
1956
2116
1918
1957
2117
1919
1958
2118
1959
2119
1921
1960
2120
1922
1961
2121
1923
1962
2122
1924
1963
2123
1925
1964
2124
1926
1965
2125
1927
1966
2126
1928
1967
2127
1929
1968
2128
1930
1969
2129
1931
1970
2130
1932
1971
2131
1933
1972
2132
1934
1973
2133
1935
1974
2134
1936
1975
2135
1937
1976
2136
1938
1977
2137
1939
1978
2138
1940
1979
2139
1941
1980
2140
1942
1981
2141
1943
1982
2142
1944
1983
2143
1945
1984
2144
1946
1985
2145
1947
1986
2146
1948
1987
2147
1949
1988
2148
1950
1989
2149
1951
1990
2150
1952
1991
2151
1953
1992
2152
1954
1993
2153
1955
1994
2154
1956
1995
2155
1957
1996
2156
1958
1997
2157
1959
1998
2158
1999
2159
1961
2160
1962
2161
1963
2162
1964
2163
1965
2164
1966
2165
1967
2166
1968
2167
1969
2168
1970
2169
1971
2170
1972
2171
1973
2172
1974
2173
1975
2174
1976
2175
1977
2176
1978
2177
1979
2178
1980
2179
1981
2180
1982
2181
1983
2182
1984
2183
1985
2184
1986
2185
1987
2186
1988
2187
1989
2188
1990
2189
1991
2190
1992
2191
1993
2192
1994
2193
1995
2194
1996
2195
1997
2196
1998
2197
1999
2198
2199
2001
2040
2200
2002
2041
2201
2003
2042
2202
2004
2043
2203
2005
2044
2204
2006
2045
2205
2007
2046
2206
2008
2047
2207
2009
2048
2208
2010
2049
2209
2011
2050
2210
2012
2051
2211
2013
2052
2212
2014
2053
2213
2015
2054
2214
2016
2055
2215
2017
2056
2216
2018
2057
2217
2019
2058
2218
2020
2059
2219
2021
2060
2220
2022
2061
2221
2023
2062
2222
2024
2063
2223
2025
2064
2224
2026
2065
2225
2027
2066
2226
2028
2067
2227
2029
2068
2228
2030
2069
2229
2031
2070
2230
2032
2071
2231
2033
2072
2232
2034
2073
2233
2035
2074
2234
2036
2075
2235
2037
2076
2236
2038
2077
2237
2039
2078
2238
2079
2239
2041
2080
2240
2042
2081
2241
2043
2082
2242
2044
2083
2243
2045
2084
2244
2046
2085
2245
2047
2086
2246
2048
2087
2247
2049
2088
2248
2050
2089
2249
2051
2090
2250
2052
2091
2251
2053
2092
2252
2054
2093
2253
2055
2094
2254
2056
2095
2255
2057
2096
2256
2058
2097
2257
2059
2098
2258
2060
2099
2259
2061
2100
2260
2062
2101
2261
2063
2102
2262
2064
2103
2263
2065
2104
2264
2066
2105
2265
2067
2106
2266
2068
2107
2267
2069
2108
2268
2070
2109
2269
2071
2110
2270
2072
2111
2271
2073
2112
2272
2074
2113
2273
2075
2114
2274
2076
2115
2275
2077
2116
2276
2078
2117
2277
2079
2118
2278
2119
2279
2081
2120
2280
2082
2121
2281
2083
2122
2282
2084
2123
2283
2085
2124
2284
2086
2125
2285
2087
2126
2286
2088
2127
2287
2089
2128
2288
2090
2129
2289
2091
2130
2290
2092
2131
2291
2093
2132
2292
2094
2133
2293
2095
2134
2294
2096
2135
2295
2097
2136
2296
2098
2137
2297
2099
2138
2298
2100
2139
2299
2101
2140
2300
2102
2141
2301
2103
2142
2302
2104
2143
2303
2105
2144
2304
2106
2145
2305
2107
2146
2306
2108
2147
2307
2109
2148
2308
2110
2149
2309
2111
2150
2310
2112
2151
2311
2113
2152
2312
2114
2153
2313
2115
2154
2314
2116
2155
2315
2117
2156
2316
2118
2157
2317
2119
2158
2318
2159
2319
2121
2160
2320
2122
2161
2321
2123
2162
2322
2124
2163
2323
2125
2164
2324
2126
2165
2325
2127
2166
2326
2128
2167
2327
2129
2168
2328
2130
2169
2329
2131
2170
2330
2132
2171
2331
2133
2172
2332
2134
2173
2333
2135
2174
2334
2136
2175
2335
2137
2176
2336
2138
2177
2337
2139
2178
2338
2140
2179
2339
2141
2180
2340
2142
2181
2341
2143
2182
2342
2144
2183
2343
2145
2184
2344
2146
2185
2345
2147
2186
2346
2148
2187
2347
2149
2188
2348
2150
2189
2349
2151
2190
2350
2152
2191
2351
2153
2192
2352
2154
2193
2353
2155
2194
2354
2156
2195
2355
2157
2196
2356
2158
2197
2357
2159
2198
2358
2199
2359
2161
2360
2162
2361
2163
2362
2164
2363
2165
2364
2166
2365
2167
2366
2168
2367
2169
2368
2170
2369
2171
2370
2172
2371
2173
2372
2174
2373
2175
2374
2176
2375
2177
2376
2178
2377
2179
2378
2180
2379
2181
2380
2182
2381
2183
2382
2184
2383
2185
2384
2186
2385
2187
2386
2188
2387
2189
2388
2190
2389
2191
2390
2192
2391
2193
2392
2194
2393
2195
2394
2196
2395
2197
2396
2198
2397
2199
2398
2399
2201
2240
2400
2202
2241
2401
2203
2242
2402
2204
2243
2403
2205
2244
2404
2206
2245
2405
2207
2246
2406
2208
2247
2407
2209
2248
2408
2210
2249
2409
2211
2250
2410
2212
2251
2411
2213
2252
2412
2214
2253
2413
2215
2254
2414
2216
2255
2415
2217
2256
2416
2218
2257
2417
2219
2258
2418
2220
2259
2419
2221
2260
2420
2222
2261
2421
2223
2262
2422
2224
2263
2423
2225
2264
2424
2226
2265
2425
2227
2266
2426
2228
2267
2427
2229
2268
2428
2230
2269
2429
2231
2270
2430
2232
2271
2431
2233
2272
2432
2234
2273
2433
2235
2274
2434
2236
2275
2435
2237
2276
2436
2238
2277
2437
2239
2278
2438
2279
2439
2241
2280
2440
2242
2281
2441
2243
2282
2442
2244
2283
2443
2245
2284
2444
2246
2285
2445
2247
2286
2446
2248
2287
2447
2249
2288
2448
2250
2289
2449
2251
2290
2450
2252
2291
2451
2253
2292
2452
2254
2293
2453
2255
2294
2454
2256
2295
2455
2257
2296
2456
2258
2297
2457
2259
2298
2458
2260
2299
2459
2261
2300
2460
2262
2301
2461
2263
2302
2462
2264
2303
2463
2265
2304
2464
2266
2305
2465
2267
2306
2466
2268
2307
2467
2269
2308
2468
2270
2309
2469
2271
2310
2470
2272
2311
2471
2273
2312
2472
2274
2313
2473
2275
2314
2474
2276
2315
2475
2277
2316
2476
2278
2317
2477
2279
2318
2478
2319
2479
2281
2320
2480
2282
2321
2481
2283
2322
2482
2284
2323
2483
2285
2324
2484
2286
2325
2485
2287
2326
2486
2288
2327
2487
2289
2328
2488
2290
2329
2489
2291
2330
2490
2292
2331
2491
2293
2332
2492
2294
2333
2493
2295
2334
2494
2296
2335
2495
2297
2336
2496
2298
2337
2497
2299
2338
2498
2300
2339
2499
2301
2340
2500
2302
2341
2501
2303
2342
2502
2304
2343
2503
2305
2344
2504
2306
2345
2505
2307
2346
2506
2308
2347
2507
2309
2348
2508
2310
2349
2509
2311
2350
2510
2312
2351
2511
2313
2352
2512
2314
2353
2513
2315
2354
2514
2316
2355
2515
2317
2356
2516
2318
2357
2517
2319
2358
2518
2359
2519
2321
2360
2520
2322
2361
2521
2323
2362
2522
2324
2363
2523
2325
2364
2524
2326
2365
2525
2327
2366
2526
2328
2367
2527
2329
2368
2528
2330
2369
2529
2331
2370
2530
2332
2371
2531
2333
2372
2532
2334
2373
2533
2335
2374
2534
2336
2375
2535
2337
2376
2536
2338
2377
2537
2339
2378
2538
2340
2379
2539
2341
2380
2540
2342
2381
2541
2343
2382
2542
2344
2383
2543
2345
2384
2544
2346
2385
2545
2347
2386
2546
2348
2387
2547
2349
2388
2548
2350
2389
2549
2351
2390
2550
2352
2391
2551
2353
2392
2552
2354
2393
2553
2355
2394
2554
2356
2395
2555
2357
2396
2556
2358
2397
2557
2359
2398
2558
2399
2559
2361
2560
2362
2561
2363
2562
2364
2563
2365
2564
2366
2565
2367
2566
2368
2567
2369
2568
2370
2569
2371
2570
2372
2571
2373
2572
2374
2573
2375
2574
2376
2575
2377
2576
2378
2577
2379
2578
2380
2579
2381
2580
2382
2581
2383
2582
2384
2583
2385
2584
2386
2585
2387
2586
2388
2587
2389
2588
2390
2589
2391
2590
2392
2591
2393
2592
2394
2593
2395
2594
2396
2595
2397
2596
2398
2597
2399
2598
2599
2401
2440
2600
2402
2441
2601
2403
2442
2602
2404
2443
2603
2405
2444
2604
2406
2445
2605
2407
2446
2606
2408
2447
2607
2409
2448
2608
2410
2449
2609
2411
2450
2610
2412
2451
2611
2413
2452
2612
2414
2453
2613
2415
2454
2614
2416
2455
2615
2417
2456
2616
2418
2457
2617
2419
2458
2618
2420
2459
2619
2421
2460
2620
2422
2461
2621
2423
2462
2622
2424
2463
2623
2425
2464
2624
2426
2465
2625
2427
2466
2626
2428
2467
2627
2429
2468
2628
2430
2469
2629
2431
2470
2630
2432
2471
2631
2433
2472
2632
2434
2473
2633
2435
2474
2634
2436
2475
2635
2437
2476
2636
2438
2477
2637
2439
2478
2638
2479
2639
2441
2480
2640
2442
2481
2641
2443
2482
2642
2444
2483
2643
2445
2484
2644
2446
2485
2645
2447
2486
2646
2448
2487
2647
2449
2488
2648
2450
2489
2649
2451
2490
2650
2452
2491
2651
2453
2492
2652
2454
2493
2653
2455
2494
2654
2456
2495
2655
2457
2496
2656
2458
2497
2657
2459
2498
2658
2460
2499
2659
2461
2500
2660
2462
2501
2661
2463
2502
2662
2464
2503
2663
2465
2504
2664
2466
2505
2665
2467
2506
2666
2468
2507
2667
2469
2508
2668
2470
2509
2669
2471
2510
2670
2472
2511
2671
2473
2512
2672
2474
2513
2673
2475
2514
2674
2476
2515
2675
2477
2516
2676
2478
2517
2677
2479
2518
2678
2519
2679
2481
2520
2680
2482
2521
2681
2483
2522
2682
2484
2523
2683
2485
2524
2684
2486
2525
2685
2487
2526
2686
2488
2527
2687
2489
2528
2688
2490
2529
2689
2491
2530
2690
2492
2531
2691
2493
2532
2692
2494
2533
2693
2495
2534
2694
2496
2535
2695
2497
2536
2696
2498
2537
2697
2499
2538
2698
2500
2539
2699
2501
2540
2700
2502
2541
2701
2503
2542
2702
2504
2543
2703
2505
2544
2704
2506
2545
2705
2507
2546
2706
2508
2547
2707
2509
2548
2708
2510
2549
2709
2511
2550
2710
2512
2551
2711
2513
2552
2712
2514
2553
2713
2515
2554
2714
2516
2555
2715
2517
2556
2716
2518
2557
2717
2519
2558
2718
2559
2719
2521
2560
2720
2522
2561
2721
2523
2562
2722
2524
2563
2723
2525
2564
2724
2526
2565
2725
2527
2566
2726
2528
2567
2727
2529
2568
2728
2530
2569
2729
2531
2570
2730
2532
2571
2731
2533
2572
2732
2534
2573
2733
2535
2574
2734
2536
2575
2735
2537
2576
2736
2538
2577
2737
2539
2578
2738
2540
2579
2739
2541
2580
2740
2542
2581
2741
2543
2582
2742
2544
2583
2743
2545
2584
2744
2546
2585
2745
2547
2586
2746
2548
2587
2747
2549
2588
2748
2550
2589
2749
2551
2590
2750
2552
2591
2751
2553
2592
2752
2554
2593
2753
2555
2594
2754
2556
2595
2755
2557
2596
2756
2558
2597
2757
2559
2598
2758
2599
2759
2561
2760
2562
2761
2563
2762
2564
2763
2565
2764
2566
2765
2567
2766
2568
2767
2569
2768
2570
2769
2571
2770
2572
2771
2573
2772
2574
2773
2575
2774
2576
2775
2577
2776
2578
2777
2579
2778
2580
2779
2581
2780
2582
2781
2583
2782
2584
2783
2585
2784
2586
2785
2587
2786
2588
2787
2589
2788
2590
2789
2591
2790
2592
2791
2593
2792
2594
2793
2595
2794
2596
2795
2597
2796
2598
2797
2599
2798
2799
2601
2640
2800
2602
2641
2801
2603
2642
2802
2604
2643
2803
2605
2644
2804
2606
2645
2805
2607
2646
2806
2608
2647
2807
2609
2648
2808
2610
2649
2809
2611
2650
2810
2612
2651
2811
2613
2652
2812
2614
2653
2813
2615
2654
2814
2616
2655
2815
2617
2656
2816
2618
2657
2817
2619
2658
2818
2620
2659
2819
2621
2660
2820
2622
2661
2821
2623
2662
2822
2624
2663
2823
2625
2664
2824
2626
2665
2825
2627
2666
2826
2628
2667
2827
2629
2668
2828
2630
2669
2829
2631
2670
2830
2632
2671
2831
2633
2672
2832
2634
2673
2833
2635
2674
2834
2636
2675
2835
2637
2676
2836
2638
2677
2837
2639
2678
2838
2679
2839
2641
2680
2840
2642
2681
2841
2643
2682
2842
2644
2683
2843
2645
2684
2844
2646
2685
2845
2647
2686
2846
2648
2687
2847
2649
2688
2848
2650
2689
2849
2651
2690
2850
2652
2691
2851
2653
2692
2852
2654
2693
2853
2655
2694
2854
2656
2695
2855
2657
2696
2856
2658
2697
2857
2659
2698
2858
2660
2699
2859
2661
2700
2860
2662
2701
2861
2663
2702
2862
2664
2703
2863
2665
2704
2864
2666
2705
2865
2667
2706
2866
2668
2707
2867
2669
2708
2868
2670
2709
2869
2671
2710
2870
2672
2711
2871
2673
2712
2872
2674
2713
2873
2675
2714
2874
2676
2715
2875
2677
2716
2876
2678
2717
2877
2679
2718
2878
2719
2879
2681
2720
2880
2682
2721
2881
2683
2722
2882
2684
2723
2883
2685
2724
2884
2686
2725
2885
2687
2726
2886
2688
2727
2887
2689
2728
2888
2690
2729
2889
2691
2730
2890
2692
2731
2891
2693
2732
2892
2694
2733
2893
2695
2734
2894
2696
2735
2895
2697
2736
2896
2698
2737
2897
2699
2738
2898
2700
2739
2899
2701
2740
2900
2702
2741
2901
2703
2742
2902
2704
2743
2903
2705
2744
2904
2706
2745
2905
2707
2746
2906
2708
2747
2907
2709
2748
2908
2710
2749
2909
2711
2750
2910
2712
2751
2911
2713
2752
2912
2714
2753
2913
2715
2754
2914
2716
2755
2915
2717
2756
2916
2718
2757
2917
2719
2758
2918
2759
2919
2721
2760
2920
2722
2761
2921
2723
2762
2922
2724
2763
2923
2725
2764
2924
2726
2765
2925
2727
2766
2926
2728
2767
2927
2729
2768
2928
2730
2769
2929
2731
2770
2930
2732
2771
2931
2733
2772
2932
2734
2773
2933
2735
2774
2934
2736
2775
2935
2737
2776
2936
2738
2777
2937
2739
2778
2938
2740
2779
2939
2741
2780
2940
2742
2781
2941
2743
2782
2942
2744
2783
2943
2745
2784
2944
2746
2785
2945
2747
2786
2946
2748
2787
2947
2749
2788
2948
2750
2789
2949
2751
2790
2950
2752
2791
2951
2753
2792
2952
2754
2793
2953
2755
2794
2954
2756
2795
2955
2757
2796
2956
2758
2797
2957
2759
2798
2958
2799
2959
2761
2960
2762
2961
2763
2962
2764
2963
2765
2964
2766
2965
2767
2966
2768
2967
2769
2968
2770
2969
2771
2970
2772
2971
2773
2972
2774
2973
2775
2974
2776
2975
2777
2976
2778
2977
2779
2978
2780
2979
2781
2980
2782
2981
2783
2982
2784
2983
2785
2984
2786
2985
2787
2986
2788
2987
2789
2988
2790
2989
2791
2990
2792
2991
2793
2992
2794
2993
2795
2994
2796
2995
2797
2996
2798
2997
2799
2998
2999
2801
2840
3000
2802
2841
3001
2803
2842
3002
2804
2843
3003
2805
2844
3004
2806
2845
3005
2807
2846
3006
2808
2847
3007
2809
2848
3008
2810
2849
3009
2811
2850
3010
2812
2851
3011
2813
2852
3012
2814
2853
3013
2815
2854
3014
2816
2855
3015
2817
2856
3016
2818
2857
3017
2819
2858
3018
2820
2859
3019
2821
2860
3020
2822
2861
3021
2823
2862
3022
2824
2863
3023
2825
2864
3024
2826
2865
3025
2827
2866
3026
2828
2867
3027
2829
2868
3028
2830
2869
3029
2831
2870
3030
2832
2871
3031
2833
2872
3032
2834
2873
3033
2835
2874
3034
2836
2875
3035
2837
2876
3036
2838
2877
3037
2839
2878
3038
2879
3039
2841
2880
3040
2842
2881
3041
2843
2882
3042
2844
2883
3043
2845
2884
3044
2846
2885
3045
2847
2886
3046
2848
2887
3047
2849
2888
3048
2850
2889
3049
2851
2890
3050
2852
2891
3051
2853
2892
3052
2854
2893
3053
2855
2894
3054
2856
2895
3055
2857
2896
3056
2858
2897
3057
2859
2898
3058
2860
2899
3059
2861
2900
3060
2862
2901
3061
2863
2902
3062
2864
2903
3063
2865
2904
3064
2866
2905
3065
2867
2906
3066
2868
2907
3067
2869
2908
3068
2870
2909
3069
2871
2910
3070
2872
2911
3071
2873
2912
3072
2874
2913
3073
2875
2914
3074
2876
2915
3075
2877
2916
3076
2878
2917
3077
2879
2918
3078
2919
3079
2881
2920
3080
2882
2921
3081
2883
2922
3082
2884
2923
3083
2885
2924
3084
2886
2925
3085
2887
2926
3086
2888
2927
3087
2889
2928
3088
2890
2929
3089
2891
2930
3090
2892
2931
3091
2893
2932
3092
2894
2933
3093
2895
2934
3094
2896
2935
3095
2897
2936
3096
2898
2937
3097
2899
2938
3098
2900
2939
3099
2901
2940
3100
2902
2941
3101
2903
2942
3102
2904
2943
3103
2905
2944
3104
2906
2945
3105
2907
2946
3106
2908
2947
3107
2909
2948
3108
2910
2949
3109
2911
2950
3110
2912
2951
3111
2913
2952
3112
2914
2953
3113
2915
2954
3114
2916
2955
3115
2917
2956
3116
2918
2957
3117
2919
2958
3118
2959
3119
2921
2960
3120
2922
2961
3121
2923
2962
3122
2924
2963
3123
2925
2964
3124
2926
2965
3125
2927
2966
3126
2928
2967
3127
2929
2968
3128
2930
2969
3129
2931
2970
3130
2932
2971
3131
2933
2972
3132
2934
2973
3133
2935
2974
3134
2936
2975
3135
2937
2976
3136
2938
2977
3137
2939
2978
3138
2940
2979
3139
2941
2980
3140
2942
2981
3141
2943
2982
3142
2944
2983
3143
2945
2984
3144
2946
2985
3145
2947
2986
3146
2948
2987
3147
2949
2988
3148
2950
2989
3149
2951
2990
3150
2952
2991
3151
2953
2992
3152
2954
2993
3153
2955
2994
3154
2956
2995
3155
2957
2996
3156
2958
2997
3157
2959
2998
3158
2999
3159
2961
3160
2962
3161
2963
3162
2964
3163
2965
3164
2966
3165
2967
3166
2968
3167
2969
3168
2970
3169
2971
3170
2972
3171
2973
3172
2974
3173
2975
3174
2976
3175
2977
3176
2978
3177
2979
3178
2980
3179
2981
3180
2982
3181
2983
3182
2984
3183
2985
3184
2986
3185
2987
3186
2988
3187
2989
3188
2990
3189
2991
3190
2992
3191
2993
3192
2994
3193
2995
3194
2996
3195
2997
3196
2998
3197
2999
3198
3199
3001
3040
3200
3002
3041
3201
3003
3042
3202
3004
3043
3203
3005
3044
3204
3006
3045
3205
3007
3046
3206
3008
3047
3207
3009
3048
3208
3010
3049
3209
3011
3050
3210
3012
3051
3211
3013
3052
3212
3014
3053
3213
3015
3054
3214
3016
3055
3215
3017
3056
3216
3018
3057
3217
3019
3058
3218
3020
3059
3219
3021
3060
3220
3022
3061
3221
3023
3062
3222
3024
3063
3223
3025
3064
3224
3026
3065
3225
3027
3066
3226
3028
3067
3227
3029
3068
3228
3030
3069
3229
3031
3070
3230
3032
3071
3231
3033
3072
3232
3034
3073
3233
3035
3074
3234
3036
3075
3235
3037
3076
3236
3038
3077
3237
3039
3078
3238
3079
3239
3041
3080
3240
3042
3081
3241
3043
3082
3242
3044
3083
3243
3045
3084
3244
3046
3085
3245
3047
3086
3246
3048
3087
3247
3049
3088
3248
3050
3089
3249
3051
3090
3250
3052
3091
3251
3053
3092
3252
3054
3093
3253
3055
3094
3254
3056
3095
3255
3057
3096
3256
3058
3097
3257
3059
3098
3258
3060
3099
3259
3061
3100
3260
3062
3101
3261
3063
3102
3262
3064
3103
3263
3065
3104
3264
3066
3105
3265
3067
3106
3266
3068
3107
3267
3069
3108
3268
3070
3109
3269
3071
3110
3270
3072
3111
3271
3073
3112
3272
3074
3113
3273
3075
3114
3274
3076
3115
3275
3077
3116
3276
3078
3117
3277
3079
3118
3278
3119
3279
3081
3120
3280
3082
3121
3281
3083
3122
3282
3084
3123
3283
3085
3124
3284
3086
3125
3285
3087
3126
3286
3088
3127
3287
3089
3128
3288
3090
3129
3289
3091
3130
3290
3092
3131
3291
3093
3132
3292
3094
3133
3293
3095
3134
3294
3096
3135
3295
3097
3136
3296
3098
3137
3297
3099
3138
3298
3100
3139
3299
3101
3140
3300
3102
3141
3301
3103
3142
3302
3104
3143
3303
3105
3144
3304
3106
3145
3305
3107
3146
3306
3108
3147
3307
3109
3148
3308
3110
3149
3309
3111
3150
3310
3112
3151
3311
3113
3152
3312
3114
3153
3313
3115
3154
3314
3116
3155
3315
3117
3156
3316
3118
3157
3317
3119
3158
3318
3159
3319
3121
3160
3320
3122
3161
3321
3123
3162
3322
3124
3163
3323
3125
3164
3324
3126
3165
3325
3127
3166
3326
3128
3167
3327
3129
3168
3328
3130
3169
3329
3131
3170
3330
3132
3171
3331
3133
3172
3332
3134
3173
3333
3135
3174
3334
3136
3175
3335
3137
3176
3336
3138
3177
3337
3139
3178
3338
3140
3179
3339
3141
3180
3340
3142
3181
3341
3143
3182
3342
3144
3183
3343
3145
3184
3344
3146
3185
3345
3147
3186
3346
3148
3187
3347
3149
3188
3348
3150
3189
3349
3151
3190
3350
3152
3191
3351
3153
3192
3352
3154
3193
3353
3155
3194
3354
3156
3195
3355
3157
3196
3356
3158
3197
3357
3159
3198
3358
3199
3359
3161
3360
3162
3361
3163
3362
3164
3363
3165
3364
3166
3365
3167
3366
3168
3367
3169
3368
3170
3369
3171
3370
3172
3371
3173
3372
3174
3373
3175
3374
3176
3375
3177
3376
3178
3377
3179
3378
3180
3379
3181
3380
3182
3381
3183
3382
3184
3383
3185
3384
3186
3385
3187
3386
3188
3387
3189
3388
3190
3389
3191
3390
3192
3391
3193
3392
3194
3393
3195
3394
3196
3395
3197
3396
3198
3397
3199
3398
3399
3201
3240
3400
3202
3241
3401
3203
3242
3402
3204
3243
3403
3205
3244
3404
3206
3245
3405
3207
3246
3406
3208
3247
3407
3209
3248
3408
3210
3249
3409
3211
3250
3410
3212
3251
3411
3213
3252
3412
3214
3253
3413
3215
3254
3414
3216
3255
3415
3217
3256
3416
3218
3257
3417
3219
3258
3418
3220
3259
3419
3221
3260
3420
3222
3261
3421
3223
3262
3422
3224
3263
3423
3225
3264
3424
3226
3265
3425
3227
3266
3426
3228
3267
3427
3229
3268
3428
3230
3269
3429
3231
3270
3430
3232
3271
3431
3233
3272
3432
3234
3273
3433
3235
3274
3434
3236
3275
3435
3237
3276
3436
3238
3277
3437
3239
3278
3438
3279
3439
3241
3280
3440
3242
3281
3441
3243
3282
3442
3244
3283
3443
3245
3284
3444
3246
3285
3445
3247
3286
3446
3248
3287
3447
3249
3288
3448
3250
3289
3449
3251
3290
3450
3252
3291
3451
3253
3292
3452
3254
3293
3453
3255
3294
3454
3256
3295
3455
3257
3296
3456
3258
3297
3457
3259
3298
3458
3260
3299
3459
3261
3300
3460
3262
3301
3461
3263
3302
3462
3264
3303
3463
3265
3304
3464
3266
3305
3465
3267
3306
3466
3268
3307
3467
3269
3308
3468
3270
3309
3469
3271
3310
3470
3272
3311
3471
3273
3312
3472
3274
3313
3473
3275
3314
3474
3276
3315
3475
3277
3316
3476
3278
3317
3477
3279
3318
3478
3319
3479
3281
3320
3480
3282
3321
3481
3283
3322
3482
3284
3323
3483
3285
3324
3484
3286
3325
3485
3287
3326
3486
3288
3327
3487
3289
3328
3488
3290
3329
3489
3291
3330
3490
3292
3331
3491
3293
3332
3492
3294
3333
3493
3295
3334
3494
3296
3335
3495
3297
3336
3496
3298
3337
3497
3299
3338
3498
3300
3339
3499
3301
3340
3500
3302
3341
3501
3303
3342
3502
3304
3343
3503
3305
3344
3504
3306
3345
3505
3307
3346
3506
3308
3347
3507
3309
3348
3508
3310
3349
3509
3311
3350
3510
3312
3351
3511
3313
3352
3512
3314
3353
3513
3315
3354
3514
3316
3355
3515
3317
3356
3516
3318
3357
3517
3319
3358
3518
3359
3519
3321
3360
3520
3322
3361
3521
3323
3362
3522
3324
3363
3523
3325
3364
3524
3326
3365
3525
3327
3366
3526
3328
3367
3527
3329
3368
3528
3330
3369
3529
3331
3370
3530
3332
3371
3531
3333
3372
3532
3334
3373
3533
3335
3374
3534
3336
3375
3535
3337
3376
3536
3338
3377
3537
3339
3378
3538
3340
3379
3539
3341
3380
3540
3342
3381
3541
3343
3382
3542
3344
3383
3543
3345
3384
3544
3346
3385
3545
3347
3386
3546
3348
3387
3547
3349
3388
3548
3350
3389
3549
3351
3390
3550
3352
3391
3551
3353
3392
3552
3354
3393
3553
3355
3394
3554
3356
3395
3555
3357
3396
3556
3358
3397
3557
3359
3398
3558
3399
3559
3361
3560
3362
3561
3363
3562
3364
3563
3365
3564
3366
3565
3367
3566
3368
3567
3369
3568
3370
3569
3371
3570
3372
3571
3373
3572
3374
3573
3375
3574
3376
3575
3377
3576
3378
3577
3379
3578
3380
3579
3381
3580
3382
3581
3383
3582
3384
3583
3385
3584
3386
3585
3387
3586
3388
3587
3389
3588
3390
3589
3391
3590
3392
3591
3393
3592
3394
3593
3395
3594
3396
3595
3397
3596
3398
3597
3399
3598
3599
3401
3440
3600
3402
3441
3601
3403
3442
3602
3404
3443
3603
3405
3444
3604
3406
3445
3605
3407
3446
3606
3408
3447
3607
3409
3448
3608
3410
3449
3609
3411
3450
3610
3412
3451
3611
3413
3452
3612
3414
3453
3613
3415
3454
3614
3416
3455
3615
3417
3456
3616
3418
3457
3617
3419
3458
3618
3420
3459
3619
3421
3460
3620
3422
3461
3621
3423
3462
3622
3424
3463
3623
3425
3464
3624
3426
3465
3625
3427
3466
3626
3428
3467
3627
3429
3468
3628
3430
3469
3629
3431
3470
3630
3432
3471
3631
3433
3472
3632
3434
3473
3633
3435
3474
3634
3436
3475
3635
3437
3476
3636
3438
3477
3637
3439
3478
3638
3479
3639
3441
3480
3640
3442
3481
3641
3443
3482
3642
3444
3483
3643
3445
3484
3644
3446
3485
3645
3447
3486
3646
3448
3487
3647
3449
3488
3648
3450
3489
3649
3451
3490
3650
3452
3491
3651
3453
3492
3652
3454
3493
3653
3455
3494
3654
3456
3495
3655
3457
3496
3656
3458
3497
3657
3459
3498
3658
3460
3499
3659
3461
3500
3660
3462
3501
3661
3463
3502
3662
3464
3503
3663
3465
3504
3664
3466
3505
3665
3467
3506
3666
3468
3507
3667
3469
3508
3668
3470
3509
3669
3471
3510
3670
3472
3511
3671
3473
3512
3672
3474
3513
3673
3475
3514
3674
3476
3515
3675
3477
3516
3676
3478
3517
3677
3479
3518
3678
3519
3679
3481
3520
3680
3482
3521
3681
3483
3522
3682
3484
3523
3683
3485
3524
3684
3486
3525
3685
3487
3526
3686
3488
3527
3687
3489
3528
3688
3490
3529
3689
3491
3530
3690
3492
3531
3691
3493
3532
3692
3494
3533
3693
3495
3534
3694
3496
3535
3695
3497
3536
3696
3498
3537
3697
3499
3538
3698
3500
3539
3699
3501
3540
3700
3502
3541
3701
3503
3542
3702
3504
3543
3703
3505
3544
3704
3506
3545
3705
3507
3546
3706
3508
3547
3707
3509
3548
3708
3510
3549
3709
3511
3550
3710
3512
3551
3711
3513
3552
3712
3514
3553
3713
3515
3554
3714
3516
3555
3715
3517
3556
3716
3518
3557
3717
3519
3558
3718
3559
3719
3521
3560
3720
3522
3561
3721
3523
3562
3722
3524
3563
3723
3525
3564
3724
3526
3565
3725
3527
3566
3726
3528
3567
3727
3529
3568
3728
3530
3569
3729
3531
3570
3730
3532
3571
3731
3533
3572
3732
3534
3573
3733
3535
3574
3734
3536
3575
3735
3537
3576
3736
3538
3577
3737
3539
3578
3738
3540
3579
3739
3541
3580
3740
3542
3581
3741
3543
3582
3742
3544
3583
3743
3545
3584
3744
3546
3585
3745
3547
3586
3746
3548
3587
3747
3549
3588
3748
3550
3589
3749
3551
3590
3750
3552
3591
3751
3553
3592
3752
3554
3593
3753
3555
3594
3754
3556
3595
3755
3557
3596
3756
3558
3597
3757
3559
3598
3758
3599
3759
3561
3760
3562
3761
3563
3762
3564
3763
3565
3764
3566
3765
3567
3766
3568
3767
3569
3768
3570
3769
3571
3770
3572
3771
3573
3772
3574
3773
3575
3774
3576
3775
3577
3776
3578
3777
3579
3778
3580
3779
3581
3780
3582
3781
3583
3782
3584
3783
3585
3784
3586
3785
3587
3786
3588
3787
3589
3788
3590
3789
3591
3790
3592
3791
3593
3792
3594
3793
3595
3794
3596
3795
3597
3796
3598
3797
3599
3798
3799
3601
3640
3800
3602
3641
3801
3603
3642
3802
3604
3643
3803
3605
3644
3804
3606
3645
3805
3607
3646
3806
3608
3647
3807
3609
3648
3808
3610
3649
3809
3611
3650
3810
3612
3651
3811
3613
3652
3812
3614
3653
3813
3615
3654
3814
3616
3655
3815
3617
3656
3816
3618
3657
3817
3619
3658
3818
3620
3659
3819
3621
3660
3820
3622
3661
3821
3623
3662
3822
3624
3663
3823
3625
3664
3824
3626
3665
3825
3627
3666
3826
3628
3667
3827
3629
3668
3828
3630
3669
3829
3631
3670
3830
3632
3671
3831
3633
3672
3832
3634
3673
3833
3635
3674
3834
3636
3675
3835
3637
3676
3836
3638
3677
3837
3639
3678
3838
3679
3839
3641
3680
3840
3642
3681
3841
3643
3682
3842
3644
3683
3843
3645
3684
3844
3646
3685
3845
3647
3686
3846
3648
3687
3847
3649
3688
3848
3650
3689
3849
3651
3690
3850
3652
3691
3851
3653
3692
3852
3654
3693
3853
3655
3694
3854
3656
3695
3855
3657
3696
3856
3658
3697
3857
3659
3698
3858
3660
3699
3859
3661
3700
3860
3662
3701
3861
3663
3702
3862
3664
3703
3863
3665
3704
3864
3666
3705
3865
3667
3706
3866
3668
3707
3867
3669
3708
3868
3670
3709
3869
3671
3710
3870
3672
3711
3871
3673
3712
3872
3674
3713
3873
3675
3714
3874
3676
3715
3875
3677
3716
3876
3678
3717
3877
3679
3718
3878
3719
3879
3681
3720
3880
3682
3721
3881
3683
3722
3882
3684
3723
3883
3685
3724
3884
3686
3725
3885
3687
3726
3886
3688
3727
3887
3689
3728
3888
3690
3729
3889
3691
3730
3890
3692
3731
3891
3693
3732
3892
3694
3733
3893
3695
3734
3894
3696
3735
3895
3697
3736
3896
3698
3737
3897
3699
3738
3898
3700
3739
3899
3701
3740
3900
3702
3741
3901
3703
3742
3902
3704
3743
3903
3705
3744
3904
3706
3745
3905
3707
3746
3906
3708
3747
3907
3709
3748
3908
3710
3749
3909
3711
3750
3910
3712
3751
3911
3713
3752
3912
3714
3753
3913
3715
3754
3914
3716
3755
3915
3717
3756
3916
3718
3757
3917
3719
3758
3918
3759
3919
3721
3760
3920
3722
3761
3921
3723
3762
3922
3724
3763
3923
3725
3764
3924
3726
3765
3925
3727
3766
3926
3728
3767
3927
3729
3768
3928
3730
3769
3929
3731
3770
3930
3732
3771
3931
3733
3772
3932
3734
3773
3933
3735
3774
3934
3736
3775
3935
3737
3776
3936
3738
3777
3937
3739
3778
3938
3740
3779
3939
3741
3780
3940
3742
3781
3941
3743
3782
3942
3744
3783
3943
3745
3784
3944
3746
3785
3945
3747
3786
3946
3748
3787
3947
3749
3788
3948
3750
3789
3949
3751
3790
3950
3752
3791
3951
3753
3792
3952
3754
3793
3953
3755
3794
3954
3756
3795
3955
3757
3796
3956
3758
3797
3957
3759
3798
3958
3799
3959
3761
3960
3762
3961
3763
3962
3764
3963
3765
3964
3766
3965
3767
3966
3768
3967
3769
3968
3770
3969
3771
3970
3772
3971
3773
3972
3774
3973
3775
3974
3776
3975
3777
3976
3778
3977
3779
3978
3780
3979
3781
3980
3782
3981
3783
3982
3784
3983
3785
3984
3786
3985
3787
3986
3788
3987
3789
3988
3790
3989
3791
3990
3792
3991
3793
3992
3794
3993
3795
3994
3796
3995
3797
3996
3798
3997
3799
3998
3999
3801
3840
4000
3802
3841
4001
3803
3842
4002
3804
3843
4003
3805
3844
4004
3806
3845
4005
3807
3846
4006
3808
3847
4007
3809
3848
4008
3810
3849
4009
3811
3850
4010
3812
3851
4011
3813
3852
4012
3814
3853
4013
3815
3854
4014
3816
3855
4015
3817
3856
4016
3818
3857
4017
3819
3858
4018
3820
3859
4019
3821
3860
4020
3822
3861
4021
3823
3862
4022
3824
3863
4023
3825
3864
4024
3826
3865
4025
3827
3866
4026
3828
3867
4027
3829
3868
4028
3830
3869
4029
3831
3870
4030
3832
3871
4031
3833
3872
4032
3834
3873
4033
3835
3874
4034
3836
3875
4035
3837
3876
4036
3838
3877
4037
3839
3878
4038
3879
4039
3841
3880
4040
3842
3881
4041
3843
3882
4042
3844
3883
4043
3845
3884
4044
3846
3885
4045
3847
3886
4046
3848
3887
4047
3849
3888
4048
3850
3889
4049
3851
3890
4050
3852
3891
4051
3853
3892
4052
3854
3893
4053
3855
3894
4054
3856
3895
4055
3857
3896
4056
3858
3897
4057
3859
3898
4058
3860
3899
4059
3861
3900
4060
3862
3901
4061
3863
3902
4062
3864
3903
4063
3865
3904
4064
3866
3905
4065
3867
3906
4066
3868
3907
4067
3869
3908
4068
3870
3909
4069
3871
3910
4070
3872
3911
4071
3873
3912
4072
3874
3913
4073
3875
3914
4074
3876
3915
4075
3877
3916
4076
3878
3917
4077
3879
3918
4078
3919
4079
3881
3920
4080
3882
3921
4081
3883
3922
4082
3884
3923
4083
3885
3924
4084
3886
3925
4085
3887
3926
4086
3888
3927
4087
3889
3928
4088
3890
3929
4089
3891
3930
4090
3892
3931
4091
3893
3932
4092
3894
3933
4093
3895
3934
4094
3896
3935
4095
3897
3936
4096
3898
3937
4097
3899
3938
4098
3900
3939
4099
3901
3940
4100
3902
3941
4101
3903
3942
4102
3904
3943
4103
3905
3944
4104
3906
3945
4105
3907
3946
4106
3908
3947
4107
3909
3948
4108
3910
3949
4109
3911
3950
4110
3912
3951
4111
3913
3952
4112
3914
3953
4113
3915
3954
4114
3916
3955
4115
3917
3956
4116
3918
3957
4117
3919
3958
4118
3959
4119
3921
3960
4120
3922
3961
4121
3923
3962
4122
3924
3963
4123
3925
3964
4124
3926
3965
4125
3927
3966
4126
3928
3967
4127
3929
3968
4128
3930
3969
4129
3931
3970
4130
3932
3971
4131
3933
3972
4132
3934
3973
4133
3935
3974
4134
3936
3975
4135
3937
3976
4136
3938
3977
4137
3939
3978
4138
3940
3979
4139
3941
3980
4140
3942
3981
4141
3943
3982
4142
3944
3983
4143
3945
3984
4144
3946
3985
4145
3947
3986
4146
3948
3987
4147
3949
3988
4148
3950
3989
4149
3951
3990
4150
3952
3991
4151
3953
3992
4152
3954
3993
4153
3955
3994
4154
3956
3995
4155
3957
3996
4156
3958
3997
4157
3959
3998
4158
3999
4159
3961
4160
3962
4161
3963
4162
3964
4163
3965
4164
3966
4165
3967
4166
3968
4167
3969
4168
3970
4169
3971
4170
3972
4171
3973
4172
3974
4173
3975
4174
3976
4175
3977
4176
3978
4177
3979
4178
3980
4179
3981
4180
3982
4181
3983
4182
3984
4183
3985
4184
3986
4185
3987
4186
3988
4187
3989
4188
3990
4189
3991
4190
3992
4191
3993
4192
3994
4193
3995
4194
3996
4195
3997
4196
3998
4197
3999
4198
4199
4001
4040
4200
4002
4041
4201
4003
4042
4202
4004
4043
4203
4005
4044
4204
4006
4045
4205
4007
4046
4206
4008
4047
4207
4009
4048
4208
4010
4049
4209
4011
4050
4210
4012
4051
4211
4013
4052
4212
4014
4053
4213
4015
4054
4214
4016
4055
4215
4017
4056
4216
4018
4057
4217
4019
4058
4218
4020
4059
4219
4021
4060
4220
4022
4061
4221
4023
4062
4222
4024
4063
4223
4025
4064
4224
4026
4065
4225
4027
4066
4226
4028
4067
4227
4029
4068
4228
4030
4069
4229
4031
4070
4230
4032
4071
4231
4033
4072
4232
4034
4073
4233
4035
4074
4234
4036
4075
4235
4037
4076
4236
4038
4077
4237
4039
4078
4238
4079
4239
4041
4080
4240
4042
4081
4241
4043
4082
4242
4044
4083
4243
4045
4084
4244
4046
4085
4245
4047
4086
4246
4048
4087
4247
4049
4088
4248
4050
4089
4249
4051
4090
4250
4052
4091
4251
4053
4092
4252
4054
4093
4253
4055
4094
4254
4056
4095
4255
4057
4096
4256
4058
4097
4257
4059
4098
4258
4060
4099
4259
4061
4100
4260
4062
4101
4261
4063
4102
4262
4064
4103
4263
4065
4104
4264
4066
4105
4265
4067
4106
4266
4068
4107
4267
4069
4108
4268
4070
4109
4269
4071
4110
4270
4072
4111
4271
4073
4112
4272
4074
4113
4273
4075
4114
4274
4076
4115
4275
4077
4116
4276
4078
4117
4277
4079
4118
4278
4119
4279
4081
4120
4280
4082
4121
4281
4083
4122
4282
4084
4123
4283
4085
4124
4284
4086
4125
4285
4087
4126
4286
4088
4127
4287
4089
4128
4288
4090
4129
4289
4091
4130
4290
4092
4131
4291
4093
4132
4292
4094
4133
4293
4095
4134
4294
4096
4135
4295
4097
4136
4296
4098
4137
4297
4099
4138
4298
4100
4139
4299
4101
4140
4300
4102
4141
4301
4103
4142
4302
4104
4143
4303
4105
4144
4304
4106
4145
4305
4107
4146
4306
4108
4147
4307
4109
4148
4308
4110
4149
4309
4111
4150
4310
4112
4151
4311
4113
4152
4312
4114
4153
4313
4115
4154
4314
4116
4155
4315
4117
4156
4316
4118
4157
4317
4119
4158
4318
4159
4319
4121
4160
4320
4122
4161
4321
4123
4162
4322
4124
4163
4323
4125
4164
4324
4126
4165
4325
4127
4166
4326
4128
4167
4327
4129
4168
4328
4130
4169
4329
4131
4170
4330
4132
4171
4331
4133
4172
4332
4134
4173
4333
4135
4174
4334
4136
4175
4335
4137
4176
4336
4138
4177
4337
4139
4178
4338
4140
4179
4339
4141
4180
4340
4142
4181
4341
4143
4182
4342
4144
4183
4343
4145
4184
4344
4146
4185
4345
4147
4186
4346
4148
4187
4347
4149
4188
4348
4150
4189
4349
4151
4190
4350
4152
4191
4351
4153
4192
4352
4154
4193
4353
4155
4194
4354
4156
4195
4355
4157
4196
4356
4158
4197
4357
4159
4198
4358
4199
4359
4161
4360
4162
4361
4163
4362
4164
4363
4165
4364
4166
4365
4167
4366
4168
4367
4169
4368
4170
4369
4171
4370
4172
4371
4173
4372
4174
4373
4175
4374
4176
4375
4177
4376
4178
4377
4179
4378
4180
4379
4181
4380
4182
4381
4183
4382
4184
4383
4185
4384
4186
4385
4187
4386
4188
4387
4189
4388
4190
4389
4191
4390
4192
4391
4193
4392
4194
4393
4195
4394
4196
4395
4197
4396
4198
4397
4199
4398
4399
4201
4240
4400
4202
4241
4401
4203
4242
4402
4204
4243
4403
4205
4244
4404
4206
4245
4405
4207
4246
4406
4208
4247
4407
4209
4248
4408
4210
4249
4409
4211
4250
4410
4212
4251
4411
4213
4252
4412
4214
4253
4413
4215
4254
4414
4216
4255
4415
4217
4256
4416
4218
4257
4417
4219
4258
4418
4220
4259
4419
4221
4260
4420
4222
4261
4421
4223
4262
4422
4224
4263
4423
4225
4264
4424
4226
4265
4425
4227
4266
4426
4228
4267
4427
4229
4268
4428
4230
4269
4429
4231
4270
4430
4232
4271
4431
4233
4272
4432
4234
4273
4433
4235
4274
4434
4236
4275
4435
4237
4276
4436
4238
4277
4437
4239
4278
4438
4279
4439
4241
4280
4440
4242
4281
4441
4243
4282
4442
4244
4283
4443
4245
4284
4444
4246
4285
4445
4247
4286
4446
4248
4287
4447
4249
4288
4448
4250
4289
4449
4251
4290
4450
4252
4291
4451
4253
4292
4452
4254
4293
4453
4255
4294
4454
4256
4295
4455
4257
4296
4456
4258
4297
4457
4259
4298
4458
4260
4299
4459
4261
4300
4460
4262
4301
4461
4263
4302
4462
4264
4303
4463
4265
4304
4464
4266
4305
4465
4267
4306
4466
4268
4307
4467
4269
4308
4468
4270
4309
4469
4271
4310
4470
4272
4311
4471
4273
4312
4472
4274
4313
4473
4275
4314
4474
4276
4315
4475
4277
4316
4476
4278
4317
4477
4279
4318
4478
4319
4479
4281
4320
4480
4282
4321
4481
4283
4322
4482
4284
4323
4483
4285
4324
4484
4286
4325
4485
4287
4326
4486
4288
4327
4487
4289
4328
4488
4290
4329
4489
4291
4330
4490
4292
4331
4491
4293
4332
4492
4294
4333
4493
4295
4334
4494
4296
4335
4495
4297
4336
4496
4298
4337
4497
4299
4338
4498
4300
4339
4499
4301
4340
4500
4302
4341
4501
4303
4342
4502
4304
4343
4503
4305
4344
4504
4306
4345
4505
4307
4346
4506
4308
4347
4507
4309
4348
4508
4310
4349
4509
4311
4350
4510
4312
4351
4511
4313
4352
4512
4314
4353
4513
4315
4354
4514
4316
4355
4515
4317
4356
4516
4318
4357
4517
4319
4358
4518
4359
4519
4321
4360
4520
4322
4361
4521
4323
4362
4522
4324
4363
4523
4325
4364
4524
4326
4365
4525
4327
4366
4526
4328
4367
4527
4329
4368
4528
4330
4369
4529
4331
4370
4530
4332
4371
4531
4333
4372
4532
4334
4373
4533
4335
4374
4534
4336
4375
4535
4337
4376
4536
4338
4377
4537
4339
4378
4538
4340
4379
4539
4341
4380
4540
4342
4381
4541
4343
4382
4542
4344
4383
4543
4345
4384
4544
4346
4385
4545
4347
4386
4546
4348
4387
4547
4349
4388
4548
4350
4389
4549
4351
4390
4550
4352
4391
4551
4353
4392
4552
4354
4393
4553
4355
4394
4554
4356
4395
4555
4357
4396
4556
4358
4397
4557
4359
4398
4558
4399
4559
4361
4560
4362
4561
4363
4562
4364
4563
4365
4564
4366
4565
4367
4566
4368
4567
4369
4568
4370
4569
4371
4570
4372
4571
4373
4572
4374
4573
4375
4574
4376
4575
4377
4576
4378
4577
4379
4578
4380
4579
4381
4580
4382
4581
4383
4582
4384
4583
4385
4584
4386
4585
4387
4586
4388
4587
4389
4588
4390
4589
4391
4590
4392
4591
4393
4592
4394
4593
4395
4594
4396
4595
4397
4596
4398
4597
4399
4598
4599
4401
4440
4600
4402
4441
4601
4403
4442
4602
4404
4443
4603
4405
4444
4604
4406
4445
4605
4407
4446
4606
4408
4447
4607
4409
4448
4608
4410
4449
4609
4411
4450
4610
4412
4451
4611
4413
4452
4612
4414
4453
4613
4415
4454
4614
4416
4455
4615
4417
4456
4616
4418
4457
4617
4419
4458
4618
4420
4459
4619
4421
4460
4620
4422
4461
4621
4423
4462
4622
4424
4463
4623
4425
4464
4624
4426
4465
4625
4427
4466
4626
4428
4467
4627
4429
4468
4628
4430
4469
4629
4431
4470
4630
4432
4471
4631
4433
4472
4632
4434
4473
4633
4435
4474
4634
4436
4475
4635
4437
4476
4636
4438
4477
4637
4439
4478
4638
4479
4639
4441
4480
4640
4442
4481
4641
4443
4482
4642
4444
4483
4643
4445
4484
4644
4446
4485
4645
4447
4486
4646
4448
4487
4647
4449
4488
4648
4450
4489
4649
4451
4490
4650
4452
4491
4651
4453
4492
4652
4454
4493
4653
4455
4494
4654
4456
4495
4655
4457
4496
4656
4458
4497
4657
4459
4498
4658
4460
4499
4659
4461
4500
4660
4462
4501
4661
4463
4502
4662
4464
4503
4663
4465
4504
4664
4466
4505
4665
4467
4506
4666
4468
4507
4667
4469
4508
4668
4470
4509
4669
4471
4510
4670
4472
4511
4671
4473
4512
4672
4474
4513
4673
4475
4514
4674
4476
4515
4675
4477
4516
4676
4478
4517
4677
4479
4518
4678
4519
4679
4481
4520
4680
4482
4521
4681
4483
4522
4682
4484
4523
4683
4485
4524
4684
4486
4525
4685
4487
4526
4686
4488
4527
4687
4489
4528
4688
4490
4529
4689
4491
4530
4690
4492
4531
4691
4493
4532
4692
4494
4533
4693
4495
4534
4694
4496
4535
4695
4497
4536
4696
4498
4537
4697
4499
4538
4698
4500
4539
4699
4501
4540
4700
4502
4541
4701
4503
4542
4702
4504
4543
4703
4505
4544
4704
4506
4545
4705
4507
4546
4706
4508
4547
4707
4509
4548
4708
4510
4549
4709
4511
4550
4710
4512
4551
4711
4513
4552
4712
4514
4553
4713
4515
4554
4714
4516
4555
4715
4517
4556
4716
4518
4557
4717
4519
4558
4718
4559
4719
4521
4560
4720
4522
4561
4721
4523
4562
4722
4524
4563
4723
4525
4564
4724
4526
4565
4725
4527
4566
4726
4528
4567
4727
4529
4568
4728
4530
4569
4729
4531
4570
4730
4532
4571
4731
4533
4572
4732
4534
4573
4733
4535
4574
4734
4536
4575
4735
4537
4576
4736
4538
4577
4737
4539
4578
4738
4540
4579
4739
4541
4580
4740
4542
4581
4741
4543
4582
4742
4544
4583
4743
4545
4584
4744
4546
4585
4745
4547
4586
4746
4548
4587
4747
4549
4588
4748
4550
4589
4749
4551
4590
4750
4552
4591
4751
4553
4592
4752
4554
4593
4753
4555
4594
4754
4556
4595
4755
4557
4596
4756
4558
4597
4757
4559
4598
4758
4599
4759
4561
4760
4562
4761
4563
4762
4564
4763
4565
4764
4566
4765
4567
4766
4568
4767
4569
4768
4570
4769
4571
4770
4572
4771
4573
4772
4574
4773
4575
4774
4576
4775
4577
4776
4578
4777
4579
4778
4580
4779
4581
4780
4582
4781
4583
4782
4584
4783
4585
4784
4586
4785
4587
4786
4588
4787
4589
4788
4590
4789
4591
4790
4592
4791
4593
4792
4594
4793
4595
4794
4596
4795
4597
4796
4598
4797
4599
4798
4799
4601
4640
4800
4602
4641
4801
4603
4642
4802
4604
4643
4803
4605
4644
4804
4606
4645
4805
4607
4646
4806
4608
4647
4807
4609
4648
4808
4610
4649
4809
4611
4650
4810
4612
4651
4811
4613
4652
4812
4614
4653
4813
4615
4654
4814
4616
4655
4815
4617
4656
4816
4618
4657
4817
4619
4658
4818
4620
4659
4819
4621
4660
4820
4622
4661
4821
4623
4662
4822
4624
4663
4823
4625
4664
4824
4626
4665
4825
4627
4666
4826
4628
4667
4827
4629
4668
4828
4630
4669
4829
4631
4670
4830
4632
4671
4831
4633
4672
4832
4634
4673
4833
4635
4674
4834
4636
4675
4835
4637
4676
4836
4638
4677
4837
4639
4678
4838
4679
4839
4641
4680
4840
4642
4681
4841
4643
4682
4842
4644
4683
4843
4645
4684
4844
4646
4685
4845
4647
4686
4846
4648
4687
4847
4649
4688
4848
4650
4689
4849
4651
4690
4850
4652
4691
4851
4653
4692
4852
4654
4693
4853
4655
4694
4854
4656
4695
4855
4657
4696
4856
4658
4697
4857
4659
4698
4858
4660
4699
4859
4661
4700
4860
4662
4701
4861
4663
4702
4862
4664
4703
4863
4665
4704
4864
4666
4705
4865
4667
4706
4866
4668
4707
4867
4669
4708
4868
4670
4709
4869
4671
4710
4870
4672
4711
4871
4673
4712
4872
4674
4713
4873
4675
4714
4874
4676
4715
4875
4677
4716
4876
4678
4717
4877
4679
4718
4878
4719
4879
4681
4720
4880
4682
4721
4881
4683
4722
4882
4684
4723
4883
4685
4724
4884
4686
4725
4885
4687
4726
4886
4688
4727
4887
4689
4728
4888
4690
4729
4889
4691
4730
4890
4692
4731
4891
4693
4732
4892
4694
4733
4893
4695
4734
4894
4696
4735
4895
4697
4736
4896
4698
4737
4897
4699
4738
4898
4700
4739
4899
4701
4740
4900
4702
4741
4901
4703
4742
4902
4704
4743
4903
4705
4744
4904
4706
4745
4905
4707
4746
4906
4708
4747
4907
4709
4748
4908
4710
4749
4909
4711
4750
4910
4712
4751
4911
4713
4752
4912
4714
4753
4913
4715
4754
4914
4716
4755
4915
4717
4756
4916
4718
4757
4917
4719
4758
4918
4759
4919
4721
4760
4920
4722
4761
4921
4723
4762
4922
4724
4763
4923
4725
4764
4924
4726
4765
4925
4727
4766
4926
4728
4767
4927
4729
4768
4928
4730
4769
4929
4731
4770
4930
4732
4771
4931
4733
4772
4932
4734
4773
4933
4735
4774
4934
4736
4775
4935
4737
4776
4936
4738
4777
4937
4739
4778
4938
4740
4779
4939
4741
4780
4940
4742
4781
4941
4743
4782
4942
4744
4783
4943
4745
4784
4944
4746
4785
4945
4747
4786
4946
4748
4787
4947
4749
4788
4948
4750
4789
4949
4751
4790
4950
4752
4791
4951
4753
4792
4952
4754
4793
4953
4755
4794
4954
4756
4795
4955
4757
4796
4956
4758
4797
4957
4759
4798
4958
4799
4959
4761
4960
4762
4961
4763
4962
4764
4963
4765
4964
4766
4965
4767
4966
4768
4967
4769
4968
4770
4969
4771
4970
4772
4971
4773
4972
4774
4973
4775
4974
4776
4975
4777
4976
4778
4977
4779
4978
4780
4979
4781
4980
4782
4981
4783
4982
4784
4983
4785
4984
4786
4985
4787
4986
4788
4987
4789
4988
4790
4989
4791
4990
4792
4991
4793
4992
4794
4993
4795
4994
4796
4995
4797
4996
4798
4997
4799
4998
4999
4801
4840
5000
4802
4841
5001
4803
4842
5002
4804
4843
5003
4805
4844
5004
4806
4845
5005
4807
4846
5006
4808
4847
5007
4809
4848
5008
4810
4849
5009
4811
4850
5010
4812
4851
5011
4813
4852
5012
4814
4853
5013
4815
4854
5014
4816
4855
5015
4817
4856
5016
4818
4857
5017
4819
4858
5018
4820
4859
5019
4821
4860
5020
4822
4861
5021
4823
4862
5022
4824
4863
5023
4825
4864
5024
4826
4865
5025
4827
4866
5026
4828
4867
5027
4829
4868
5028
4830
4869
5029
4831
4870
5030
4832
4871
5031
4833
4872
5032
4834
4873
5033
4835
4874
5034
4836
4875
5035
4837
4876
5036
4838
4877
5037
4839
4878
5038
4879
5039
4841
4880
5040
4842
4881
5041
4843
4882
5042
4844
4883
5043
4845
4884
5044
4846
4885
5045
4847
4886
5046
4848
4887
5047
4849
4888
5048
4850
4889
5049
4851
4890
5050
4852
4891
5051
4853
4892
5052
4854
4893
5053
4855
4894
5054
4856
4895
5055
4857
4896
5056
4858
4897
5057
4859
4898
5058
4860
4899
5059
4861
4900
5060
4862
4901
5061
4863
4902
5062
4864
4903
5063
4865
4904
5064
4866
4905
5065
4867
4906
5066
4868
4907
5067
4869
4908
5068
4870
4909
5069
4871
4910
5070
4872
4911
5071
4873
4912
5072
4874
4913
5073
4875
4914
5074
4876
4915
5075
4877
4916
5076
4878
4917
5077
4879
4918
5078
4919
5079
4881
4920
5080
4882
4921
5081
4883
4922
5082
4884
4923
5083
4885
4924
5084
4886
4925
5085
4887
4926
5086
4888
4927
5087
4889
4928
5088
4890
4929
5089
4891
4930
5090
4892
4931
5091
4893
4932
5092
4894
4933
5093
4895
4934
5094
4896
4935
5095
4897
4936
5096
4898
4937
5097
4899
4938
5098
4900
4939
5099
4901
4940
5100
4902
4941
5101
4903
4942
5102
4904
4943
5103
4905
4944
5104
4906
4945
5105
4907
4946
5106
4908
4947
5107
4909
4948
5108
4910
4949
5109
4911
4950
5110
4912
4951
5111
4913
4952
5112
4914
4953
5113
4915
4954
5114
4916
4955
5115
4917
4956
5116
4918
4957
5117
4919
4958
5118
4959
5119
4921
4960
5120
4922
4961
5121
4923
4962
5122
4924
4963
5123
4925
4964
5124
4926
4965
5125
4927
4966
5126
4928
4967
5127
4929
4968
5128
4930
4969
5129
4931
4970
5130
4932
4971
5131
4933
4972
5132
4934
4973
5133
4935
4974
5134
4936
4975
5135
4937
4976
5136
4938
4977
5137
4939
4978
5138
4940
4979
5139
4941
4980
5140
4942
4981
5141
4943
4982
5142
4944
4983
5143
4945
4984
5144
4946
4985
5145
4947
4986
5146
4948
4987
5147
4949
4988
5148
4950
4989
5149
4951
4990
5150
4952
4991
5151
4953
4992
5152
4954
4993
5153
4955
4994
5154
4956
4995
5155
4957
4996
5156
4958
4997
5157
4959
4998
5158
4999
5159
4961
5160
4962
5161
4963
5162
4964
5163
4965
5164
4966
5165
4967
5166
4968
5167
4969
5168
4970
5169
4971
5170
4972
5171
4973
5172
4974
5173
4975
5174
4976
5175
4977
5176
4978
5177
4979
5178
4980
5179
4981
5180
4982
5181
4983
5182
4984
5183
4985
5184
4986
5185
4987
5186
4988
5187
4989
5188
4990
5189
4991
5190
4992
5191
4993
5192
4994
5193
4995
5194
4996
5195
4997
5196
4998
5197
4999
5198
5199
5001
5040
5200
5002
5041
5201
5003
5042
5202
5004
5043
5203
5005
5044
5204
5006
5045
5205
5007
5046
5206
5008
5047
5207
5009
5048
5208
5010
5049
5209
5011
5050
5210
5012
5051
5211
5013
5052
5212
5014
5053
5213
5015
5054
5214
5016
5055
5215
5017
5056
5216
5018
5057
5217
5019
5058
5218
5020
5059
5219
5021
5060
5220
5022
5061
5221
5023
5062
5222
5024
5063
5223
5025
5064
5224
5026
5065
5225
5027
5066
5226
5028
5067
5227
5029
5068
5228
5030
5069
5229
5031
5070
5230
5032
5071
5231
5033
5072
5232
5034
5073
5233
5035
5074
5234
5036
5075
5235
5037
5076
5236
5038
5077
5237
5039
5078
5238
5079
5239
5041
5080
5240
5042
5081
5241
5043
5082
5242
5044
5083
5243
5045
5084
5244
5046
5085
5245
5047
5086
5246
5048
5087
5247
5049
5088
5248
5050
5089
5249
5051
5090
5250
5052
5091
5251
5053
5092
5252
5054
5093
5253
5055
5094
5254
5056
5095
5255
5057
5096
5256
5058
5097
5257
5059
5098
5258
5060
5099
5259
5061
5100
5260
5062
5101
5261
5063
5102
5262
5064
5103
5263
5065
5104
5264
5066
5105
5265
5067
5106
5266
5068
5107
5267
5069
5108
5268
5070
5109
5269
5071
5110
5270
5072
5111
5271
5073
5112
5272
5074
5113
5273
5075
5114
5274
5076
5115
5275
5077
5116
5276
5078
5117
5277
5079
5118
5278
5119
5279
5081
5120
5280
5082
5121
5281
5083
5122
5282
5084
5123
5283
5085
5124
5284
5086
5125
5285
5087
5126
5286
5088
5127
5287
5089
5128
5288
5090
5129
5289
5091
5130
5290
5092
5131
5291
5093
5132
5292
5094
5133
5293
5095
5134
5294
5096
5135
5295
5097
5136
5296
5098
5137
5297
5099
5138
5298
5100
5139
5299
5101
5140
5300
5102
5141
5301
5103
5142
5302
5104
5143
5303
5105
5144
5304
5106
5145
5305
5107
5146
5306
5108
5147
5307
5109
5148
5308
5110
5149
5309
5111
5150
5310
5112
5151
5311
5113
5152
5312
5114
5153
5313
5115
5154
5314
5116
5155
5315
5117
5156
5316
5118
5157
5317
5119
5158
5318
5159
5319
5121
5160
5320
5122
5161
5321
5123
5162
5322
5124
5163
5323
5125
5164
5324
5126
5165
5325
5127
5166
5326
5128
5167
5327
5129
5168
5328
5130
5169
5329
5131
5170
5330
5132
5171
5331
5133
5172
5332
5134
5173
5333
5135
5174
5334
5136
5175
5335
5137
5176
5336
5138
5177
5337
5139
5178
5338
5140
5179
5339
5141
5180
5340
5142
5181
5341
5143
5182
5342
5144
5183
5343
5145
5184
5344
5146
5185
5345
5147
5186
5346
5148
5187
5347
5149
5188
5348
5150
5189
5349
5151
5190
5350
5152
5191
5351
5153
5192
5352
5154
5193
5353
5155
5194
5354
5156
5195
5355
5157
5196
5356
5158
5197
5357
5159
5198
5358
5199
5359
5161
5360
5162
5361
5163
5362
5164
5363
5165
5364
5166
5365
5167
5366
5168
5367
5169
5368
5170
5369
5171
5370
5172
5371
5173
5372
5174
5373
5175
5374
5176
5375
5177
5376
5178
5377
5179
5378
5180
5379
5181
5380
5182
5381
5183
5382
5184
5383
5185
5384
5186
5385
5187
5386
5188
5387
5189
5388
5190
5389
5191
5390
5192
5391
5193
5392
5194
5393
5195
5394
5196
5395
5197
5396
5198
5397
5199
5398
5399
5201
5240
5400
5202
5241
5401
5203
5242
5402
5204
5243
5403
5205
5244
5404
5206
5245
5405
5207
5246
5406
5208
5247
5407
5209
5248
5408
5210
5249
5409
5211
5250
5410
5212
5251
5411
5213
5252
5412
5214
5253
5413
5215
5254
5414
5216
5255
5415
5217
5256
5416
5218
5257
5417
5219
5258
5418
5220
5259
5419
5221
5260
5420
5222
5261
5421
5223
5262
5422
5224
5263
5423
5225
5264
5424
5226
5265
5425
5227
5266
5426
5228
5267
5427
5229
5268
5428
5230
5269
5429
5231
5270
5430
5232
5271
5431
5233
5272
5432
5234
5273
5433
5235
5274
5434
5236
5275
5435
5237
5276
5436
5238
5277
5437
5239
5278
5438
5279
5439
5241
5280
5440
5242
5281
5441
5243
5282
5442
5244
5283
5443
5245
5284
5444
5246
5285
5445
5247
5286
5446
5248
5287
5447
5249
5288
5448
5250
5289
5449
5251
5290
5450
5252
5291
5451
5253
5292
5452
5254
5293
5453
5255
5294
5454
5256
5295
5455
5257
5296
5456
5258
5297
5457
5259
5298
5458
5260
5299
5459
5261
5300
5460
5262
5301
5461
5263
5302
5462
5264
5303
5463
5265
5304
5464
5266
5305
5465
5267
5306
5466
5268
5307
5467
5269
5308
5468
5270
5309
5469
5271
5310
5470
5272
5311
5471
5273
5312
5472
5274
5313
5473
5275
5314
5474
5276
5315
5475
5277
5316
5476
5278
5317
5477
5279
5318
5478
5319
5479
5281
5320
5480
5282
5321
5481
5283
5322
5482
5284
5323
5483
5285
5324
5484
5286
5325
5485
5287
5326
5486
5288
5327
5487
5289
5328
5488
5290
5329
5489
5291
5330
5490
5292
5331
5491
5293
5332
5492
5294
5333
5493
5295
5334
5494
5296
5335
5495
5297
5336
5496
5298
5337
5497
5299
5338
5498
5300
5339
5499
5301
5340
5500
5302
5341
5501
5303
5342
5502
5304
5343
5503
5305
5344
5504
5306
5345
5505
5307
5346
5506
5308
5347
5507
5309
5348
5508
5310
5349
5509
5311
5350
5510
5312
5351
5511
5313
5352
5512
5314
5353
5513
5315
5354
5514
5316
5355
5515
5317
5356
5516
5318
5357
5517
5319
5358
5518
5359
5519
5321
5360
5520
5322
5361
5521
5323
5362
5522
5324
5363
5523
5325
5364
5524
5326
5365
5525
5327
5366
5526
5328
5367
5527
5329
5368
5528
5330
5369
5529
5331
5370
5530
5332
5371
5531
5333
5372
5532
5334
5373
5533
5335
5374
5534
5336
5375
5535
5337
5376
5536
5338
5377
5537
5339
5378
5538
5340
5379
5539
5341
5380
5540
5342
5381
5541
5343
5382
5542
5344
5383
5543
5345
5384
5544
5346
5385
5545
5347
5386
5546
5348
5387
5547
5349
5388
5548
5350
5389
5549
5351
5390
5550
5352
5391
5551
5353
5392
5552
5354
5393
5553
5355
5394
5554
5356
5395
5555
5357
5396
5556
5358
5397
5557
5359
5398
5558
5399
5559
5361
5560
5362
5561
5363
5562
5364
5563
5365
5564
5366
5565
5367
5566
5368
5567
5369
5568
5370
5569
5371
5570
5372
5571
5373
5572
5374
5573
5375
5574
5376
5575
5377
5576
5378
5577
5379
5578
5380
5579
5381
5580
5382
5581
5383
5582
5384
5583
5385
5584
5386
5585
5387
5586
5388
5587
5389
5588
5390
5589
5391
5590
5392
5591
5393
5592
5394
5593
5395
5594
5396
5595
5397
5596
5398
5597
5399
5598
5599
5401
5440
5600
5402
5441
5601
5403
5442
5602
5404
5443
5603
5405
5444
5604
5406
5445
5605
5407
5446
5606
5408
5447
5607
5409
5448
5608
5410
5449
5609
5411
5450
5610
5412
5451
5611
5413
5452
5612
5414
5453
5613
5415
5454
5614
5416
5455
5615
5417
5456
5616
5418
5457
5617
5419
5458
5618
5420
5459
5619
5421
5460
5620
5422
5461
5621
5423
5462
5622
5424
5463
5623
5425
5464
5624
5426
5465
5625
5427
5466
5626
5428
5467
5627
5429
5468
5628
5430
5469
5629
5431
5470
5630
5432
5471
5631
5433
5472
5632
5434
5473
5633
5435
5474
5634
5436
5475
5635
5437
5476
5636
5438
5477
5637
5439
5478
5638
5479
5639
5441
5480
5640
5442
5481
5641
5443
5482
5642
5444
5483
5643
5445
5484
5644
5446
5485
5645
5447
5486
5646
5448
5487
5647
5449
5488
5648
5450
5489
5649
5451
5490
5650
5452
5491
5651
5453
5492
5652
5454
5493
5653
5455
5494
5654
5456
5495
5655
5457
5496
5656
5458
5497
5657
5459
5498
5658
5460
5499
5659
5461
5500
5660
5462
5501
5661
5463
5502
5662
5464
5503
5663
5465
5504
5664
5466
5505
5665
5467
5506
5666
5468
5507
5667
5469
5508
5668
5470
5509
5669
5471
5510
5670
5472
5511
5671
5473
5512
5672
5474
5513
5673
5475
5514
5674
5476
5515
5675
5477
5516
5676
5478
5517
5677
5479
5518
5678
5519
5679
5481
5520
5680
5482
5521
5681
5483
5522
5682
5484
5523
5683
5485
5524
5684
5486
5525
5685
5487
5526
5686
5488
5527
5687
5489
5528
5688
5490
5529
5689
5491
5530
5690
5492
5531
5691
5493
5532
5692
5494
5533
5693
5495
5534
5694
5496
5535
5695
5497
5536
5696
5498
5537
5697
5499
5538
5698
5500
5539
5699
5501
5540
5700
5502
5541
5701
5503
5542
5702
5504
5543
5703
5505
5544
5704
5506
5545
5705
5507
5546
5706
5508
5547
5707
5509
5548
5708
5510
5549
5709
5511
5550
5710
5512
5551
5711
5513
5552
5712
5514
5553
5713
5515
5554
5714
5516
5555
5715
5517
5556
5716
5518
5557
5717
5519
5558
5718
5559
5719
5521
5560
5720
5522
5561
5721
5523
5562
5722
5524
5563
5723
5525
5564
5724
5526
5565
5725
5527
5566
5726
5528
5567
5727
5529
5568
5728
5530
5569
5729
5531
5570
5730
5532
5571
5731
5533
5572
5732
5534
5573
5733
5535
5574
5734
5536
5575
5735
5537
5576
5736
5538
5577
5737
5539
5578
5738
5540
5579
5739
5541
5580
5740
5542
5581
5741
5543
5582
5742
5544
5583
5743
5545
5584
5744
5546
5585
5745
5547
5586
5746
5548
5587
5747
5549
5588
5748
5550
5589
5749
5551
5590
5750
5552
5591
5751
5553
5592
5752
5554
5593
5753
5555
5594
5754
5556
5595
5755
5557
5596
5756
5558
5597
5757
5559
5598
5758
5599
5759
5561
5760
5562
5761
5563
5762
5564
5763
5565
5764
5566
5765
5567
5766
5568
5767
5569
5768
5570
5769
5571
5770
5572
5771
5573
5772
5574
5773
5575
5774
5576
5775
5577
5776
5578
5777
5579
5778
5580
5779
5581
5780
5582
5781
5583
5782
5584
5783
5585
5784
5586
5785
5587
5786
5588
5787
5589
5788
5590
5789
5591
5790
5592
5791
5593
5792
5594
5793
5595
5794
5596
5795
5597
5796
5598
5797
5599
5798
5799
5601
5640
5800
5602
5641
5801
5603
5642
5802
5604
5643
5803
5605
5644
5804
5606
5645
5805
5607
5646
5806
5608
5647
5807
5609
5648
5808
5610
5649
5809
5611
5650
5810
5612
5651
5811
5613
5652
5812
5614
5653
5813
5615
5654
5814
5616
5655
5815
5617
5656
5816
5618
5657
5817
5619
5658
5818
5620
5659
5819
5621
5660
5820
5622
5661
5821
5623
5662
5822
5624
5663
5823
5625
5664
5824
5626
5665
5825
5627
5666
5826
5628
5667
5827
5629
5668
5828
5630
5669
5829
5631
5670
5830
5632
5671
5831
5633
5672
5832
5634
5673
5833
5635
5674
5834
5636
5675
5835
5637
5676
5836
5638
5677
5837
5639
5678
5838
5679
5839
5641
5680
5840
5642
5681
5841
5643
5682
5842
5644
5683
5843
5645
5684
5844
5646
5685
5845
5647
5686
5846
5648
5687
5847
5649
5688
5848
5650
5689
5849
5651
5690
5850
5652
5691
5851
5653
5692
5852
5654
5693
5853
5655
5694
5854
5656
5695
5855
5657
5696
5856
5658
5697
5857
5659
5698
5858
5660
5699
5859
5661
5700
5860
5662
5701
5861
5663
5702
5862
5664
5703
5863
5665
5704
5864
5666
5705
5865
5667
5706
5866
5668
5707
5867
5669
5708
5868
5670
5709
5869
5671
5710
5870
5672
5711
5871
5673
5712
5872
5674
5713
5873
5675
5714
5874
5676
5715
5875
5677
5716
5876
5678
5717
5877
5679
5718
5878
5719
5879
5681
5720
5880
5682
5721
5881
5683
5722
5882
5684
5723
5883
5685
5724
5884
5686
5725
5885
5687
5726
5886
5688
5727
5887
5689
5728
5888
5690
5729
5889
5691
5730
5890
5692
5731
5891
5693
5732
5892
5694
5733
5893
5695
5734
5894
5696
5735
5895
5697
5736
5896
5698
5737
5897
5699
5738
5898
5700
5739
5899
5701
5740
5900
5702
5741
5901
5703
5742
5902
5704
5743
5903
5705
5744
5904
5706
5745
5905
5707
5746
5906
5708
5747
5907
5709
5748
5908
5710
5749
5909
5711
5750
5910
5712
5751
5911
5713
5752
5912
5714
5753
5913
5715
5754
5914
5716
5755
5915
5717
5756
5916
5718
5757
5917
5719
5758
5918
5759
5919
5721
5760
5920
5722
5761
5921
5723
5762
5922
5724
5763
5923
5725
5764
5924
5726
5765
5925
5727
5766
5926
5728
5767
5927
5729
5768
5928
5730
5769
5929
5731
5770
5930
5732
5771
5931
5733
5772
5932
5734
5773
5933
5735
5774
5934
5736
5775
5935
5737
5776
5936
5738
5777
5937
5739
5778
5938
5740
5779
5939
5741
5780
5940
5742
5781
5941
5743
5782
5942
5744
5783
5943
5745
5784
5944
5746
5785
5945
5747
5786
5946
5748
5787
5947
5749
5788
5948
5750
5789
5949
5751
5790
5950
5752
5791
5951
5753
5792
5952
5754
5793
5953
5755
5794
5954
5756
5795
5955
5757
5796
5956
5758
5797
5957
5759
5798
5958
5799
5959
5761
5960
5762
5961
5763
5962
5764
5963
5765
5964
5766
5965
5767
5966
5768
5967
5769
5968
5770
5969
5771
5970
5772
5971
5773
5972
5774
5973
5775
5974
5776
5975
5777
5976
5778
5977
5779
5978
5780
5979
5781
5980
5782
5981
5783
5982
5784
5983
5785
5984
5786
5985
5787
5986
5788
5987
5789
5988
5790
5989
5791
5990
5792
5991
5793
5992
5794
5993
5795
5994
5796
5995
5797
5996
5798
5997
5799
5998
5999
5801
5840
6000
5802
5841
6001
5803
5842
6002
5804
5843
6003
5805
5844
6004
5806
5845
6005
5807
5846
6006
5808
5847
6007
5809
5848
6008
5810
5849
6009
5811
5850
6010
5812
5851
6011
5813
5852
6012
5814
5853
6013
5815
5854
6014
5816
5855
6015
5817
5856
6016
5818
5857
6017
5819
5858
6018
5820
5859
6019
5821
5860
6020
5822
5861
6021
5823
5862
6022
5824
5863
6023
5825
5864
6024
5826
5865
6025
5827
5866
6026
5828
5867
6027
5829
5868
6028
5830
5869
6029
5831
5870
6030
5832
5871
6031
5833
5872
6032
5834
5873
6033
5835
5874
6034
5836
5875
6035
5837
5876
6036
5838
5877
6037
5839
5878
6038
5879
6039
5841
5880
6040
5842
5881
6041
5843
5882
6042
5844
5883
6043
5845
5884
6044
5846
5885
6045
5847
5886
6046
5848
5887
6047
5849
5888
6048
5850
5889
6049
5851
5890
6050
5852
5891
6051
5853
5892
6052
5854
5893
6053
5855
5894
6054
5856
5895
6055
5857
5896
6056
5858
5897
6057
5859
5898
6058
5860
5899
6059
5861
5900
6060
5862
5901
6061
5863
5902
6062
5864
5903
6063
5865
5904
6064
5866
5905
6065
5867
5906
6066
5868
5907
6067
5869
5908
6068
5870
5909
6069
5871
5910
6070
5872
5911
6071
5873
5912
6072
5874
5913
6073
5875
5914
6074
5876
5915
6075
5877
5916
6076
5878
5917
6077
5879
5918
6078
5919
6079
5881
5920
6080
5882
5921
6081
5883
5922
6082
5884
5923
6083
5885
5924
6084
5886
5925
6085
5887
5926
6086
5888
5927
6087
5889
5928
6088
5890
5929
6089
5891
5930
6090
5892
5931
6091
5893
5932
6092
5894
5933
6093
5895
5934
6094
5896
5935
6095
5897
5936
6096
5898
5937
6097
5899
5938
6098
5900
5939
6099
5901
5940
6100
5902
5941
6101
5903
5942
6102
5904
5943
6103
5905
5944
6104
5906
5945
6105
5907
5946
6106
5908
5947
6107
5909
5948
6108
5910
5949
6109
5911
5950
6110
5912
5951
6111
5913
5952
6112
5914
5953
6113
5915
5954
6114
5916
5955
6115
5917
5956
6116
5918
5957
6117
5919
5958
6118
5959
6119
5921
5960
6120
5922
5961
6121
5923
5962
6122
5924
5963
6123
5925
5964
6124
5926
5965
6125
5927
5966
6126
5928
5967
6127
5929
5968
6128
5930
5969
6129
5931
5970
6130
5932
5971
6131
5933
5972
6132
5934
5973
6133
5935
5974
6134
5936
5975
6135
5937
5976
6136
5938
5977
6137
5939
5978
6138
5940
5979
6139
5941
5980
6140
5942
5981
6141
5943
5982
6142
5944
5983
6143
5945
5984
6144
5946
5985
6145
5947
5986
6146
5948
5987
6147
5949
5988
6148
5950
5989
6149
5951
5990
6150
5952
5991
6151
5953
5992
6152
5954
5993
6153
5955
5994
6154
5956
5995
6155
5957
5996
6156
5958
5997
6157
5959
5998
6158
5999
6159
5961
6160
5962
6161
5963
6162
5964
6163
5965
6164
5966
6165
5967
6166
5968
6167
5969
6168
5970
6169
5971
6170
5972
6171
5973
6172
5974
6173
5975
6174
5976
6175
5977
6176
5978
6177
5979
6178
5980
6179
5981
6180
5982
6181
5983
6182
5984
6183
5985
6184
5986
6185
5987
6186
5988
6187
5989
6188
5990
6189
5991
6190
5992
6191
5993
6192
5994
6193
5995
6194
5996
6195
5997
6196
5998
6197
5999
6198
6199
6001
6040
6200
6002
6041
6201
6003
6042
6202
6004
6043
6203
6005
6044
6204
6006
6045
6205
6007
6046
6206
6008
6047
6207
6009
6048
6208
6010
6049
6209
6011
6050
6210
6012
6051
6211
6013
6052
6212
6014
6053
6213
6015
6054
6214
6016
6055
6215
6017
6056
6216
6018
6057
6217
6019
6058
6218
6020
6059
6219
6021
6060
6220
6022
6061
6221
6023
6062
6222
6024
6063
6223
6025
6064
6224
6026
6065
6225
6027
6066
6226
6028
6067
6227
6029
6068
6228
6030
6069
6229
6031
6070
6230
6032
6071
6231
6033
6072
6232
6034
6073
6233
6035
6074
6234
6036
6075
6235
6037
6076
6236
6038
6077
6237
6039
6078
6238
6079
6239
6041
6080
6240
6042
6081
6241
6043
6082
6242
6044
6083
6243
6045
6084
6244
6046
6085
6245
6047
6086
6246
6048
6087
6247
6049
6088
6248
6050
6089
6249
6051
6090
6250
6052
6091
6251
6053
6092
6252
6054
6093
6253
6055
6094
6254
6056
6095
6255
6057
6096
6256
6058
6097
6257
6059
6098
6258
6060
6099
6259
6061
6100
6260
6062
6101
6261
6063
6102
6262
6064
6103
6263
6065
6104
6264
6066
6105
6265
6067
6106
6266
6068
6107
6267
6069
6108
6268
6070
6109
6269
6071
6110
6270
6072
6111
6271
6073
6112
6272
6074
6113
6273
6075
6114
6274
6076
6115
6275
6077
6116
6276
6078
6117
6277
6079
6118
6278
6119
6279
6081
6120
6280
6082
6121
6281
6083
6122
6282
6084
6123
6283
6085
6124
6284
6086
6125
6285
6087
6126
6286
6088
6127
6287
6089
6128
6288
6090
6129
6289
6091
6130
6290
6092
6131
6291
6093
6132
6292
6094
6133
6293
6095
6134
6294
6096
6135
6295
6097
6136
6296
6098
6137
6297
6099
6138
6298
6100
6139
6299
6101
6140
6300
6102
6141
6301
6103
6142
6302
6104
6143
6303
6105
6144
6304
6106
6145
6305
6107
6146
6306
6108
6147
6307
6109
6148
6308
6110
6149
6309
6111
6150
6310
6112
6151
6311
6113
6152
6312
6114
6153
6313
6115
6154
6314
6116
6155
6315
6117
6156
6316
6118
6157
6317
6119
6158
6318
6159
6319
6121
6160
6320
6122
6161
6321
6123
6162
6322
6124
6163
6323
6125
6164
6324
6126
6165
6325
6127
6166
6326
6128
6167
6327
6129
6168
6328
6130
6169
6329
6131
6170
6330
6132
6171
6331
6133
6172
6332
6134
6173
6333
6135
6174
6334
6136
6175
6335
6137
6176
6336
6138
6177
6337
6139
6178
6338
6140
6179
6339
6141
6180
6340
6142
6181
6341
6143
6182
6342
6144
6183
6343
6145
6184
6344
6146
6185
6345
6147
6186
6346
6148
6187
6347
6149
6188
6348
6150
6189
6349
6151
6190
6350
6152
6191
6351
6153
6192
6352
6154
6193
6353
6155
6194
6354
6156
6195
6355
6157
6196
6356
6158
6197
6357
6159
6198
6358
6199
6359
6161
6360
6162
6361
6163
6362
6164
6363
6165
6364
6166
6365
6167
6366
6168
6367
6169
6368
6170
6369
6171
6370
6172
6371
6173
6372
6174
6373
6175
6374
6176
6375
6177
6376
6178
6377
6179
6378
6180
6379
6181
6380
6182
6381
6183
6382
6184
6383
6185
6384
6186
6385
6187
6386
6188
6387
6189
6388
6190
6389
6191
6390
6192
6391
6193
6392
6194
6393
6195
6394
6196
6395
6197
6396
6198
6397
6199
6398
6399
6201
6240
6400
6202
6241
6401
6203
6242
6402
6204
6243
6403
6205
6244
6404
6206
6245
6405
6207
6246
6406
6208
6247
6407
6209
6248
6408
6210
6249
6409
6211
6250
6410
6212
6251
6411
6213
6252
6412
6214
6253
6413
6215
6254
6414
6216
6255
6415
6217
6256
6416
6218
6257
6417
6219
6258
6418
6220
6259
6419
6221
6260
6420
6222
6261
6421
6223
6262
6422
6224
6263
6423
6225
6264
6424
6226
6265
6425
6227
6266
6426
6228
6267
6427
6229
6268
6428
6230
6269
6429
6231
6270
6430
6232
6271
6431
6233
6272
6432
6234
6273
6433
6235
6274
6434
6236
6275
6435
6237
6276
6436
6238
6277
6437
6239
6278
6438
6279
6439
6241
6280
6440
6242
6281
6441
6243
6282
6442
6244
6283
6443
6245
6284
6444
6246
6285
6445
6247
6286
6446
6248
6287
6447
6249
6288
6448
6250
6289
6449
6251
6290
6450
6252
6291
6451
6253
6292
6452
6254
6293
6453
6255
6294
6454
6256
6295
6455
6257
6296
6456
6258
6297
6457
6259
6298
6458
6260
6299
6459
6261
6300
6460
6262
6301
6461
6263
6302
6462
6264
6303
6463
6265
6304
6464
6266
6305
6465
6267
6306
6466
6268
6307
6467
6269
6308
6468
6270
6309
6469
6271
6310
6470
6272
6311
6471
6273
6312
6472
6274
6313
6473
6275
6314
6474
6276
6315
6475
6277
6316
6476
6278
6317
6477
6279
6318
6478
6319
6479
6281
6320
6480
6282
6321
6481
6283
6322
6482
6284
6323
6483
6285
6324
6484
6286
6325
6485
6287
6326
6486
6288
6327
6487
6289
6328
6488
6290
6329
6489
6291
6330
6490
6292
6331
6491
6293
6332
6492
6294
6333
6493
6295
6334
6494
6296
6335
6495
6297
6336
6496
6298
6337
6497
6299
6338
6498
6300
6339
6499
6301
6340
6500
6302
6341
6501
6303
6342
6502
6304
6343
6503
6305
6344
6504
6306
6345
6505
6307
6346
6506
6308
6347
6507
6309
6348
6508
6310
6349
6509
6311
6350
6510
6312
6351
6511
6313
6352
6512
6314
6353
6513
6315
6354
6514
6316
6355
6515
6317
6356
6516
6318
6357
6517
6319
6358
6518
6359
6519
6321
6360
6520
6322
6361
6521
6323
6362
6522
6324
6363
6523
6325
6364
6524
6326
6365
6525
6327
6366
6526
6328
6367
6527
6329
6368
6528
6330
6369
6529
6331
6370
6530
6332
6371
6531
6333
6372
6532
6334
6373
6533
6335
6374
6534
6336
6375
6535
6337
6376
6536
6338
6377
6537
6339
6378
6538
6340
6379
6539
6341
6380
6540
6342
6381
6541
6343
6382
6542
6344
6383
6543
6345
6384
6544
6346
6385
6545
6347
6386
6546
6348
6387
6547
6349
6388
6548
6350
6389
6549
6351
6390
6550
6352
6391
6551
6353
6392
6552
6354
6393
6553
6355
6394
6554
6356
6395
6555
6357
6396
6556
6358
6397
6557
6359
6398
6558
6399
6559
6361
6560
6362
6561
6363
6562
6364
6563
6365
6564
6366
6565
6367
6566
6368
6567
6369
6568
6370
6569
6371
6570
6372
6571
6373
6572
6374
6573
6375
6574
6376
6575
6377
6576
6378
6577
6379
6578
6380
6579
6381
6580
6382
6581
6383
6582
6384
6583
6385
6584
6386
6585
6387
6586
6388
6587
6389
6588
6390
6589
6391
6590
6392
6591
6393
6592
6394
6593
6395
6594
6396
6595
6397
6596
6398
6597
6399
6598
6599
6401
6440
6600
6402
6441
6601
6403
6442
6602
6404
6443
6603
6405
6444
6604
6406
6445
6605
6407
6446
6606
6408
6447
6607
6409
6448
6608
6410
6449
6609
6411
6450
6610
6412
6451
6611
6413
6452
6612
6414
6453
6613
6415
6454
6614
6416
6455
6615
6417
6456
6616
6418
6457
6617
6419
6458
6618
6420
6459
6619
6421
6460
6620
6422
6461
6621
6423
6462
6622
6424
6463
6623
6425
6464
6624
6426
6465
6625
6427
6466
6626
6428
6467
6627
6429
6468
6628
6430
6469
6629
6431
6470
6630
6432
6471
6631
6433
6472
6632
6434
6473
6633
6435
6474
6634
6436
6475
6635
6437
6476
6636
6438
6477
6637
6439
6478
6638
6479
6639
6441
6480
6640
6442
6481
6641
6443
6482
6642
6444
6483
6643
6445
6484
6644
6446
6485
6645
6447
6486
6646
6448
6487
6647
6449
6488
6648
6450
6489
6649
6451
6490
6650
6452
6491
6651
6453
6492
6652
6454
6493
6653
6455
6494
6654
6456
6495
6655
6457
6496
6656
6458
6497
6657
6459
6498
6658
6460
6499
6659
6461
6500
6660
6462
6501
6661
6463
6502
6662
6464
6503
6663
6465
6504
6664
6466
6505
6665
6467
6506
6666
6468
6507
6667
6469
6508
6668
6470
6509
6669
6471
6510
6670
6472
6511
6671
6473
6512
6672
6474
6513
6673
6475
6514
6674
6476
6515
6675
6477
6516
6676
6478
6517
6677
6479
6518
6678
6519
6679
6481
6520
6680
6482
6521
6681
6483
6522
6682
6484
6523
6683
6485
6524
6684
6486
6525
6685
6487
6526
6686
6488
6527
6687
6489
6528
6688
6490
6529
6689
6491
6530
6690
6492
6531
6691
6493
6532
6692
6494
6533
6693
6495
6534
6694
6496
6535
6695
6497
6536
6696
6498
6537
6697
6499
6538
6698
6500
6539
6699
6501
6540
6700
6502
6541
6701
6503
6542
6702
6504
6543
6703
6505
6544
6704
6506
6545
6705
6507
6546
6706
6508
6547
6707
6509
6548
6708
6510
6549
6709
6511
6550
6710
6512
6551
6711
6513
6552
6712
6514
6553
6713
6515
6554
6714
6516
6555
6715
6517
6556
6716
6518
6557
6717
6519
6558
6718
6559
6719
6521
6560
6720
6522
6561
6721
6523
6562
6722
6524
6563
6723
6525
6564
6724
6526
6565
6725
6527
6566
6726
6528
6567
6727
6529
6568
6728
6530
6569
6729
6531
6570
6730
6532
6571
6731
6533
6572
6732
6534
6573
6733
6535
6574
6734
6536
6575
6735
6537
6576
6736
6538
6577
6737
6539
6578
6738
6540
6579
6739
6541
6580
6740
6542
6581
6741
6543
6582
6742
6544
6583
6743
6545
6584
6744
6546
6585
6745
6547
6586
6746
6548
6587
6747
6549
6588
6748
6550
6589
6749
6551
6590
6750
6552
6591
6751
6553
6592
6752
6554
6593
6753
6555
6594
6754
6556
6595
6755
6557
6596
6756
6558
6597
6757
6559
6598
6758
6599
6759
6561
6760
6562
6761
6563
6762
6564
6763
6565
6764
6566
6765
6567
6766
6568
6767
6569
6768
6570
6769
6571
6770
6572
6771
6573
6772
6574
6773
6575
6774
6576
6775
6577
6776
6578
6777
6579
6778
6580
6779
6581
6780
6582
6781
6583
6782
6584
6783
6585
6784
6586
6785
6587
6786
6588
6787
6589
6788
6590
6789
6591
6790
6592
6791
6593
6792
6594
6793
6595
6794
6596
6795
6597
6796
6598
6797
6599
6798
6799
6601
6640
6800
6602
6641
6801
6603
6642
6802
6604
6643
6803
6605
6644
6804
6606
6645
6805
6607
6646
6806
6608
6647
6807
6609
6648
6808
6610
6649
6809
6611
6650
6810
6612
6651
6811
6613
6652
6812
6614
6653
6813
6615
6654
6814
6616
6655
6815
6617
6656
6816
6618
6657
6817
6619
6658
6818
6620
6659
6819
6621
6660
6820
6622
6661
6821
6623
6662
6822
6624
6663
6823
6625
6664
6824
6626
6665
6825
6627
6666
6826
6628
6667
6827
6629
6668
6828
6630
6669
6829
6631
6670
6830
6632
6671
6831
6633
6672
6832
6634
6673
6833
6635
6674
6834
6636
6675
6835
6637
6676
6836
6638
6677
6837
6639
6678
6838
6679
6839
6641
6680
6840
6642
6681
6841
6643
6682
6842
6644
6683
6843
6645
6684
6844
6646
6685
6845
6647
6686
6846
6648
6687
6847
6649
6688
6848
6650
6689
6849
6651
6690
6850
6652
6691
6851
6653
6692
6852
6654
6693
6853
6655
6694
6854
6656
6695
6855
6657
6696
6856
6658
6697
6857
6659
6698
6858
6660
6699
6859
6661
6700
6860
6662
6701
6861
6663
6702
6862
6664
6703
6863
6665
6704
6864
6666
6705
6865
6667
6706
6866
6668
6707
6867
6669
6708
6868
6670
6709
6869
6671
6710
6870
6672
6711
6871
6673
6712
6872
6674
6713
6873
6675
6714
6874
6676
6715
6875
6677
6716
6876
6678
6717
6877
6679
6718
6878
6719
6879
6681
6720
6880
6682
6721
6881
6683
6722
6882
6684
6723
6883
6685
6724
6884
6686
6725
6885
6687
6726
6886
6688
6727
6887
6689
6728
6888
6690
6729
6889
6691
6730
6890
6692
6731
6891
6693
6732
6892
6694
6733
6893
6695
6734
6894
6696
6735
6895
6697
6736
6896
6698
6737
6897
6699
6738
6898
6700
6739
6899
6701
6740
6900
6702
6741
6901
6703
6742
6902
6704
6743
6903
6705
6744
6904
6706
6745
6905
6707
6746
6906
6708
6747
6907
6709
6748
6908
6710
6749
6909
6711
6750
6910
6712
6751
6911
6713
6752
6912
6714
6753
6913
6715
6754
6914
6716
6755
6915
6717
6756
6916
6718
6757
6917
6719
6758
6918
6759
6919
6721
6760
6920
6722
6761
6921
6723
6762
6922
6724
6763
6923
6725
6764
6924
6726
6765
6925
6727
6766
6926
6728
6767
6927
6729
6768
6928
6730
6769
6929
6731
6770
6930
6732
6771
6931
6733
6772
6932
6734
6773
6933
6735
6774
6934
6736
6775
6935
6737
6776
6936
6738
6777
6937
6739
6778
6938
6740
6779
6939
6741
6780
6940
6742
6781
6941
6743
6782
6942
6744
6783
6943
6745
6784
6944
6746
6785
6945
6747
6786
6946
6748
6787
6947
6749
6788
6948
6750
6789
6949
6751
6790
6950
6752
6791
6951
6753
6792
6952
6754
6793
6953
6755
6794
6954
6756
6795
6955
6757
6796
6956
6758
6797
6957
6759
6798
6958
6799
6959
6761
6960
6762
6961
6763
6962
6764
6963
6765
6964
6766
6965
6767
6966
6768
6967
6769
6968
6770
6969
6771
6970
6772
6971
6773
6972
6774
6973
6775
6974
6776
6975
6777
6976
6778
6977
6779
6978
6780
6979
6781
6980
6782
6981
6783
6982
6784
6983
6785
6984
6786
6985
6787
6986
6788
6987
6789
6988
6790
6989
6791
6990
6792
6991
6793
6992
6794
6993
6795
6994
6796
6995
6797
6996
6798
6997
6799
6998
6999
6801
6840
7000
6802
6841
7001
6803
6842
7002
6804
6843
7003
6805
6844
7004
6806
6845
7005
6807
6846
7006
6808
6847
7007
6809
6848
7008
6810
6849
7009
6811
6850
7010
6812
6851
7011
6813
6852
7012
6814
6853
7013
6815
6854
7014
6816
6855
7015
6817
6856
7016
6818
6857
7017
6819
6858
7018
6820
6859
7019
6821
6860
7020
6822
6861
7021
6823
6862
7022
6824
6863
7023
6825
6864
7024
6826
6865
7025
6827
6866
7026
6828
6867
7027
6829
6868
7028
6830
6869
7029
6831
6870
7030
6832
6871
7031
6833
6872
7032
6834
6873
7033
6835
6874
7034
6836
6875
7035
6837
6876
7036
6838
6877
7037
6839
6878
7038
6879
7039
6841
6880
7040
6842
6881
7041
6843
6882
7042
6844
6883
7043
6845
6884
7044
6846
6885
7045
6847
6886
7046
6848
6887
7047
6849
6888
7048
6850
6889
7049
6851
6890
7050
6852
6891
7051
6853
6892
7052
6854
6893
7053
6855
6894
7054
6856
6895
7055
6857
6896
7056
6858
6897
7057
6859
6898
7058
6860
6899
7059
6861
6900
7060
6862
6901
7061
6863
6902
7062
6864
6903
7063
6865
6904
7064
6866
6905
7065
6867
6906
7066
6868
6907
7067
6869
6908
7068
6870
6909
7069
6871
6910
7070
6872
6911
7071
6873
6912
7072
6874
6913
7073
6875
6914
7074
6876
6915
7075
6877
6916
7076
6878
6917
7077
6879
6918
7078
6919
7079
6881
6920
7080
6882
6921
7081
6883
6922
7082
6884
6923
7083
6885
6924
7084
6886
6925
7085
6887
6926
7086
6888
6927
7087
6889
6928
7088
6890
6929
7089
6891
6930
7090
6892
6931
7091
6893
6932
7092
6894
6933
7093
6895
6934
7094
6896
6935
7095
6897
6936
7096
6898
6937
7097
6899
6938
7098
6900
6939
7099
6901
6940
7100
6902
6941
7101
6903
6942
7102
6904
6943
7103
6905
6944
7104
6906
6945
7105
6907
6946
7106
6908
6947
7107
6909
6948
7108
6910
6949
7109
6911
6950
7110
6912
6951
7111
6913
6952
7112
6914
6953
7113
6915
6954
7114
6916
6955
7115
6917
6956
7116
6918
6957
7117
6919
6958
7118
6959
7119
6921
6960
7120
6922
6961
7121
6923
6962
7122
6924
6963
7123
6925
6964
7124
6926
6965
7125
6927
6966
7126
6928
6967
7127
6929
6968
7128
6930
6969
7129
6931
6970
7130
6932
6971
7131
6933
6972
7132
6934
6973
7133
6935
6974
7134
6936
6975
7135
6937
6976
7136
6938
6977
7137
6939
6978
7138
6940
6979
7139
6941
6980
7140
6942
6981
7141
6943
6982
7142
6944
6983
7143
6945
6984
7144
6946
6985
7145
6947
6986
7146
6948
6987
7147
6949
6988
7148
6950
6989
7149
6951
6990
7150
6952
6991
7151
6953
6992
7152
6954
6993
7153
6955
6994
7154
6956
6995
7155
6957
6996
7156
6958
6997
7157
6959
6998
7158
6999
7159
6961
7160
6962
7161
6963
7162
6964
7163
6965
7164
6966
7165
6967
7166
6968
7167
6969
7168
6970
7169
6971
7170
6972
7171
6973
7172
6974
7173
6975
7174
6976
7175
6977
7176
6978
7177
6979
7178
6980
7179
6981
7180
6982
7181
6983
7182
6984
7183
6985
7184
6986
7185
6987
7186
6988
7187
6989
7188
6990
7189
6991
7190
6992
7191
6993
7192
6994
7193
6995
7194
6996
7195
6997
7196
6998
7197
6999
7198
7199
7001
7040
7200
7002
7041
7201
7003
7042
7202
7004
7043
7203
7005
7044
7204
7006
7045
7205
7007
7046
7206
7008
7047
7207
7009
7048
7208
7010
7049
7209
7011
7050
7210
7012
7051
7211
7013
7052
7212
7014
7053
7213
7015
7054
7214
7016
7055
7215
7017
7056
7216
7018
7057
7217
7019
7058
7218
7020
7059
7219
7021
7060
7220
7022
7061
7221
7023
7062
7222
7024
7063
7223
7025
7064
7224
7026
7065
7225
7027
7066
7226
7028
7067
7227
7029
7068
7228
7030
7069
7229
7031
7070
7230
7032
7071
7231
7033
7072
7232
7034
7073
7233
7035
7074
7234
7036
7075
7235
7037
7076
7236
7038
7077
7237
7039
7078
7238
7079
7239
7041
7080
7240
7042
7081
7241
7043
7082
7242
7044
7083
7243
7045
7084
7244
7046
7085
7245
7047
7086
7246
7048
7087
7247
7049
7088
7248
7050
7089
7249
7051
7090
7250
7052
7091
7251
7053
7092
7252
7054
7093
7253
7055
7094
7254
7056
7095
7255
7057
7096
7256
7058
7097
7257
7059
7098
7258
7060
7099
7259
7061
7100
7260
7062
7101
7261
7063
7102
7262
7064
7103
7263
7065
7104
7264
7066
7105
7265
7067
7106
7266
7068
7107
7267
7069
7108
7268
7070
7109
7269
7071
7110
7270
7072
7111
7271
7073
7112
7272
7074
7113
7273
7075
7114
7274
7076
7115
7275
7077
7116
7276
7078
7117
7277
7079
7118
7278
7119
7279
7081
7120
7280
7082
7121
7281
7083
7122
7282
7084
7123
7283
7085
7124
7284
7086
7125
7285
7087
7126
7286
7088
7127
7287
7089
7128
7288
7090
7129
7289
7091
7130
7290
7092
7131
7291
7093
7132
7292
7094
7133
7293
7095
7134
7294
7096
7135
7295
7097
7136
7296
7098
7137
7297
7099
7138
7298
7100
7139
7299
7101
7140
7300
7102
7141
7301
7103
7142
7302
7104
7143
7303
7105
7144
7304
7106
7145
7305
7107
7146
7306
7108
7147
7307
7109
7148
7308
7110
7149
7309
7111
7150
7310
7112
7151
7311
7113
7152
7312
7114
7153
7313
7115
7154
7314
7116
7155
7315
7117
7156
7316
7118
7157
7317
7119
7158
7318
7159
7319
7121
7160
7320
7122
7161
7321
7123
7162
7322
7124
7163
7323
7125
7164
7324
7126
7165
7325
7127
7166
7326
7128
7167
7327
7129
7168
7328
7130
7169
7329
7131
7170
7330
7132
7171
7331
7133
7172
7332
7134
7173
7333
7135
7174
7334
7136
7175
7335
7137
7176
7336
7138
7177
7337
7139
7178
7338
7140
7179
7339
7141
7180
7340
7142
7181
7341
7143
7182
7342
7144
7183
7343
7145
7184
7344
7146
7185
7345
7147
7186
7346
7148
7187
7347
7149
7188
7348
7150
7189
7349
7151
7190
7350
7152
7191
7351
7153
7192
7352
7154
7193
7353
7155
7194
7354
7156
7195
7355
7157
7196
7356
7158
7197
7357
7159
7198
7358
7199
7359
7161
7360
7162
7361
7163
7362
7164
7363
7165
7364
7166
7365
7167
7366
7168
7367
7169
7368
7170
7369
7171
7370
7172
7371
7173
7372
7174
7373
7175
7374
7176
7375
7177
7376
7178
7377
7179
7378
7180
7379
7181
7380
7182
7381
7183
7382
7184
7383
7185
7384
7186
7385
7187
7386
7188
7387
7189
7388
7190
7389
7191
7390
7192
7391
7193
7392
7194
7393
7195
7394
7196
7395
7197
7396
7198
7397
7199
7398
7399
7201
7240
7400
7202
7241
7401
7203
7242
7402
7204
7243
7403
7205
7244
7404
7206
7245
7405
7207
7246
7406
7208
7247
7407
7209
7248
7408
7210
7249
7409
7211
7250
7410
7212
7251
7411
7213
7252
7412
7214
7253
7413
7215
7254
7414
7216
7255
7415
7217
7256
7416
7218
7257
7417
7219
7258
7418
7220
7259
7419
7221
7260
7420
7222
7261
7421
7223
7262
7422
7224
7263
7423
7225
7264
7424
7226
7265
7425
7227
7266
7426
7228
7267
7427
7229
7268
7428
7230
7269
7429
7231
7270
7430
7232
7271
7431
7233
7272
7432
7234
7273
7433
7235
7274
7434
7236
7275
7435
7237
7276
7436
7238
7277
7437
7239
7278
7438
7279
7439
7241
7280
7440
7242
7281
7441
7243
7282
7442
7244
7283
7443
7245
7284
7444
7246
7285
7445
7247
7286
7446
7248
7287
7447
7249
7288
7448
7250
7289
7449
7251
7290
7450
7252
7291
7451
7253
7292
7452
7254
7293
7453
7255
7294
7454
7256
7295
7455
7257
7296
7456
7258
7297
7457
7259
7298
7458
7260
7299
7459
7261
7300
7460
7262
7301
7461
7263
7302
7462
7264
7303
7463
7265
7304
7464
7266
7305
7465
7267
7306
7466
7268
7307
7467
7269
7308
7468
7270
7309
7469
7271
7310
7470
7272
7311
7471
7273
7312
7472
7274
7313
7473
7275
7314
7474
7276
7315
7475
7277
7316
7476
7278
7317
7477
7279
7318
7478
7319
7479
7281
7320
7480
7282
7321
7481
7283
7322
7482
7284
7323
7483
7285
7324
7484
7286
7325
7485
7287
7326
7486
7288
7327
7487
7289
7328
7488
7290
7329
7489
7291
7330
7490
7292
7331
7491
7293
7332
7492
7294
7333
7493
7295
7334
7494
7296
7335
7495
7297
7336
7496
7298
7337
7497
7299
7338
7498
7300
7339
7499
7301
7340
7500
7302
7341
7501
7303
7342
7502
7304
7343
7503
7305
7344
7504
7306
7345
7505
7307
7346
7506
7308
7347
7507
7309
7348
7508
7310
7349
7509
7311
7350
7510
7312
7351
7511
7313
7352
7512
7314
7353
7513
7315
7354
7514
7316
7355
7515
7317
7356
7516
7318
7357
7517
7319
7358
7518
7359
7519
7321
7360
7520
7322
7361
7521
7323
7362
7522
7324
7363
7523
7325
7364
7524
7326
7365
7525
7327
7366
7526
7328
7367
7527
7329
7368
7528
7330
7369
7529
7331
7370
7530
7332
7371
7531
7333
7372
7532
7334
7373
7533
7335
7374
7534
7336
7375
7535
7337
7376
7536
7338
7377
7537
7339
7378
7538
7340
7379
7539
7341
7380
7540
7342
7381
7541
7343
7382
7542
7344
7383
7543
7345
7384
7544
7346
7385
7545
7347
7386
7546
7348
7387
7547
7349
7388
7548
7350
7389
7549
7351
7390
7550
7352
7391
7551
7353
7392
7552
7354
7393
7553
7355
7394
7554
7356
7395
7555
7357
7396
7556
7358
7397
7557
7359
7398
7558
7399
7559
7361
7560
7362
7561
7363
7562
7364
7563
7365
7564
7366
7565
7367
7566
7368
7567
7369
7568
7370
7569
7371
7570
7372
7571
7373
7572
7374
7573
7375
7574
7376
7575
7377
7576
7378
7577
7379
7578
7380
7579
7381
7580
7382
7581
7383
7582
7384
7583
7385
7584
7386
7585
7387
7586
7388
7587
7389
7588
7390
7589
7391
7590
7392
7591
7393
7592
7394
7593
7395
7594
7396
7595
7397
7596
7398
7597
7399
7598
7599
7401
7440
7600
7402
7441
7601
7403
7442
7602
7404
7443
7603
7405
7444
7604
7406
7445
7605
7407
7446
7606
7408
7447
7607
7409
7448
7608
7410
7449
7609
7411
7450
7610
7412
7451
7611
7413
7452
7612
7414
7453
7613
7415
7454
7614
7416
7455
7615
7417
7456
7616
7418
7457
7617
7419
7458
7618
7420
7459
7619
7421
7460
7620
7422
7461
7621
7423
7462
7622
7424
7463
7623
7425
7464
7624
7426
7465
7625
7427
7466
7626
7428
7467
7627
7429
7468
7628
7430
7469
7629
7431
7470
7630
7432
7471
7631
7433
7472
7632
7434
7473
7633
7435
7474
7634
7436
7475
7635
7437
7476
7636
7438
7477
7637
7439
7478
7638
7479
7639
7441
7480
7640
7442
7481
7641
7443
7482
7642
7444
7483
7643
7445
7484
7644
7446
7485
7645
7447
7486
7646
7448
7487
7647
7449
7488
7648
7450
7489
7649
7451
7490
7650
7452
7491
7651
7453
7492
7652
7454
7493
7653
7455
7494
7654
7456
7495
7655
7457
7496
7656
7458
7497
7657
7459
7498
7658
7460
7499
7659
7461
7500
7660
7462
7501
7661
7463
7502
7662
7464
7503
7663
7465
7504
7664
7466
7505
7665
7467
7506
7666
7468
7507
7667
7469
7508
7668
7470
7509
7669
7471
7510
7670
7472
7511
7671
7473
7512
7672
7474
7513
7673
7475
7514
7674
7476
7515
7675
7477
7516
7676
7478
7517
7677
7479
7518
7678
7519
7679
7481
7520
7680
7482
7521
7681
7483
7522
7682
7484
7523
7683
7485
7524
7684
7486
7525
7685
7487
7526
7686
7488
7527
7687
7489
7528
7688
7490
7529
7689
7491
7530
7690
7492
7531
7691
7493
7532
7692
7494
7533
7693
7495
7534
7694
7496
7535
7695
7497
7536
7696
7498
7537
7697
7499
7538
7698
7500
7539
7699
7501
7540
7700
7502
7541
7701
7503
7542
7702
7504
7543
7703
7505
7544
7704
7506
7545
7705
7507
7546
7706
7508
7547
7707
7509
7548
7708
7510
7549
7709
7511
7550
7710
7512
7551
7711
7513
7552
7712
7514
7553
7713
7515
7554
7714
7516
7555
7715
7517
7556
7716
7518
7557
7717
7519
7558
7718
7559
7719
7521
7560
7720
7522
7561
7721
7523
7562
7722
7524
7563
7723
7525
7564
7724
7526
7565
7725
7527
7566
7726
7528
7567
7727
7529
7568
7728
7530
7569
7729
7531
7570
7730
7532
7571
7731
7533
7572
7732
7534
7573
7733
7535
7574
7734
7536
7575
7735
7537
7576
7736
7538
7577
7737
7539
7578
7738
7540
7579
7739
7541
7580
7740
7542
7581
7741
7543
7582
7742
7544
7583
7743
7545
7584
7744
7546
7585
7745
7547
7586
7746
7548
7587
7747
7549
7588
7748
7550
7589
7749
7551
7590
7750
7552
7591
7751
7553
7592
7752
7554
7593
7753
7555
7594
7754
7556
7595
7755
7557
7596
7756
7558
7597
7757
7559
7598
7758
7599
7759
7561
7760
7562
7761
7563
7762
7564
7763
7565
7764
7566
7765
7567
7766
7568
7767
7569
7768
7570
7769
7571
7770
7572
7771
7573
7772
7574
7773
7575
7774
7576
7775
7577
7776
7578
7777
7579
7778
7580
7779
7581
7780
7582
7781
7583
7782
7584
7783
7585
7784
7586
7785
7587
7786
7588
7787
7589
7788
7590
7789
7591
7790
7592
7791
7593
7792
7594
7793
7595
7794
7596
7795
7597
7796
7598
7797
7599
7798
7799
7601
7640
7800
7602
7641
7801
7603
7642
7802
7604
7643
7803
7605
7644
7804
7606
7645
7805
7607
7646
7806
7608
7647
7807
7609
7648
7808
7610
7649
7809
7611
7650
7810
7612
7651
7811
7613
7652
7812
7614
7653
7813
7615
7654
7814
7616
7655
7815
7617
7656
7816
7618
7657
7817
7619
7658
7818
7620
7659
7819
7621
7660
7820
7622
7661
7821
7623
7662
7822
7624
7663
7823
7625
7664
7824
7626
7665
7825
7627
7666
7826
7628
7667
7827
7629
7668
7828
7630
7669
7829
7631
7670
7830
7632
7671
7831
7633
7672
7832
7634
7673
7833
7635
7674
7834
7636
7675
7835
7637
7676
7836
7638
7677
7837
7639
7678
7838
7679
7839
7641
7680
7840
7642
7681
7841
7643
7682
7842
7644
7683
7843
7645
7684
7844
7646
7685
7845
7647
7686
7846
7648
7687
7847
7649
7688
7848
7650
7689
7849
7651
7690
7850
7652
7691
7851
7653
7692
7852
7654
7693
7853
7655
7694
7854
7656
7695
7855
7657
7696
7856
7658
7697
7857
7659
7698
7858
7660
7699
7859
7661
7700
7860
7662
7701
7861
7663
7702
7862
7664
7703
7863
7665
7704
7864
7666
7705
7865
7667
7706
7866
7668
7707
7867
7669
7708
7868
7670
7709
7869
7671
7710
7870
7672
7711
7871
7673
7712
7872
7674
7713
7873
7675
7714
7874
7676
7715
7875
7677
7716
7876
7678
7717
7877
7679
7718
7878
7719
7879
7681
7720
7880
7682
7721
7881
7683
7722
7882
7684
7723
7883
7685
7724
7884
7686
7725
7885
7687
7726
7886
7688
7727
7887
7689
7728
7888
7690
7729
7889
7691
7730
7890
7692
7731
7891
7693
7732
7892
7694
7733
7893
7695
7734
7894
7696
7735
7895
7697
7736
7896
7698
7737
7897
7699
7738
7898
7700
7739
7899
7701
7740
7900
7702
7741
7901
7703
7742
7902
7704
7743
7903
7705
7744
7904
7706
7745
7905
7707
7746
7906
7708
7747
7907
7709
7748
7908
7710
7749
7909
7711
7750
7910
7712
7751
7911
7713
7752
7912
7714
7753
7913
7715
7754
7914
7716
7755
7915
7717
7756
7916
7718
7757
7917
7719
7758
7918
7759
7919
7721
7760
7920
7722
7761
7921
7723
7762
7922
7724
7763
7923
7725
7764
7924
7726
7765
7925
7727
7766
7926
7728
7767
7927
7729
7768
7928
7730
7769
7929
7731
7770
7930
7732
7771
7931
7733
7772
7932
7734
7773
7933
7735
7774
7934
7736
7775
7935
7737
7776
7936
7738
7777
7937
7739
7778
7938
7740
7779
7939
7741
7780
7940
7742
7781
7941
7743
7782
7942
7744
7783
7943
7745
7784
7944
7746
7785
7945
7747
7786
7946
7748
7787
7947
7749
7788
7948
7750
7789
7949
7751
7790
7950
7752
7791
7951
7753
7792
7952
7754
7793
7953
7755
7794
7954
7756
7795
7955
7757
7796
7956
7758
7797
7957
7759
7798
7958
7799
7959
7761
7960
7762
7961
7763
7962
7764
7963
7765
7964
7766
7965
7767
7966
7768
7967
7769
7968
7770
7969
7771
7970
7772
7971
7773
7972
7774
7973
7775
7974
7776
7975
7777
7976
7778
7977
7779
7978
7780
7979
7781
7980
7782
7981
7783
7982
7784
7983
7785
7984
7786
7985
7787
7986
7788
7987
7789
7988
7790
7989
7791
7990
7792
7991
7793
7992
7794
7993
7795
7994
7796
7995
7797
7996
7798
7997
7799
7998
7999
7801
7840
8000
7802
7841
8001
7803
7842
8002
7804
7843
8003
7805
7844
8004
7806
7845
8005
7807
7846
8006
7808
7847
8007
7809
7848
8008
7810
7849
8009
7811
7850
8010
7812
7851
8011
7813
7852
8012
7814
7853
8013
7815
7854
8014
7816
7855
8015
7817
7856
8016
7818
7857
8017
7819
7858
8018
7820
7859
8019
7821
7860
8020
7822
7861
8021
7823
7862
8022
7824
7863
8023
7825
7864
8024
7826
7865
8025
7827
7866
8026
7828
7867
8027
7829
7868
8028
7830
7869
8029
7831
7870
8030
7832
7871
8031
7833
7872
8032
7834
7873
8033
7835
7874
8034
7836
7875
8035
7837
7876
8036
7838
7877
8037
7839
7878
8038
7879
8039
7841
7880
8040
7842
7881
8041
7843
7882
8042
7844
7883
8043
7845
7884
8044
7846
7885
8045
7847
7886
8046
7848
7887
8047
7849
7888
8048
7850
7889
8049
7851
7890
8050
7852
7891
8051
7853
7892
8052
7854
7893
8053
7855
7894
8054
7856
7895
8055
7857
7896
8056
7858
7897
8057
7859
7898
8058
7860
7899
8059
7861
7900
8060
7862
7901
8061
7863
7902
8062
7864
7903
8063
7865
7904
8064
7866
7905
8065
7867
7906
8066
7868
7907
8067
7869
7908
8068
7870
7909
8069
7871
7910
8070
7872
7911
8071
7873
7912
8072
7874
7913
8073
7875
7914
8074
7876
7915
8075
7877
7916
8076
7878
7917
8077
7879
7918
8078
7919
8079
7881
7920
8080
7882
7921
8081
7883
7922
8082
7884
7923
8083
7885
7924
8084
7886
7925
8085
7887
7926
8086
7888
7927
8087
7889
7928
8088
7890
7929
8089
7891
7930
8090
7892
7931
8091
7893
7932
8092
7894
7933
8093
7895
7934
8094
7896
7935
8095
7897
7936
8096
7898
7937
8097
7899
7938
8098
7900
7939
8099
7901
7940
8100
7902
7941
8101
7903
7942
8102
7904
7943
8103
7905
7944
8104
7906
7945
8105
7907
7946
8106
7908
7947
8107
7909
7948
8108
7910
7949
8109
7911
7950
8110
7912
7951
8111
7913
7952
8112
7914
7953
8113
7915
7954
8114
7916
7955
8115
7917
7956
8116
7918
7957
8117
7919
7958
8118
7959
8119
7921
7960
8120
7922
7961
8121
7923
7962
8122
7924
7963
8123
7925
7964
8124
7926
7965
8125
7927
7966
8126
7928
7967
8127
7929
7968
8128
7930
7969
8129
7931
7970
8130
7932
7971
8131
7933
7972
8132
7934
7973
8133
7935
7974
8134
7936
7975
8135
7937
7976
8136
7938
7977
8137
7939
7978
8138
7940
7979
8139
7941
7980
8140
7942
7981
8141
7943
7982
8142
7944
7983
8143
7945
7984
8144
7946
7985
8145
7947
7986
8146
7948
7987
8147
7949
7988
8148
7950
7989
8149
7951
7990
8150
7952
7991
8151
7953
7992
8152
7954
7993
8153
7955
7994
8154
7956
7995
8155
7957
7996
8156
7958
7997
8157
7959
7998
8158
7999
8159
7961
8160
7962
8161
7963
8162
7964
8163
7965
8164
7966
8165
7967
8166
7968
8167
7969
8168
7970
8169
7971
8170
7972
8171
7973
8172
7974
8173
7975
8174
7976
8175
7977
8176
7978
8177
7979
8178
7980
8179
7981
8180
7982
8181
7983
8182
7984
8183
7985
8184
7986
8185
7987
8186
7988
8187
7989
8188
7990
8189
7991
8190
7992
8191
7993
8192
7994
8193
7995
8194
7996
8195
7997
8196
7998
8197
7999
8198
8199
8001
8040
8200
8002
8041
8201
8003
8042
8202
8004
8043
8203
8005
8044
8204
8006
8045
8205
8007
8046
8206
8008
8047
8207
8009
8048
8208
8010
8049
8209
8011
8050
8210
8012
8051
8211
8013
8052
8212
8014
8053
8213
8015
8054
8214
8016
8055
8215
8017
8056
8216
8018
8057
8217
8019
8058
8218
8020
8059
8219
8021
8060
8220
8022
8061
8221
8023
8062
8222
8024
8063
8223
8025
8064
8224
8026
8065
8225
8027
8066
8226
8028
8067
8227
8029
8068
8228
8030
8069
8229
8031
8070
8230
8032
8071
8231
8033
8072
8232
8034
8073
8233
8035
8074
8234
8036
8075
8235
8037
8076
8236
8038
8077
8237
8039
8078
8238
8079
8239
8041
8080
8240
8042
8081
8241
8043
8082
8242
8044
8083
8243
8045
8084
8244
8046
8085
8245
8047
8086
8246
8048
8087
8247
8049
8088
8248
8050
8089
8249
8051
8090
8250
8052
8091
8251
8053
8092
8252
8054
8093
8253
8055
8094
8254
8056
8095
8255
8057
8096
8256
8058
8097
8257
8059
8098
8258
8060
8099
8259
8061
8100
8260
8062
8101
8261
8063
8102
8262
8064
8103
8263
8065
8104
8264
8066
8105
8265
8067
8106
8266
8068
8107
8267
8069
8108
8268
8070
8109
8269
8071
8110
8270
8072
8111
8271
8073
8112
8272
8074
8113
8273
8075
8114
8274
8076
8115
8275
8077
8116
8276
8078
8117
8277
8079
8118
8278
8119
8279
8081
8120
8280
8082
8121
8281
8083
8122
8282
8084
8123
8283
8085
8124
8284
8086
8125
8285
8087
8126
8286
8088
8127
8287
8089
8128
8288
8090
8129
8289
8091
8130
8290
8092
8131
8291
8093
8132
8292
8094
8133
8293
8095
8134
8294
8096
8135
8295
8097
8136
8296
8098
8137
8297
8099
8138
8298
8100
8139
8299
8101
8140
8300
8102
8141
8301
8103
8142
8302
8104
8143
8303
8105
8144
8304
8106
8145
8305
8107
8146
8306
8108
8147
8307
8109
8148
8308
8110
8149
8309
8111
8150
8310
8112
8151
8311
8113
8152
8312
8114
8153
8313
8115
8154
8314
8116
8155
8315
8117
8156
8316
8118
8157
8317
8119
8158
8318
8159
8319
8121
8160
8320
8122
8161
8321
8123
8162
8322
8124
8163
8323
8125
8164
8324
8126
8165
8325
8127
8166
8326
8128
8167
8327
8129
8168
8328
8130
8169
8329
8131
8170
8330
8132
8171
8331
8133
8172
8332
8134
8173
8333
8135
8174
8334
8136
8175
8335
8137
8176
8336
8138
8177
8337
8139
8178
8338
8140
8179
8339
8141
8180
8340
8142
8181
8341
8143
8182
8342
8144
8183
8343
8145
8184
8344
8146
8185
8345
8147
8186
8346
8148
8187
8347
8149
8188
8348
8150
8189
8349
8151
8190
8350
8152
8191
8351
8153
8192
8352
8154
8193
8353
8155
8194
8354
8156
8195
8355
8157
8196
8356
8158
8197
8357
8159
8198
8358
8199
8359
8161
8360
8162
8361
8163
8362
8164
8363
8165
8364
8166
8365
8167
8366
8168
8367
8169
8368
8170
8369
8171
8370
8172
8371
8173
8372
8174
8373
8175
8374
8176
8375
8177
8376
8178
8377
8179
8378
8180
8379
8181
8380
8182
8381
8183
8382
8184
8383
8185
8384
8186
8385
8187
8386
8188
8387
8189
8388
8190
8389
8191
8390
8192
8391
8193
8392
8194
8393
8195
8394
8196
8395
8197
8396
8198
8397
8199
8398
8399
8201
8240
8400
8202
8241
8401
8203
8242
8402
8204
8243
8403
8205
8244
8404
8206
8245
8405
8207
8246
8406
8208
8247
8407
8209
8248
8408
8210
8249
8409
8211
8250
8410
8212
8251
8411
8213
8252
8412
8214
8253
8413
8215
8254
8414
8216
8255
8415
8217
8256
8416
8218
8257
8417
8219
8258
8418
8220
8259
8419
8221
8260
8420
8222
8261
8421
8223
8262
8422
8224
8263
8423
8225
8264
8424
8226
8265
8425
8227
8266
8426
8228
8267
8427
8229
8268
8428
8230
8269
8429
8231
8270
8430
8232
8271
8431
8233
8272
8432
8234
8273
8433
8235
8274
8434
8236
8275
8435
8237
8276
8436
8238
8277
8437
8239
8278
8438
8279
8439
8241
8280
8440
8242
8281
8441
8243
8282
8442
8244
8283
8443
8245
8284
8444
8246
8285
8445
8247
8286
8446
8248
8287
8447
8249
8288
8448
8250
8289
8449
8251
8290
8450
8252
8291
8451
8253
8292
8452
8254
8293
8453
8255
8294
8454
8256
8295
8455
8257
8296
8456
8258
8297
8457
8259
8298
8458
8260
8299
8459
8261
8300
8460
8262
8301
8461
8263
8302
8462
8264
8303
8463
8265
8304
8464
8266
8305
8465
8267
8306
8466
8268
8307
8467
8269
8308
8468
8270
8309
8469
8271
8310
8470
8272
8311
8471
8273
8312
8472
8274
8313
8473
8275
8314
8474
8276
8315
8475
8277
8316
8476
8278
8317
8477
8279
8318
8478
8319
8479
8281
8320
8480
8282
8321
8481
8283
8322
8482
8284
8323
8483
8285
8324
8484
8286
8325
8485
8287
8326
8486
8288
8327
8487
8289
8328
8488
8290
8329
8489
8291
8330
8490
8292
8331
8491
8293
8332
8492
8294
8333
8493
8295
8334
8494
8296
8335
8495
8297
8336
8496
8298
8337
8497
8299
8338
8498
8300
8339
8499
8301
8340
8500
8302
8341
8501
8303
8342
8502
8304
8343
8503
8305
8344
8504
8306
8345
8505
8307
8346
8506
8308
8347
8507
8309
8348
8508
8310
8349
8509
8311
8350
8510
8312
8351
8511
8313
8352
8512
8314
8353
8513
8315
8354
8514
8316
8355
8515
8317
8356
8516
8318
8357
8517
8319
8358
8518
8359
8519
8321
8360
8520
8322
8361
8521
8323
8362
8522
8324
8363
8523
8325
8364
8524
8326
8365
8525
8327
8366
8526
8328
8367
8527
8329
8368
8528
8330
8369
8529
8331
8370
8530
8332
8371
8531
8333
8372
8532
8334
8373
8533
8335
8374
8534
8336
8375
8535
8337
8376
8536
8338
8377
8537
8339
8378
8538
8340
8379
8539
8341
8380
8540
8342
8381
8541
8343
8382
8542
8344
8383
8543
8345
8384
8544
8346
8385
8545
8347
8386
8546
8348
8387
8547
8349
8388
8548
8350
8389
8549
8351
8390
8550
8352
8391
8551
8353
8392
8552
8354
8393
8553
8355
8394
8554
8356
8395
8555
8357
8396
8556
8358
8397
8557
8359
8398
8558
8399
8559
8361
8560
8362
8561
8363
8562
8364
8563
8365
8564
8366
8565
8367
8566
8368
8567
8369
8568
8370
8569
8371
8570
8372
8571
8373
8572
8374
8573
8375
8574
8376
8575
8377
8576
8378
8577
8379
8578
8380
8579
8381
8580
8382
8581
8383
8582
8384
8583
8385
8584
8386
8585
8387
8586
8388
8587
8389
8588
8390
8589
8391
8590
8392
8591
8393
8592
8394
8593
8395
8594
8396
8595
8397
8596
8398
8597
8399
8598
8599
8401
8440
8600
8402
8441
8601
8403
8442
8602
8404
8443
8603
8405
8444
8604
8406
8445
8605
8407
8446
8606
8408
8447
8607
8409
8448
8608
8410
8449
8609
8411
8450
8610
8412
8451
8611
8413
8452
8612
8414
8453
8613
8415
8454
8614
8416
8455
8615
8417
8456
8616
8418
8457
8617
8419
8458
8618
8420
8459
8619
8421
8460
8620
8422
8461
8621
8423
8462
8622
8424
8463
8623
8425
8464
8624
8426
8465
8625
8427
8466
8626
8428
8467
8627
8429
8468
8628
8430
8469
8629
8431
8470
8630
8432
8471
8631
8433
8472
8632
8434
8473
8633
8435
8474
8634
8436
8475
8635
8437
8476
8636
8438
8477
8637
8439
8478
8638
8479
8639
8441
8480
8640
8442
8481
8641
8443
8482
8642
8444
8483
8643
8445
8484
8644
8446
8485
8645
8447
8486
8646
8448
8487
8647
8449
8488
8648
8450
8489
8649
8451
8490
8650
8452
8491
8651
8453
8492
8652
8454
8493
8653
8455
8494
8654
8456
8495
8655
8457
8496
8656
8458
8497
8657
8459
8498
8658
8460
8499
8659
8461
8500
8660
8462
8501
8661
8463
8502
8662
8464
8503
8663
8465
8504
8664
8466
8505
8665
8467
8506
8666
8468
8507
8667
8469
8508
8668
8470
8509
8669
8471
8510
8670
8472
8511
8671
8473
8512
8672
8474
8513
8673
8475
8514
8674
8476
8515
8675
8477
8516
8676
8478
8517
8677
8479
8518
8678
8519
8679
8481
8520
8680
8482
8521
8681
8483
8522
8682
8484
8523
8683
8485
8524
8684
8486
8525
8685
8487
8526
8686
8488
8527
8687
8489
8528
8688
8490
8529
8689
8491
8530
8690
8492
8531
8691
8493
8532
8692
8494
8533
8693
8495
8534
8694
8496
8535
8695
8497
8536
8696
8498
8537
8697
8499
8538
8698
8500
8539
8699
8501
8540
8700
8502
8541
8701
8503
8542
8702
8504
8543
8703
8505
8544
8704
8506
8545
8705
8507
8546
8706
8508
8547
8707
8509
8548
8708
8510
8549
8709
8511
8550
8710
8512
8551
8711
8513
8552
8712
8514
8553
8713
8515
8554
8714
8516
8555
8715
8517
8556
8716
8518
8557
8717
8519
8558
8718
8559
8719
8521
8560
8720
8522
8561
8721
8523
8562
8722
8524
8563
8723
8525
8564
8724
8526
8565
8725
8527
8566
8726
8528
8567
8727
8529
8568
8728
8530
8569
8729
8531
8570
8730
8532
8571
8731
8533
8572
8732
8534
8573
8733
8535
8574
8734
8536
8575
8735
8537
8576
8736
8538
8577
8737
8539
8578
8738
8540
8579
8739
8541
8580
8740
8542
8581
8741
8543
8582
8742
8544
8583
8743
8545
8584
8744
8546
8585
8745
8547
8586
8746
8548
8587
8747
8549
8588
8748
8550
8589
8749
8551
8590
8750
8552
8591
8751
8553
8592
8752
8554
8593
8753
8555
8594
8754
8556
8595
8755
8557
8596
8756
8558
8597
8757
8559
8598
8758
8599
8759
8561
8760
8562
8761
8563
8762
8564
8763
8565
8764
8566
8765
8567
8766
8568
8767
8569
8768
8570
8769
8571
8770
8572
8771
8573
8772
8574
8773
8575
8774
8576
8775
8577
8776
8578
8777
8579
8778
8580
8779
8581
8780
8582
8781
8583
8782
8584
8783
8585
8784
8586
8785
8587
8786
8588
8787
8589
8788
8590
8789
8591
8790
8592
8791
8593
8792
8594
8793
8595
8794
8596
8795
8597
8796
8598
8797
8599
8798
8799
8601
8640
8800
8602
8641
8801
8603
8642
8802
8604
8643
8803
8605
8644
8804
8606
8645
8805
8607
8646
8806
8608
8647
8807
8609
8648
8808
8610
8649
8809
8611
8650
8810
8612
8651
8811
8613
8652
8812
8614
8653
8813
8615
8654
8814
8616
8655
8815
8617
8656
8816
8618
8657
8817
8619
8658
8818
8620
8659
8819
8621
8660
8820
8622
8661
8821
8623
8662
8822
8624
8663
8823
8625
8664
8824
8626
8665
8825
8627
8666
8826
8628
8667
8827
8629
8668
8828
8630
8669
8829
8631
8670
8830
8632
8671
8831
8633
8672
8832
8634
8673
8833
8635
8674
8834
8636
8675
8835
8637
8676
8836
8638
8677
8837
8639
8678
8838
8679
8839
8641
8680
8840
8642
8681
8841
8643
8682
8842
8644
8683
8843
8645
8684
8844
8646
8685
8845
8647
8686
8846
8648
8687
8847
8649
8688
8848
8650
8689
8849
8651
8690
8850
8652
8691
8851
8653
8692
8852
8654
8693
8853
8655
8694
8854
8656
8695
8855
8657
8696
8856
8658
8697
8857
8659
8698
8858
8660
8699
8859
8661
8700
8860
8662
8701
8861
8663
8702
8862
8664
8703
8863
8665
8704
8864
8666
8705
8865
8667
8706
8866
8668
8707
8867
8669
8708
8868
8670
8709
8869
8671
8710
8870
8672
8711
8871
8673
8712
8872
8674
8713
8873
8675
8714
8874
8676
8715
8875
8677
8716
8876
8678
8717
8877
8679
8718
8878
8719
8879
8681
8720
8880
8682
8721
8881
8683
8722
8882
8684
8723
8883
8685
8724
8884
8686
8725
8885
8687
8726
8886
8688
8727
8887
8689
8728
8888
8690
8729
8889
8691
8730
8890
8692
8731
8891
8693
8732
8892
8694
8733
8893
8695
8734
8894
8696
8735
8895
8697
8736
8896
8698
8737
8897
8699
8738
8898
8700
8739
8899
8701
8740
8900
8702
8741
8901
8703
8742
8902
8704
8743
8903
8705
8744
8904
8706
8745
8905
8707
8746
8906
8708
8747
8907
8709
8748
8908
8710
8749
8909
8711
8750
8910
8712
8751
8911
8713
8752
8912
8714
8753
8913
8715
8754
8914
8716
8755
8915
8717
8756
8916
8718
8757
8917
8719
8758
8918
8759
8919
8721
8760
8920
8722
8761
8921
8723
8762
8922
8724
8763
8923
8725
8764
8924
8726
8765
8925
8727
8766
8926
8728
8767
8927
8729
8768
8928
8730
8769
8929
8731
8770
8930
8732
8771
8931
8733
8772
8932
8734
8773
8933
8735
8774
8934
8736
8775
8935
8737
8776
8936
8738
8777
8937
8739
8778
8938
8740
8779
8939
8741
8780
8940
8742
8781
8941
8743
8782
8942
8744
8783
8943
8745
8784
8944
8746
8785
8945
8747
8786
8946
8748
8787
8947
8749
8788
8948
8750
8789
8949
8751
8790
8950
8752
8791
8951
8753
8792
8952
8754
8793
8953
8755
8794
8954
8756
8795
8955
8757
8796
8956
8758
8797
8957
8759
8798
8958
8799
8959
8761
8960
8762
8961
8763
8962
8764
8963
8765
8964
8766
8965
8767
8966
8768
8967
8769
8968
8770
8969
8771
8970
8772
8971
8773
8972
8774
8973
8775
8974
8776
8975
8777
8976
8778
8977
8779
8978
8780
8979
8781
8980
8782
8981
8783
8982
8784
8983
8785
8984
8786
8985
8787
8986
8788
8987
8789
8988
8790
8989
8791
8990
8792
8991
8793
8992
8794
8993
8795
8994
8796
8995
8797
8996
8798
8997
8799
8998
8999
8801
8840
9000
8802
8841
9001
8803
8842
9002
8804
8843
9003
8805
8844
9004
8806
8845
9005
8807
8846
9006
8808
8847
9007
8809
8848
9008
8810
8849
9009
8811
8850
9010
8812
8851
9011
8813
8852
9012
8814
8853
9013
8815
8854
9014
8816
8855
9015
8817
8856
9016
8818
8857
9017
8819
8858
9018
8820
8859
9019
8821
8860
9020
8822
8861
9021
8823
8862
9022
8824
8863
9023
8825
8864
9024
8826
8865
9025
8827
8866
9026
8828
8867
9027
8829
8868
9028
8830
8869
9029
8831
8870
9030
8832
8871
9031
8833
8872
9032
8834
8873
9033
8835
8874
9034
8836
8875
9035
8837
8876
9036
8838
8877
9037
8839
8878
9038
8879
9039
8841
8880
9040
8842
8881
9041
8843
8882
9042
8844
8883
9043
8845
8884
9044
8846
8885
9045
8847
8886
9046
8848
8887
9047
8849
8888
9048
8850
8889
9049
8851
8890
9050
8852
8891
9051
8853
8892
9052
8854
8893
9053
8855
8894
9054
8856
8895
9055
8857
8896
9056
8858
8897
9057
8859
8898
9058
8860
8899
9059
8861
8900
9060
8862
8901
9061
8863
8902
9062
8864
8903
9063
8865
8904
9064
8866
8905
9065
8867
8906
9066
8868
8907
9067
8869
8908
9068
8870
8909
9069
8871
8910
9070
8872
8911
9071
8873
8912
9072
8874
8913
9073
8875
8914
9074
8876
8915
9075
8877
8916
9076
8878
8917
9077
8879
8918
9078
8919
9079
8881
8920
9080
8882
8921
9081
8883
8922
9082
8884
8923
9083
8885
8924
9084
8886
8925
9085
8887
8926
9086
8888
8927
9087
8889
8928
9088
8890
8929
9089
8891
8930
9090
8892
8931
9091
8893
8932
9092
8894
8933
9093
8895
8934
9094
8896
8935
9095
8897
8936
9096
8898
8937
9097
8899
8938
9098
8900
8939
9099
8901
8940
9100
8902
8941
9101
8903
8942
9102
8904
8943
9103
8905
8944
9104
8906
8945
9105
8907
8946
9106
8908
8947
9107
8909
8948
9108
8910
8949
9109
8911
8950
9110
8912
8951
9111
8913
8952
9112
8914
8953
9113
8915
8954
9114
8916
8955
9115
8917
8956
9116
8918
8957
9117
8919
8958
9118
8959
9119
8921
8960
9120
8922
8961
9121
8923
8962
9122
8924
8963
9123
8925
8964
9124
8926
8965
9125
8927
8966
9126
8928
8967
9127
8929
8968
9128
8930
8969
9129
8931
8970
9130
8932
8971
9131
8933
8972
9132
8934
8973
9133
8935
8974
9134
8936
8975
9135
8937
8976
9136
8938
8977
9137
8939
8978
9138
8940
8979
9139
8941
8980
9140
8942
8981
9141
8943
8982
9142
8944
8983
9143
8945
8984
9144
8946
8985
9145
8947
8986
9146
8948
8987
9147
8949
8988
9148
8950
8989
9149
8951
8990
9150
8952
8991
9151
8953
8992
9152
8954
8993
9153
8955
8994
9154
8956
8995
9155
8957
8996
9156
8958
8997
9157
8959
8998
9158
8999
9159
8961
9160
8962
9161
8963
9162
8964
9163
8965
9164
8966
9165
8967
9166
8968
9167
8969
9168
8970
9169
8971
9170
8972
9171
8973
9172
8974
9173
8975
9174
8976
9175
8977
9176
8978
9177
8979
9178
8980
9179
8981
9180
8982
9181
8983
9182
8984
9183
8985
9184
8986
9185
8987
9186
8988
9187
8989
9188
8990
9189
8991
9190
8992
9191
8993
9192
8994
9193
8995
9194
8996
9195
8997
9196
8998
9197
8999
9198
9199
9001
9040
9200
9002
9041
9201
9003
9042
9202
9004
9043
9203
9005
9044
9204
9006
9045
9205
9007
9046
9206
9008
9047
9207
9009
9048
9208
9010
9049
9209
9011
9050
9210
9012
9051
9211
9013
9052
9212
9014
9053
9213
9015
9054
9214
9016
9055
9215
9017
9056
9216
9018
9057
9217
9019
9058
9218
9020
9059
9219
9021
9060
9220
9022
9061
9221
9023
9062
9222
9024
9063
9223
9025
9064
9224
9026
9065
9225
9027
9066
9226
9028
9067
9227
9029
9068
9228
9030
9069
9229
9031
9070
9230
9032
9071
9231
9033
9072
9232
9034
9073
9233
9035
9074
9234
9036
9075
9235
9037
9076
9236
9038
9077
9237
9039
9078
9238
9079
9239
9041
9080
9240
9042
9081
9241
9043
9082
9242
9044
9083
9243
9045
9084
9244
9046
9085
9245
9047
9086
9246
9048
9087
9247
9049
9088
9248
9050
9089
9249
9051
9090
9250
9052
9091
9251
9053
9092
9252
9054
9093
9253
9055
9094
9254
9056
9095
9255
9057
9096
9256
9058
9097
9257
9059
9098
9258
9060
9099
9259
9061
9100
9260
9062
9101
9261
9063
9102
9262
9064
9103
9263
9065
9104
9264
9066
9105
9265
9067
9106
9266
9068
9107
9267
9069
9108
9268
9070
9109
9269
9071
9110
9270
9072
9111
9271
9073
9112
9272
9074
9113
9273
9075
9114
9274
9076
9115
9275
9077
9116
9276
9078
9117
9277
9079
9118
9278
9119
9279
9081
9120
9280
9082
9121
9281
9083
9122
9282
9084
9123
9283
9085
9124
9284
9086
9125
9285
9087
9126
9286
9088
9127
9287
9089
9128
9288
9090
9129
9289
9091
9130
9290
9092
9131
9291
9093
9132
9292
9094
9133
9293
9095
9134
9294
9096
9135
9295
9097
9136
9296
9098
9137
9297
9099
9138
9298
9100
9139
9299
9101
9140
9300
9102
9141
9301
9103
9142
9302
9104
9143
9303
9105
9144
9304
9106
9145
9305
9107
9146
9306
9108
9147
9307
9109
9148
9308
9110
9149
9309
9111
9150
9310
9112
9151
9311
9113
9152
9312
9114
9153
9313
9115
9154
9314
9116
9155
9315
9117
9156
9316
9118
9157
9317
9119
9158
9318
9159
9319
9121
9160
9320
9122
9161
9321
9123
9162
9322
9124
9163
9323
9125
9164
9324
9126
9165
9325
9127
9166
9326
9128
9167
9327
9129
9168
9328
9130
9169
9329
9131
9170
9330
9132
9171
9331
9133
9172
9332
9134
9173
9333
9135
9174
9334
9136
9175
9335
9137
9176
9336
9138
9177
9337
9139
9178
9338
9140
9179
9339
9141
9180
9340
9142
9181
9341
9143
9182
9342
9144
9183
9343
9145
9184
9344
9146
9185
9345
9147
9186
9346
9148
9187
9347
9149
9188
9348
9150
9189
9349
9151
9190
9350
9152
9191
9351
9153
9192
9352
9154
9193
9353
9155
9194
9354
9156
9195
9355
9157
9196
9356
9158
9197
9357
9159
9198
9358
9199
9359
9161
9360
9162
9361
9163
9362
9164
9363
9165
9364
9166
9365
9167
9366
9168
9367
9169
9368
9170
9369
9171
9370
9172
9371
9173
9372
9174
9373
9175
9374
9176
9375
9177
9376
9178
9377
9179
9378
9180
9379
9181
9380
9182
9381
9183
9382
9184
9383
9185
9384
9186
9385
9187
9386
9188
9387
9189
9388
9190
9389
9191
9390
9192
9391
9193
9392
9194
9393
9195
9394
9196
9395
9197
9396
9198
9397
9199
9398
9399
9201
9240
9400
9202
9241
9401
9203
9242
9402
9204
9243
9403
9205
9244
9404
9206
9245
9405
9207
9246
9406
9208
9247
9407
9209
9248
9408
9210
9249
9409
9211
9250
9410
9212
9251
9411
9213
9252
9412
9214
9253
9413
9215
9254
9414
9216
9255
9415
9217
9256
9416
9218
9257
9417
9219
9258
9418
9220
9259
9419
9221
9260
9420
9222
9261
9421
9223
9262
9422
9224
9263
9423
9225
9264
9424
9226
9265
9425
9227
9266
9426
9228
9267
9427
9229
9268
9428
9230
9269
9429
9231
9270
9430
9232
9271
9431
9233
9272
9432
9234
9273
9433
9235
9274
9434
9236
9275
9435
9237
9276
9436
9238
9277
9437
9239
9278
9438
9279
9439
9241
9280
9440
9242
9281
9441
9243
9282
9442
9244
9283
9443
9245
9284
9444
9246
9285
9445
9247
9286
9446
9248
9287
9447
9249
9288
9448
9250
9289
9449
9251
9290
9450
9252
9291
9451
9253
9292
9452
9254
9293
9453
9255
9294
9454
9256
9295
9455
9257
9296
9456
9258
9297
9457
9259
9298
9458
9260
9299
9459
9261
9300
9460
9262
9301
9461
9263
9302
9462
9264
9303
9463
9265
9304
9464
9266
9305
9465
9267
9306
9466
9268
9307
9467
9269
9308
9468
9270
9309
9469
9271
9310
9470
9272
9311
9471
9273
9312
9472
9274
9313
9473
9275
9314
9474
9276
9315
9475
9277
9316
9476
9278
9317
9477
9279
9318
9478
9319
9479
9281
9320
9480
9282
9321
9481
9283
9322
9482
9284
9323
9483
9285
9324
9484
9286
9325
9485
9287
9326
9486
9288
9327
9487
9289
9328
9488
9290
9329
9489
9291
9330
9490
9292
9331
9491
9293
9332
9492
9294
9333
9493
9295
9334
9494
9296
9335
9495
9297
9336
9496
9298
9337
9497
9299
9338
9498
9300
9339
9499
9301
9340
9500
9302
9341
9501
9303
9342
9502
9304
9343
9503
9305
9344
9504
9306
9345
9505
9307
9346
9506
9308
9347
9507
9309
9348
9508
9310
9349
9509
9311
9350
9510
9312
9351
9511
9313
9352
9512
9314
9353
9513
9315
9354
9514
9316
9355
9515
9317
9356
9516
9318
9357
9517
9319
9358
9518
9359
9519
9321
9360
9520
9322
9361
9521
9323
9362
9522
9324
9363
9523
9325
9364
9524
9326
9365
9525
9327
9366
9526
9328
9367
9527
9329
9368
9528
9330
9369
9529
9331
9370
9530
9332
9371
9531
9333
9372
9532
9334
9373
9533
9335
9374
9534
9336
9375
9535
9337
9376
9536
9338
9377
9537
9339
9378
9538
9340
9379
9539
9341
9380
9540
9342
9381
9541
9343
9382
9542
9344
9383
9543
9345
9384
9544
9346
9385
9545
9347
9386
9546
9348
9387
9547
9349
9388
9548
9350
9389
9549
9351
9390
9550
9352
9391
9551
9353
9392
9552
9354
9393
9553
9355
9394
9554
9356
9395
9555
9357
9396
9556
9358
9397
9557
9359
9398
9558
9399
9559
9361
9560
9362
9561
9363
9562
9364
9563
9365
9564
9366
9565
9367
9566
9368
9567
9369
9568
9370
9569
9371
9570
9372
9571
9373
9572
9374
9573
9375
9574
9376
9575
9377
9576
9378
9577
9379
9578
9380
9579
9381
9580
9382
9581
9383
9582
9384
9583
9385
9584
9386
9585
9387
9586
9388
9587
9389
9588
9390
9589
9391
9590
9392
9591
9393
9592
9394
9593
9395
9594
9396
9595
9397
9596
9398
9597
9399
9598
9599
9401
9440
9600
9402
9441
9601
9403
9442
9602
9404
9443
9603
9405
9444
9604
9406
9445
9605
9407
9446
9606
9408
9447
9607
9409
9448
9608
9410
9449
9609
9411
9450
9610
9412
9451
9611
9413
9452
9612
9414
9453
9613
9415
9454
9614
9416
9455
9615
9417
9456
9616
9418
9457
9617
9419
9458
9618
9420
9459
9619
9421
9460
9620
9422
9461
9621
9423
9462
9622
9424
9463
9623
9425
9464
9624
9426
9465
9625
9427
9466
9626
9428
9467
9627
9429
9468
9628
9430
9469
9629
9431
9470
9630
9432
9471
9631
9433
9472
9632
9434
9473
9633
9435
9474
9634
9436
9475
9635
9437
9476
9636
9438
9477
9637
9439
9478
9638
9479
9639
9441
9480
9640
9442
9481
9641
9443
9482
9642
9444
9483
9643
9445
9484
9644
9446
9485
9645
9447
9486
9646
9448
9487
9647
9449
9488
9648
9450
9489
9649
9451
9490
9650
9452
9491
9651
9453
9492
9652
9454
9493
9653
9455
9494
9654
9456
9495
9655
9457
9496
9656
9458
9497
9657
9459
9498
9658
9460
9499
9659
9461
9500
9660
9462
9501
9661
9463
9502
9662
9464
9503
9663
9465
9504
9664
9466
9505
9665
9467
9506
9666
9468
9507
9667
9469
9508
9668
9470
9509
9669
9471
9510
9670
9472
9511
9671
9473
9512
9672
9474
9513
9673
9475
9514
9674
9476
9515
9675
9477
9516
9676
9478
9517
9677
9479
9518
9678
9519
9679
9481
9520
9680
9482
9521
9681
9483
9522
9682
9484
9523
9683
9485
9524
9684
9486
9525
9685
9487
9526
9686
9488
9527
9687
9489
9528
9688
9490
9529
9689
9491
9530
9690
9492
9531
9691
9493
9532
9692
9494
9533
9693
9495
9534
9694
9496
9535
9695
9497
9536
9696
9498
9537
9697
9499
9538
9698
9500
9539
9699
9501
9540
9700
9502
9541
9701
9503
9542
9702
9504
9543
9703
9505
9544
9704
9506
9545
9705
9507
9546
9706
9508
9547
9707
9509
9548
9708
9510
9549
9709
9511
9550
9710
9512
9551
9711
9513
9552
9712
9514
9553
9713
9515
9554
9714
9516
9555
9715
9517
9556
9716
9518
9557
9717
9519
9558
9718
9559
9719
9521
9560
9720
9522
9561
9721
9523
9562
9722
9524
9563
9723
9525
9564
9724
9526
9565
9725
9527
9566
9726
9528
9567
9727
9529
9568
9728
9530
9569
9729
9531
9570
9730
9532
9571
9731
9533
9572
9732
9534
9573
9733
9535
9574
9734
9536
9575
9735
9537
9576
9736
9538
9577
9737
9539
9578
9738
9540
9579
9739
9541
9580
9740
9542
9581
9741
9543
9582
9742
9544
9583
9743
9545
9584
9744
9546
9585
9745
9547
9586
9746
9548
9587
9747
9549
9588
9748
9550
9589
9749
9551
9590
9750
9552
9591
9751
9553
9592
9752
9554
9593
9753
9555
9594
9754
9556
9595
9755
9557
9596
9756
9558
9597
9757
9559
9598
9758
9599
9759
9561
9760
9562
9761
9563
9762
9564
9763
9565
9764
9566
9765
9567
9766
9568
9767
9569
9768
9570
9769
9571
9770
9572
9771
9573
9772
9574
9773
9575
9774
9576
9775
9577
9776
9578
9777
9579
9778
9580
9779
9581
9780
9582
9781
9583
9782
9584
9783
9585
9784
9586
9785
9587
9786
9588
9787
9589
9788
9590
9789
9591
9790
9592
9791
9593
9792
9594
9793
9595
9794
9596
9795
9597
9796
9598
9797
9599
9798
9799
9601
9640
9800
9602
9641
9801
9603
9642
9802
9604
9643
9803
9605
9644
9804
9606
9645
9805
9607
9646
9806
9608
9647
9807
9609
9648
9808
9610
9649
9809
9611
9650
9810
9612
9651
9811
9613
9652
9812
9614
9653
9813
9615
9654
9814
9616
9655
9815
9617
9656
9816
9618
9657
9817
9619
9658
9818
9620
9659
9819
9621
9660
9820
9622
9661
9821
9623
9662
9822
9624
9663
9823
9625
9664
9824
9626
9665
9825
9627
9666
9826
9628
9667
9827
9629
9668
9828
9630
9669
9829
9631
9670
9830
9632
9671
9831
9633
9672
9832
9634
9673
9833
9635
9674
9834
9636
9675
9835
9637
9676
9836
9638
9677
9837
9639
9678
9838
9679
9839
9641
9680
9840
9642
9681
9841
9643
9682
9842
9644
9683
9843
9645
9684
9844
9646
9685
9845
9647
9686
9846
9648
9687
9847
9649
9688
9848
9650
9689
9849
9651
9690
9850
9652
9691
9851
9653
9692
9852
9654
9693
9853
9655
9694
9854
9656
9695
9855
9657
9696
9856
9658
9697
9857
9659
9698
9858
9660
9699
9859
9661
9700
9860
9662
9701
9861
9663
9702
9862
9664
9703
9863
9665
9704
9864
9666
9705
9865
9667
9706
9866
9668
9707
9867
9669
9708
9868
9670
9709
9869
9671
9710
9870
9672
9711
9871
9673
9712
9872
9674
9713
9873
9675
9714
9874
9676
9715
9875
9677
9716
9876
9678
9717
9877
9679
9718
9878
9719
9879
9681
9720
9880
9682
9721
9881
9683
9722
9882
9684
9723
9883
9685
9724
9884
9686
9725
9885
9687
9726
9886
9688
9727
9887
9689
9728
9888
9690
9729
9889
9691
9730
9890
9692
9731
9891
9693
9732
9892
9694
9733
9893
9695
9734
9894
9696
9735
9895
9697
9736
9896
9698
9737
9897
9699
9738
9898
9700
9739
9899
9701
9740
9900
9702
9741
9901
9703
9742
9902
9704
9743
9903
9705
9744
9904
9706
9745
9905
9707
9746
9906
9708
9747
9907
9709
9748
9908
9710
9749
9909
9711
9750
9910
9712
9751
9911
9713
9752
9912
9714
9753
9913
9715
9754
9914
9716
9755
9915
9717
9756
9916
9718
9757
9917
9719
9758
9918
9759
9919
9721
9760
9920
9722
9761
9921
9723
9762
9922
9724
9763
9923
9725
9764
9924
9726
9765
9925
9727
9766
9926
9728
9767
9927
9729
9768
9928
9730
9769
9929
9731
9770
9930
9732
9771
9931
9733
9772
9932
9734
9773
9933
9735
9774
9934
9736
9775
9935
9737
9776
9936
9738
9777
9937
9739
9778
9938
9740
9779
9939
9741
9780
9940
9742
9781
9941
9743
9782
9942
9744
9783
9943
9745
9784
9944
9746
9785
9945
9747
9786
9946
9748
9787
9947
9749
9788
9948
9750
9789
9949
9751
9790
9950
9752
9791
9951
9753
9792
9952
9754
9793
9953
9755
9794
9954
9756
9795
9955
9757
9796
9956
9758
9797
9957
9759
9798
9958
9799
9959
9761
9960
9762
9961
9763
9962
9764
9963
9765
9964
9766
9965
9767
9966
9768
9967
9769
9968
9770
9969
9771
9970
9772
9971
9773
9972
9774
9973
9775
9974
9776
9975
9777
9976
9778
9977
9779
9978
9780
9979
9781
9980
9782
9981
9783
9982
9784
9983
9785
9984
9786
9985
9787
9986
9788
9987
9789
9988
9790
9989
9791
9990
9792
9991
9793
9992
9794
9993
9795
9994
9796
9995
9797
9996
9798
9997
9799
9998
9999
9801
9840
10000
9802
9841
10001
9803
9842
10002
9804
9843
10003
9805
9844
10004
9806
9845
10005
9807
9846
10006
9808
9847
10007
9809
9848
10008
9810
9849
10009
9811
9850
10010
9812
9851
10011
9813
9852
10012
9814
9853
10013
9815
9854
10014
9816
9855
10015
9817
9856
10016
9818
9857
10017
9819
9858
10018
9820
9859
10019
9821
9860
10020
9822
9861
10021
9823
9862
10022
9824
9863
10023
9825
9864
10024
9826
9865
10025
9827
9866
10026
9828
9867
10027
9829
9868
10028
9830
9869
10029
9831
9870
10030
9832
9871
10031
9833
9872
10032
9834
9873
10033
9835
9874
10034
9836
9875
10035
9837
9876
10036
9838
9877
10037
9839
9878
10038
9879
10039
9841
9880
10040
9842
9881
10041
9843
9882
10042
9844
9883
10043
9845
9884
10044
9846
9885
10045
9847
9886
10046
9848
9887
10047
9849
9888
10048
9850
9889
10049
9851
9890
10050
9852
9891
10051
9853
9892
10052
9854
9893
10053
9855
9894
10054
9856
9895
10055
9857
9896
10056
9858
9897
10057
9859
9898
10058
9860
9899
10059
9861
9900
10060
9862
9901
10061
9863
9902
10062
9864
9903
10063
9865
9904
10064
9866
9905
10065
9867
9906
10066
9868
9907
10067
9869
9908
10068
9870
9909
10069
9871
9910
10070
9872
9911
10071
9873
9912
10072
9874
9913
10073
9875
9914
10074
9876
9915
10075
9877
9916
10076
9878
9917
10077
9879
9918
10078
9919
10079
9881
9920
10080
9882
9921
10081
9883
9922
10082
9884
9923
10083
9885
9924
10084
9886
9925
10085
9887
9926
10086
9888
9927
10087
9889
9928
10088
9890
9929
10089
9891
9930
10090
9892
9931
10091
9893
9932
10092
9894
9933
10093
9895
9934
10094
9896
9935
10095
9897
9936
10096
9898
9937
10097
9899
9938
10098
9900
9939
10099
9901
9940
10100
9902
9941
10101
9903
9942
10102
9904
9943
10103
9905
9944
10104
9906
9945
10105
9907
9946
10106
9908
9947
10107
9909
9948
10108
9910
9949
10109
9911
9950
10110
9912
9951
10111
9913
9952
10112
9914
9953
10113
9915
9954
10114
9916
9955
10115
9917
9956
10116
9918
9957
10117
9919
9958
10118
9959
10119
9921
9960
10120
9922
9961
10121
9923
9962
10122
9924
9963
10123
9925
9964
10124
9926
9965
10125
9927
9966
10126
9928
9967
10127
9929
9968
10128
9930
9969
10129
9931
9970
10130
9932
9971
10131
9933
9972
10132
9934
9973
10133
9935
9974
10134
9936
9975
10135
9937
9976
10136
9938
9977
10137
9939
9978
10138
9940
9979
10139
9941
9980
10140
9942
9981
10141
9943
9982
10142
9944
9983
10143
9945
9984
10144
9946
9985
10145
9947
9986
10146
9948
9987
10147
9949
9988
10148
9950
9989
10149
9951
9990
10150
9952
9991
10151
9953
9992
10152
9954
9993
10153
9955
9994
10154
9956
9995
10155
9957
9996
10156
9958
9997
10157
9959
9998
10158
9999
10159
9961
10160
9962
10161
9963
10162
9964
10163
9965
10164
9966
10165
9967
10166
9968
10167
9969
10168
9970
10169
9971
10170
9972
10171
9973
10172
9974
10173
9975
10174
9976
10175
9977
10176
9978
10177
9979
10178
9980
10179
9981
10180
9982
10181
9983
10182
9984
10183
9985
10184
9986
10185
9987
10186
9988
10187
9989
10188
9990
10189
9991
10190
9992
10191
9993
10192
9994
10193
9995
10194
9996
10195
9997
10196
9998
10197
9999
10198
10199
10001
10040
10200
10002
10041
10201
10003
10042
10202
10004
10043
10203
10005
10044
10204
10006
10045
10205
10007
10046
10206
10008
10047
10207
10009
10048
10208
10010
10049
10209
10011
10050
10210
10012
10051
10211
10013
10052
10212
10014
10053
10213
10015
10054
10214
10016
10055
10215
10017
10056
10216
10018
10057
10217
10019
10058
10218
10020
10059
10219
10021
10060
10220
10022
10061
10221
10023
10062
10222
10024
10063
10223
10025
10064
10224
10026
10065
10225
10027
10066
10226
10028
10067
10227
10029
10068
10228
10030
10069
10229
10031
10070
10230
10032
10071
10231
10033
10072
10232
10034
10073
10233
10035
10074
10234
10036
10075
10235
10037
10076
10236
10038
10077
10237
10039
10078
10238
10079
10239
10041
10080
10240
10042
10081
10241
10043
10082
10242
10044
10083
10243
10045
10084
10244
10046
10085
10245
10047
10086
10246
10048
10087
10247
10049
10088
10248
10050
10089
10249
10051
10090
10250
10052
10091
10251
10053
10092
10252
10054
10093
10253
10055
10094
10254
10056
10095
10255
10057
10096
10256
10058
10097
10257
10059
10098
10258
10060
10099
10259
10061
10100
10260
10062
10101
10261
10063
10102
10262
10064
10103
10263
10065
10104
10264
10066
10105
10265
10067
10106
10266
10068
10107
10267
10069
10108
10268
10070
10109
10269
10071
10110
10270
10072
10111
10271
10073
10112
10272
10074
10113
10273
10075
10114
10274
10076
10115
10275
10077
10116
10276
10078
10117
10277
10079
10118
10278
10119
10279
10081
10120
10280
10082
10121
10281
10083
10122
10282
10084
10123
10283
10085
10124
10284
10086
10125
10285
10087
10126
10286
10088
10127
10287
10089
10128
10288
10090
10129
10289
10091
10130
10290
10092
10131
10291
10093
10132
10292
10094
10133
10293
10095
10134
10294
10096
10135
10295
10097
10136
10296
10098
10137
10297
10099
10138
10298
10100
10139
10299
10101
10140
10300
10102
10141
10301
10103
10142
10302
10104
10143
10303
10105
10144
10304
10106
10145
10305
10107
10146
10306
10108
10147
10307
10109
10148
10308
10110
10149
10309
10111
10150
10310
10112
10151
10311
10113
10152
10312
10114
10153
10313
10115
10154
10314
10116
10155
10315
10117
10156
10316
10118
10157
10317
10119
10158
10318
10159
10319
10121
10160
10320
10122
10161
10321
10123
10162
10322
10124
10163
10323
10125
10164
10324
10126
10165
10325
10127
10166
10326
10128
10167
10327
10129
10168
10328
10130
10169
10329
10131
10170
10330
10132
10171
10331
10133
10172
10332
10134
10173
10333
10135
10174
10334
10136
10175
10335
10137
10176
10336
10138
10177
10337
10139
10178
10338
10140
10179
10339
10141
10180
10340
10142
10181
10341
10143
10182
10342
10144
10183
10343
10145
10184
10344
10146
10185
10345
10147
10186
10346
10148
10187
10347
10149
10188
10348
10150
10189
10349
10151
10190
10350
10152
10191
10351
10153
10192
10352
10154
10193
10353
10155
10194
10354
10156
10195
10355
10157
10196
10356
10158
10197
10357
10159
10198
10358
10199
10359
10161
10360
10162
10361
10163
10362
10164
10363
10165
10364
10166
10365
10167
10366
10168
10367
10169
10368
10170
10369
10171
10370
10172
10371
10173
10372
10174
10373
10175
10374
10176
10375
10177
10376
10178
10377
10179
10378
10180
10379
10181
10380
10182
10381
10183
10382
10184
10383
10185
10384
10186
10385
10187
10386
10188
10387
10189
10388
10190
10389
10191
10390
10192
10391
10193
10392
10194
10393
10195
10394
10196
10395
10197
10396
10198
10397
10199
10398
10399
10201
10240
10400
10202
10241
10401
10203
10242
10402
10204
10243
10403
10205
10244
10404
10206
10245
10405
10207
10246
10406
10208
10247
10407
10209
10248
10408
10210
10249
10409
10211
10250
10410
10212
10251
10411
10213
10252
10412
10214
10253
10413
10215
10254
10414
10216
10255
10415
10217
10256
10416
10218
10257
10417
10219
10258
10418
10220
10259
10419
10221
10260
10420
10222
10261
10421
10223
10262
10422
10224
10263
10423
10225
10264
10424
10226
10265
10425
10227
10266
10426
10228
10267
10427
10229
10268
10428
10230
10269
10429
10231
10270
10430
10232
10271
10431
10233
10272
10432
10234
10273
10433
10235
10274
10434
10236
10275
10435
10237
10276
10436
10238
10277
10437
10239
10278
10438
10279
10439
10241
10280
10440
10242
10281
10441
10243
10282
10442
10244
10283
10443
10245
10284
10444
10246
10285
10445
10247
10286
10446
10248
10287
10447
10249
10288
10448
10250
10289
10449
10251
10290
10450
10252
10291
10451
10253
10292
10452
10254
10293
10453
10255
10294
10454
10256
10295
10455
10257
10296
10456
10258
10297
10457
10259
10298
10458
10260
10299
10459
10261
10300
10460
10262
10301
10461
10263
10302
10462
10264
10303
10463
10265
10304
10464
10266
10305
10465
10267
10306
10466
10268
10307
10467
10269
10308
10468
10270
10309
10469
10271
10310
10470
10272
10311
10471
10273
10312
10472
10274
10313
10473
10275
10314
10474
10276
10315
10475
10277
10316
10476
10278
10317
10477
10279
10318
10478
10319
10479
10281
10320
10480
10282
10321
10481
10283
10322
10482
10284
10323
10483
10285
10324
10484
10286
10325
10485
10287
10326
10486
10288
10327
10487
10289
10328
10488
10290
10329
10489
10291
10330
10490
10292
10331
10491
10293
10332
10492
10294
10333
10493
10295
10334
10494
10296
10335
10495
10297
10336
10496
10298
10337
10497
10299
10338
10498
10300
10339
10499
10301
10340
10500
10302
10341
10501
10303
10342
10502
10304
10343
10503
10305
10344
10504
10306
10345
10505
10307
10346
10506
10308
10347
10507
10309
10348
10508
10310
10349
10509
10311
10350
10510
10312
10351
10511
10313
10352
10512
10314
10353
10513
10315
10354
10514
10316
10355
10515
10317
10356
10516
10318
10357
10517
10319
10358
10518
10359
10519
10321
10360
10520
10322
10361
10521
10323
10362
10522
10324
10363
10523
10325
10364
10524
10326
10365
10525
10327
10366
10526
10328
10367
10527
10329
10368
10528
10330
10369
10529
10331
10370
10530
10332
10371
10531
10333
10372
10532
10334
10373
10533
10335
10374
10534
10336
10375
10535
10337
10376
10536
10338
10377
10537
10339
10378
10538
10340
10379
10539
10341
10380
10540
10342
10381
10541
10343
10382
10542
10344
10383
10543
10345
10384
10544
10346
10385
10545
10347
10386
10546
10348
10387
10547
10349
10388
10548
10350
10389
10549
10351
10390
10550
10352
10391
10551
10353
10392
10552
10354
10393
10553
10355
10394
10554
10356
10395
10555
10357
10396
10556
10358
10397
10557
10359
10398
10558
10399
10559
10361
10560
10362
10561
10363
10562
10364
10563
10365
10564
10366
10565
10367
10566
10368
10567
10369
10568
10370
10569
10371
10570
10372
10571
10373
10572
10374
10573
10375
10574
10376
10575
10377
10576
10378
10577
10379
10578
10380
10579
10381
10580
10382
10581
10383
10582
10384
10583
10385
10584
10386
10585
10387
10586
10388
10587
10389
10588
10390
10589
10391
10590
10392
10591
10393
10592
10394
10593
10395
10594
10396
10595
10397
10596
10398
10597
10399
10598
10599
10401
10440
10600
10402
10441
10601
10403
10442
10602
10404
10443
10603
10405
10444
10604
10406
10445
10605
10407
10446
10606
10408
10447
10607
10409
10448
10608
10410
10449
10609
10411
10450
10610
10412
10451
10611
10413
10452
10612
10414
10453
10613
10415
10454
10614
10416
10455
10615
10417
10456
10616
10418
10457
10617
10419
10458
10618
10420
10459
10619
10421
10460
10620
10422
10461
10621
10423
10462
10622
10424
10463
10623
10425
10464
10624
10426
10465
10625
10427
10466
10626
10428
10467
10627
10429
10468
10628
10430
10469
10629
10431
10470
10630
10432
10471
10631
10433
10472
10632
10434
10473
10633
10435
10474
10634
10436
10475
10635
10437
10476
10636
10438
10477
10637
10439
10478
10638
10479
10639
10441
10480
10640
10442
10481
10641
10443
10482
10642
10444
10483
10643
10445
10484
10644
10446
10485
10645
10447
10486
10646
10448
10487
10647
10449
10488
10648
10450
10489
10649
10451
10490
10650
10452
10491
10651
10453
10492
10652
10454
10493
10653
10455
10494
10654
10456
10495
10655
10457
10496
10656
10458
10497
10657
10459
10498
10658
10460
10499
10659
10461
10500
10660
10462
10501
10661
10463
10502
10662
10464
10503
10663
10465
10504
10664
10466
10505
10665
10467
10506
10666
10468
10507
10667
10469
10508
10668
10470
10509
10669
10471
10510
10670
10472
10511
10671
10473
10512
10672
10474
10513
10673
10475
10514
10674
10476
10515
10675
10477
10516
10676
10478
10517
10677
10479
10518
10678
10519
10679
10481
10520
10680
10482
10521
10681
10483
10522
10682
10484
10523
10683
10485
10524
10684
10486
10525
10685
10487
10526
10686
10488
10527
10687
10489
10528
10688
10490
10529
10689
10491
10530
10690
10492
10531
10691
10493
10532
10692
10494
10533
10693
10495
10534
10694
10496
10535
10695
10497
10536
10696
10498
10537
10697
10499
10538
10698
10500
10539
10699
10501
10540
10700
10502
10541
10701
10503
10542
10702
10504
10543
10703
10505
10544
10704
10506
10545
10705
10507
10546
10706
10508
10547
10707
10509
10548
10708
10510
10549
10709
10511
10550
10710
10512
10551
10711
10513
10552
10712
10514
10553
10713
10515
10554
10714
10516
10555
10715
10517
10556
10716
10518
10557
10717
10519
10558
10718
10559
10719
10521
10560
10720
10522
10561
10721
10523
10562
10722
10524
10563
10723
10525
10564
10724
10526
10565
10725
10527
10566
10726
10528
10567
10727
10529
10568
10728
10530
10569
10729
10531
10570
10730
10532
10571
10731
10533
10572
10732
10534
10573
10733
10535
10574
10734
10536
10575
10735
10537
10576
10736
10538
10577
10737
10539
10578
10738
10540
10579
10739
10541
10580
10740
10542
10581
10741
10543
10582
10742
10544
10583
10743
10545
10584
10744
10546
10585
10745
10547
10586
10746
10548
10587
10747
10549
10588
10748
10550
10589
10749
10551
10590
10750
10552
10591
10751
10553
10592
10752
10554
10593
10753
10555
10594
10754
10556
10595
10755
10557
10596
10756
10558
10597
10757
10559
10598
10758
10599
10759
10561
10760
10562
10761
10563
10762
10564
10763
10565
10764
10566
10765
10567
10766
10568
10767
10569
10768
10570
10769
10571
10770
10572
10771
10573
10772
10574
10773
10575
10774
10576
10775
10577
10776
10578
10777
10579
10778
10580
10779
10581
10780
10582
10781
10583
10782
10584
10783
10585
10784
10586
10785
10587
10786
10588
10787
10589
10788
10590
10789
10591
10790
10592
10791
10593
10792
10594
10793
10595
10794
10596
10795
10597
10796
10598
10797
10599
10798
10799
10601
10640
10800
10602
10641
10801
10603
10642
10802
10604
10643
10803
10605
10644
10804
10606
10645
10805
10607
10646
10806
10608
10647
10807
10609
10648
10808
10610
10649
10809
10611
10650
10810
10612
10651
10811
10613
10652
10812
10614
10653
10813
10615
10654
10814
10616
10655
10815
10617
10656
10816
10618
10657
10817
10619
10658
10818
10620
10659
10819
10621
10660
10820
10622
10661
10821
10623
10662
10822
10624
10663
10823
10625
10664
10824
10626
10665
10825
10627
10666
10826
10628
10667
10827
10629
10668
10828
10630
10669
10829
10631
10670
10830
10632
10671
10831
10633
10672
10832
10634
10673
10833
10635
10674
10834
10636
10675
10835
10637
10676
10836
10638
10677
10837
10639
10678
10838
10679
10839
10641
10680
10840
10642
10681
10841
10643
10682
10842
10644
10683
10843
10645
10684
10844
10646
10685
10845
10647
10686
10846
10648
10687
10847
10649
10688
10848
10650
10689
10849
10651
10690
10850
10652
10691
10851
10653
10692
10852
10654
10693
10853
10655
10694
10854
10656
10695
10855
10657
10696
10856
10658
10697
10857
10659
10698
10858
10660
10699
10859
10661
10700
10860
10662
10701
10861
10663
10702
10862
10664
10703
10863
10665
10704
10864
10666
10705
10865
10667
10706
10866
10668
10707
10867
10669
10708
10868
10670
10709
10869
10671
10710
10870
10672
10711
10871
10673
10712
10872
10674
10713
10873
10675
10714
10874
10676
10715
10875
10677
10716
10876
10678
10717
10877
10679
10718
10878
10719
10879
10681
10720
10880
10682
10721
10881
10683
10722
10882
10684
10723
10883
10685
10724
10884
10686
10725
10885
10687
10726
10886
10688
10727
10887
10689
10728
10888
10690
10729
10889
10691
10730
10890
10692
10731
10891
10693
10732
10892
10694
10733
10893
10695
10734
10894
10696
10735
10895
10697
10736
10896
10698
10737
10897
10699
10738
10898
10700
10739
10899
10701
10740
10900
10702
10741
10901
10703
10742
10902
10704
10743
10903
10705
10744
10904
10706
10745
10905
10707
10746
10906
10708
10747
10907
10709
10748
10908
10710
10749
10909
10711
10750
10910
10712
10751
10911
10713
10752
10912
10714
10753
10913
10715
10754
10914
10716
10755
10915
10717
10756
10916
10718
10757
10917
10719
10758
10918
10759
10919
10721
10760
10920
10722
10761
10921
10723
10762
10922
10724
10763
10923
10725
10764
10924
10726
10765
10925
10727
10766
10926
10728
10767
10927
10729
10768
10928
10730
10769
10929
10731
10770
10930
10732
10771
10931
10733
10772
10932
10734
10773
10933
10735
10774
10934
10736
10775
10935
10737
10776
10936
10738
10777
10937
10739
10778
10938
10740
10779
10939
10741
10780
10940
10742
10781
10941
10743
10782
10942
10744
10783
10943
10745
10784
10944
10746
10785
10945
10747
10786
10946
10748
10787
10947
10749
10788
10948
10750
10789
10949
10751
10790
10950
10752
10791
10951
10753
10792
10952
10754
10793
10953
10755
10794
10954
10756
10795
10955
10757
10796
10956
10758
10797
10957
10759
10798
10958
10799
10959
10761
10960
10762
10961
10763
10962
10764
10963
10765
10964
10766
10965
10767
10966
10768
10967
10769
10968
10770
10969
10771
10970
10772
10971
10773
10972
10774
10973
10775
10974
10776
10975
10777
10976
10778
10977
10779
10978
10780
10979
10781
10980
10782
10981
10783
10982
10784
10983
10785
10984
10786
10985
10787
10986
10788
10987
10789
10988
10790
10989
10791
10990
10792
10991
10793
10992
10794
10993
10795
10994
10796
10995
10797
10996
10798
10997
10799
10998
10999
10801
10840
11000
10802
10841
11001
10803
10842
11002
10804
10843
11003
10805
10844
11004
10806
10845
11005
10807
10846
11006
10808
10847
11007
10809
10848
11008
10810
10849
11009
10811
10850
11010
10812
10851
11011
10813
10852
11012
10814
10853
11013
10815
10854
11014
10816
10855
11015
10817
10856
11016
10818
10857
11017
10819
10858
11018
10820
10859
11019
10821
10860
11020
10822
10861
11021
10823
10862
11022
10824
10863
11023
10825
10864
11024
10826
10865
11025
10827
10866
11026
10828
10867
11027
10829
10868
11028
10830
10869
11029
10831
10870
11030
10832
10871
11031
10833
10872
11032
10834
10873
11033
10835
10874
11034
10836
10875
11035
10837
10876
11036
10838
10877
11037
10839
10878
11038
10879
11039
10841
10880
11040
10842
10881
11041
10843
10882
11042
10844
10883
11043
10845
10884
11044
10846
10885
11045
10847
10886
11046
10848
10887
11047
10849
10888
11048
10850
10889
11049
10851
10890
11050
10852
10891
11051
10853
10892
11052
10854
10893
11053
10855
10894
11054
10856
10895
11055
10857
10896
11056
10858
10897
11057
10859
10898
11058
10860
10899
11059
10861
10900
11060
10862
10901
11061
10863
10902
11062
10864
10903
11063
10865
10904
11064
10866
10905
11065
10867
10906
11066
10868
10907
11067
10869
10908
11068
10870
10909
11069
10871
10910
11070
10872
10911
11071
10873
10912
11072
10874
10913
11073
10875
10914
11074
10876
10915
11075
10877
10916
11076
10878
10917
11077
10879
10918
11078
10919
11079
10881
10920
11080
10882
10921
11081
10883
10922
11082
10884
10923
11083
10885
10924
11084
10886
10925
11085
10887
10926
11086
10888
10927
11087
10889
10928
11088
10890
10929
11089
10891
10930
11090
10892
10931
11091
10893
10932
11092
10894
10933
11093
10895
10934
11094
10896
10935
11095
10897
10936
11096
10898
10937
11097
10899
10938
11098
10900
10939
11099
10901
10940
11100
10902
10941
11101
10903
10942
11102
10904
10943
11103
10905
10944
11104
10906
10945
11105
10907
10946
11106
10908
10947
11107
10909
10948
11108
10910
10949
11109
10911
10950
11110
10912
10951
11111
10913
10952
11112
10914
10953
11113
10915
10954
11114
10916
10955
11115
10917
10956
11116
10918
10957
11117
10919
10958
11118
10959
11119
10921
10960
11120
10922
10961
11121
10923
10962
11122
10924
10963
11123
10925
10964
11124
10926
10965
11125
10927
10966
11126
10928
10967
11127
10929
10968
11128
10930
10969
11129
10931
10970
11130
10932
10971
11131
10933
10972
11132
10934
10973
11133
10935
10974
11134
10936
10975
11135
10937
10976
11136
10938
10977
11137
10939
10978
11138
10940
10979
11139
10941
10980
11140
10942
10981
11141
10943
10982
11142
10944
10983
11143
10945
10984
11144
10946
10985
11145
10947
10986
11146
10948
10987
11147
10949
10988
11148
10950
10989
11149
10951
10990
11150
10952
10991
11151
10953
10992
11152
10954
10993
11153
10955
10994
11154
10956
10995
11155
10957
10996
11156
10958
10997
11157
10959
10998
11158
10999
11159
10961
11160
10962
11161
10963
11162
10964
11163
10965
11164
10966
11165
10967
11166
10968
11167
10969
11168
10970
11169
10971
11170
10972
11171
10973
11172
10974
11173
10975
11174
10976
11175
10977
11176
10978
11177
10979
11178
10980
11179
10981
11180
10982
11181
10983
11182
10984
11183
10985
11184
10986
11185
10987
11186
10988
11187
10989
11188
10990
11189
10991
11190
10992
11191
10993
11192
10994
11193
10995
11194
10996
11195
10997
11196
10998
11197
10999
11198
11199
11001
11040
11200
11002
11041
11201
11003
11042
11202
11004
11043
11203
11005
11044
11204
11006
11045
11205
11007
11046
11206
11008
11047
11207
11009
11048
11208
11010
11049
11209
11011
11050
11210
11012
11051
11211
11013
11052
11212
11014
11053
11213
11015
11054
11214
11016
11055
11215
11017
11056
11216
11018
11057
11217
11019
11058
11218
11020
11059
11219
11021
11060
11220
11022
11061
11221
11023
11062
11222
11024
11063
11223
11025
11064
11224
11026
11065
11225
11027
11066
11226
11028
11067
11227
11029
11068
11228
11030
11069
11229
11031
11070
11230
11032
11071
11231
11033
11072
11232
11034
11073
11233
11035
11074
11234
11036
11075
11235
11037
11076
11236
11038
11077
11237
11039
11078
11238
11079
11239
11041
11080
11240
11042
11081
11241
11043
11082
11242
11044
11083
11243
11045
11084
11244
11046
11085
11245
11047
11086
11246
11048
11087
11247
11049
11088
11248
11050
11089
11249
11051
11090
11250
11052
11091
11251
11053
11092
11252
11054
11093
11253
11055
11094
11254
11056
11095
11255
11057
11096
11256
11058
11097
11257
11059
11098
11258
11060
11099
11259
11061
11100
11260
11062
11101
11261
11063
11102
11262
11064
11103
11263
11065
11104
11264
11066
11105
11265
11067
11106
11266
11068
11107
11267
11069
11108
11268
11070
11109
11269
11071
11110
11270
11072
11111
11271
11073
11112
11272
11074
11113
11273
11075
11114
11274
11076
11115
11275
11077
11116
11276
11078
11117
11277
11079
11118
11278
11119
11279
11081
11120
11280
11082
11121
11281
11083
11122
11282
11084
11123
11283
11085
11124
11284
11086
11125
11285
11087
11126
11286
11088
11127
11287
11089
11128
11288
11090
11129
11289
11091
11130
11290
11092
11131
11291
11093
11132
11292
11094
11133
11293
11095
11134
11294
11096
11135
11295
11097
11136
11296
11098
11137
11297
11099
11138
11298
11100
11139
11299
11101
11140
11300
11102
11141
11301
11103
11142
11302
11104
11143
11303
11105
11144
11304
11106
11145
11305
11107
11146
11306
11108
11147
11307
11109
11148
11308
11110
11149
11309
11111
11150
11310
11112
11151
11311
11113
11152
11312
11114
11153
11313
11115
11154
11314
11116
11155
11315
11117
11156
11316
11118
11157
11317
11119
11158
11318
11159
11319
11121
11160
11320
11122
11161
11321
11123
11162
11322
11124
11163
11323
11125
11164
11324
11126
11165
11325
11127
11166
11326
11128
11167
11327
11129
11168
11328
11130
11169
11329
11131
11170
11330
11132
11171
11331
11133
11172
11332
11134
11173
11333
11135
11174
11334
11136
11175
11335
11137
11176
11336
11138
11177
11337
11139
11178
11338
11140
11179
11339
11141
11180
11340
11142
11181
11341
11143
11182
11342
11144
11183
11343
11145
11184
11344
11146
11185
11345
11147
11186
11346
11148
11187
11347
11149
11188
11348
11150
11189
11349
11151
11190
11350
11152
11191
11351
11153
11192
11352
11154
11193
11353
11155
11194
11354
11156
11195
11355
11157
11196
11356
11158
11197
11357
11159
11198
11358
11199
11359
11161
11360
11162
11361
11163
11362
11164
11363
11165
11364
11166
11365
11167
11366
11168
11367
11169
11368
11170
11369
11171
11370
11172
11371
11173
11372
11174
11373
11175
11374
11176
11375
11177
11376
11178
11377
11179
11378
11180
11379
11181
11380
11182
11381
11183
11382
11184
11383
11185
11384
11186
11385
11187
11386
11188
11387
11189
11388
11190
11389
11191
11390
11192
11391
11193
11392
11194
11393
11195
11394
11196
11395
11197
11396
11198
11397
11199
11398
11399
11201
11240
11400
11202
11241
11401
11203
11242
11402
11204
11243
11403
11205
11244
11404
11206
11245
11405
11207
11246
11406
11208
11247
11407
11209
11248
11408
11210
11249
11409
11211
11250
11410
11212
11251
11411
11213
11252
11412
11214
11253
11413
11215
11254
11414
11216
11255
11415
11217
11256
11416
11218
11257
11417
11219
11258
11418
11220
11259
11419
11221
11260
11420
11222
11261
11421
11223
11262
11422
11224
11263
11423
11225
11264
11424
11226
11265
11425
11227
11266
11426
11228
11267
11427
11229
11268
11428
11230
11269
11429
11231
11270
11430
11232
11271
11431
11233
11272
11432
11234
11273
11433
11235
11274
11434
11236
11275
11435
11237
11276
11436
11238
11277
11437
11239
11278
11438
11279
11439
11241
11280
11440
11242
11281
11441
11243
11282
11442
11244
11283
11443
11245
11284
11444
11246
11285
11445
11247
11286
11446
11248
11287
11447
11249
11288
11448
11250
11289
11449
11251
11290
11450
11252
11291
11451
11253
11292
11452
11254
11293
11453
11255
11294
11454
11256
11295
11455
11257
11296
11456
11258
11297
11457
11259
11298
11458
11260
11299
11459
11261
11300
11460
11262
11301
11461
11263
11302
11462
11264
11303
11463
11265
11304
11464
11266
11305
11465
11267
11306
11466
11268
11307
11467
11269
11308
11468
11270
11309
11469
11271
11310
11470
11272
11311
11471
11273
11312
11472
11274
11313
11473
11275
11314
11474
11276
11315
11475
11277
11316
11476
11278
11317
11477
11279
11318
11478
11319
11479
11281
11320
11480
11282
11321
11481
11283
11322
11482
11284
11323
11483
11285
11324
11484
11286
11325
11485
11287
11326
11486
11288
11327
11487
11289
11328
11488
11290
11329
11489
11291
11330
11490
11292
11331
11491
11293
11332
11492
11294
11333
11493
11295
11334
11494
11296
11335
11495
11297
11336
11496
11298
11337
11497
11299
11338
11498
11300
11339
11499
11301
11340
11500
11302
11341
11501
11303
11342
11502
11304
11343
11503
11305
11344
11504
11306
11345
11505
11307
11346
11506
11308
11347
11507
11309
11348
11508
11310
11349
11509
11311
11350
11510
11312
11351
11511
11313
11352
11512
11314
11353
11513
11315
11354
11514
11316
11355
11515
11317
11356
11516
11318
11357
11517
11319
11358
11518
11359
11519
11321
11360
11520
11322
11361
11521
11323
11362
11522
11324
11363
11523
11325
11364
11524
11326
11365
11525
11327
11366
11526
11328
11367
11527
11329
11368
11528
11330
11369
11529
11331
11370
11530
11332
11371
11531
11333
11372
11532
11334
11373
11533
11335
11374
11534
11336
11375
11535
11337
11376
11536
11338
11377
11537
11339
11378
11538
11340
11379
11539
11341
11380
11540
11342
11381
11541
11343
11382
11542
11344
11383
11543
11345
11384
11544
11346
11385
11545
11347
11386
11546
11348
11387
11547
11349
11388
11548
11350
11389
11549
11351
11390
11550
11352
11391
11551
11353
11392
11552
11354
11393
11553
11355
11394
11554
11356
11395
11555
11357
11396
11556
11358
11397
11557
11359
11398
11558
11399
11559
11361
11560
11362
11561
11363
11562
11364
11563
11365
11564
11366
11565
11367
11566
11368
11567
11369
11568
11370
11569
11371
11570
11372
11571
11373
11572
11374
11573
11375
11574
11376
11575
11377
11576
11378
11577
11379
11578
11380
11579
11381
11580
11382
11581
11383
11582
11384
11583
11385
11584
11386
11585
11387
11586
11388
11587
11389
11588
11390
11589
11391
11590
11392
11591
11393
11592
11394
11593
11395
11594
11396
11595
11397
11596
11398
11597
11399
11598
11599
11401
11440
11600
11402
11441
11601
11403
11442
11602
11404
11443
11603
11405
11444
11604
11406
11445
11605
11407
11446
11606
11408
11447
11607
11409
11448
11608
11410
11449
11609
11411
11450
11610
11412
11451
11611
11413
11452
11612
11414
11453
11613
11415
11454
11614
11416
11455
11615
11417
11456
11616
11418
11457
11617
11419
11458
11618
11420
11459
11619
11421
11460
11620
11422
11461
11621
11423
11462
11622
11424
11463
11623
11425
11464
11624
11426
11465
11625
11427
11466
11626
11428
11467
11627
11429
11468
11628
11430
11469
11629
11431
11470
11630
11432
11471
11631
11433
11472
11632
11434
11473
11633
11435
11474
11634
11436
11475
11635
11437
11476
11636
11438
11477
11637
11439
11478
11638
11479
11639
11441
11480
11640
11442
11481
11641
11443
11482
11642
11444
11483
11643
11445
11484
11644
11446
11485
11645
11447
11486
11646
11448
11487
11647
11449
11488
11648
11450
11489
11649
11451
11490
11650
11452
11491
11651
11453
11492
11652
11454
11493
11653
11455
11494
11654
11456
11495
11655
11457
11496
11656
11458
11497
11657
11459
11498
11658
11460
11499
11659
11461
11500
11660
11462
11501
11661
11463
11502
11662
11464
11503
11663
11465
11504
11664
11466
11505
11665
11467
11506
11666
11468
11507
11667
11469
11508
11668
11470
11509
11669
11471
11510
11670
11472
11511
11671
11473
11512
11672
11474
11513
11673
11475
11514
11674
11476
11515
11675
11477
11516
11676
11478
11517
11677
11479
11518
11678
11519
11679
11481
11520
11680
11482
11521
11681
11483
11522
11682
11484
11523
11683
11485
11524
11684
11486
11525
11685
11487
11526
11686
11488
11527
11687
11489
11528
11688
11490
11529
11689
11491
11530
11690
11492
11531
11691
11493
11532
11692
11494
11533
11693
11495
11534
11694
11496
11535
11695
11497
11536
11696
11498
11537
11697
11499
11538
11698
11500
11539
11699
11501
11540
11700
11502
11541
11701
11503
11542
11702
11504
11543
11703
11505
11544
11704
11506
11545
11705
11507
11546
11706
11508
11547
11707
11509
11548
11708
11510
11549
11709
11511
11550
11710
11512
11551
11711
11513
11552
11712
11514
11553
11713
11515
11554
11714
11516
11555
11715
11517
11556
11716
11518
11557
11717
11519
11558
11718
11559
11719
11521
11560
11720
11522
11561
11721
11523
11562
11722
11524
11563
11723
11525
11564
11724
11526
11565
11725
11527
11566
11726
11528
11567
11727
11529
11568
11728
11530
11569
11729
11531
11570
11730
11532
11571
11731
11533
11572
11732
11534
11573
11733
11535
11574
11734
11536
11575
11735
11537
11576
11736
11538
11577
11737
11539
11578
11738
11540
11579
11739
11541
11580
11740
11542
11581
11741
11543
11582
11742
11544
11583
11743
11545
11584
11744
11546
11585
11745
11547
11586
11746
11548
11587
11747
11549
11588
11748
11550
11589
11749
11551
11590
11750
11552
11591
11751
11553
11592
11752
11554
11593
11753
11555
11594
11754
11556
11595
11755
11557
11596
11756
11558
11597
11757
11559
11598
11758
11599
11759
11561
11760
11562
11761
11563
11762
11564
11763
11565
11764
11566
11765
11567
11766
11568
11767
11569
11768
11570
11769
11571
11770
11572
11771
11573
11772
11574
11773
11575
11774
11576
11775
11577
11776
11578
11777
11579
11778
11580
11779
11581
11780
11582
11781
11583
11782
11584
11783
11585
11784
11586
11785
11587
11786
11588
11787
11589
11788
11590
11789
11591
11790
11592
11791
11593
11792
11594
11793
11595
11794
11596
11795
11597
11796
11598
11797
11599
11798
11799
11601
11640
11800
11602
11641
11801
11603
11642
11802
11604
11643
11803
11605
11644
11804
11606
11645
11805
11607
11646
11806
11608
11647
11807
11609
11648
11808
11610
11649
11809
11611
11650
11810
11612
11651
11811
11613
11652
11812
11614
11653
11813
11615
11654
11814
11616
11655
11815
11617
11656
11816
11618
11657
11817
11619
11658
11818
11620
11659
11819
11621
11660
11820
11622
11661
11821
11623
11662
11822
11624
11663
11823
11625
11664
11824
11626
11665
11825
11627
11666
11826
11628
11667
11827
11629
11668
11828
11630
11669
11829
11631
11670
11830
11632
11671
11831
11633
11672
11832
11634
11673
11833
11635
11674
11834
11636
11675
11835
11637
11676
11836
11638
11677
11837
11639
11678
11838
11679
11839
11641
11680
11840
11642
11681
11841
11643
11682
11842
11644
11683
11843
11645
11684
11844
11646
11685
11845
11647
11686
11846
11648
11687
11847
11649
11688
11848
11650
11689
11849
11651
11690
11850
11652
11691
11851
11653
11692
11852
11654
11693
11853
11655
11694
11854
11656
11695
11855
11657
11696
11856
11658
11697
11857
11659
11698
11858
11660
11699
11859
11661
11700
11860
11662
11701
11861
11663
11702
11862
11664
11703
11863
11665
11704
11864
11666
11705
11865
11667
11706
11866
11668
11707
11867
11669
11708
11868
11670
11709
11869
11671
11710
11870
11672
11711
11871
11673
11712
11872
11674
11713
11873
11675
11714
11874
11676
11715
11875
11677
11716
11876
11678
11717
11877
11679
11718
11878
11719
11879
11681
11720
11880
11682
11721
11881
11683
11722
11882
11684
11723
11883
11685
11724
11884
11686
11725
11885
11687
11726
11886
11688
11727
11887
11689
11728
11888
11690
11729
11889
11691
11730
11890
11692
11731
11891
11693
11732
11892
11694
11733
11893
11695
11734
11894
11696
11735
11895
11697
11736
11896
11698
11737
11897
11699
11738
11898
11700
11739
11899
11701
11740
11900
11702
11741
11901
11703
11742
11902
11704
11743
11903
11705
11744
11904
11706
11745
11905
11707
11746
11906
11708
11747
11907
11709
11748
11908
11710
11749
11909
11711
11750
11910
11712
11751
11911
11713
11752
11912
11714
11753
11913
11715
11754
11914
11716
11755
11915
11717
11756
11916
11718
11757
11917
11719
11758
11918
11759
11919
11721
11760
11920
11722
11761
11921
11723
11762
11922
11724
11763
11923
11725
11764
11924
11726
11765
11925
11727
11766
11926
11728
11767
11927
11729
11768
11928
11730
11769
11929
11731
11770
11930
11732
11771
11931
11733
11772
11932
11734
11773
11933
11735
11774
11934
11736
11775
11935
11737
11776
11936
11738
11777
11937
11739
11778
11938
11740
11779
11939
11741
11780
11940
11742
11781
11941
11743
11782
11942
11744
11783
11943
11745
11784
11944
11746
11785
11945
11747
11786
11946
11748
11787
11947
11749
11788
11948
11750
11789
11949
11751
11790
11950
11752
11791
11951
11753
11792
11952
11754
11793
11953
11755
11794
11954
11756
11795
11955
11757
11796
11956
11758
11797
11957
11759
11798
11958
11799
11959
11761
11960
11762
11961
11763
11962
11764
11963
11765
11964
11766
11965
11767
11966
11768
11967
11769
11968
11770
11969
11771
11970
11772
11971
11773
11972
11774
11973
11775
11974
11776
11975
11777
11976
11778
11977
11779
11978
11780
11979
11781
11980
11782
11981
11783
11982
11784
11983
11785
11984
11786
11985
11787
11986
11788
11987
11789
11988
11790
11989
11791
11990
11792
11991
11793
11992
11794
11993
11795
11994
11796
11995
11797
11996
11798
11997
11799
11998
11999
11801
11840
12000
11802
11841
12001
11803
11842
12002
11804
11843
12003
11805
11844
12004
11806
11845
12005
11807
11846
12006
11808
11847
12007
11809
11848
12008
11810
11849
12009
11811
11850
12010
11812
11851
12011
11813
11852
12012
11814
11853
12013
11815
11854
12014
11816
11855
12015
11817
11856
12016
11818
11857
12017
11819
11858
12018
11820
11859
12019
11821
11860
12020
11822
11861
12021
11823
11862
12022
11824
11863
12023
11825
11864
12024
11826
11865
12025
11827
11866
12026
11828
11867
12027
11829
11868
12028
11830
11869
12029
11831
11870
12030
11832
11871
12031
11833
11872
12032
11834
11873
12033
11835
11874
12034
11836
11875
12035
11837
11876
12036
11838
11877
12037
11839
11878
12038
11879
12039
11841
11880
12040
11842
11881
12041
11843
11882
12042
11844
11883
12043
11845
11884
12044
11846
11885
12045
11847
11886
12046
11848
11887
12047
11849
11888
12048
11850
11889
12049
11851
11890
12050
11852
11891
12051
11853
11892
12052
11854
11893
12053
11855
11894
12054
11856
11895
12055
11857
11896
12056
11858
11897
12057
11859
11898
12058
11860
11899
12059
11861
11900
12060
11862
11901
12061
11863
11902
12062
11864
11903
12063
11865
11904
12064
11866
11905
12065
11867
11906
12066
11868
11907
12067
11869
11908
12068
11870
11909
12069
11871
11910
12070
11872
11911
12071
11873
11912
12072
11874
11913
12073
11875
11914
12074
11876
11915
12075
11877
11916
12076
11878
11917
12077
11879
11918
12078
11919
12079
11881
11920
12080
11882
11921
12081
11883
11922
12082
11884
11923
12083
11885
11924
12084
11886
11925
12085
11887
11926
12086
11888
11927
12087
11889
11928
12088
11890
11929
12089
11891
11930
12090
11892
11931
12091
11893
11932
12092
11894
11933
12093
11895
11934
12094
11896
11935
12095
11897
11936
12096
11898
11937
12097
11899
11938
12098
11900
11939
12099
11901
11940
12100
11902
11941
12101
11903
11942
12102
11904
11943
12103
11905
11944
12104
11906
11945
12105
11907
11946
12106
11908
11947
12107
11909
11948
12108
11910
11949
12109
11911
11950
12110
11912
11951
12111
11913
11952
12112
11914
11953
12113
11915
11954
12114
11916
11955
12115
11917
11956
12116
11918
11957
12117
11919
11958
12118
11959
12119
11921
11960
12120
11922
11961
12121
11923
11962
12122
11924
11963
12123
11925
11964
12124
11926
11965
12125
11927
11966
12126
11928
11967
12127
11929
11968
12128
11930
11969
12129
11931
11970
12130
11932
11971
12131
11933
11972
12132
11934
11973
12133
11935
11974
12134
11936
11975
12135
11937
11976
12136
11938
11977
12137
11939
11978
12138
11940
11979
12139
11941
11980
12140
11942
11981
12141
11943
11982
12142
11944
11983
12143
11945
11984
12144
11946
11985
12145
11947
11986
12146
11948
11987
12147
11949
11988
12148
11950
11989
12149
11951
11990
12150
11952
11991
12151
11953
11992
12152
11954
11993
12153
11955
11994
12154
11956
11995
12155
11957
11996
12156
11958
11997
12157
11959
11998
12158
11999
12159
11961
12160
11962
12161
11963
12162
11964
12163
11965
12164
11966
12165
11967
12166
11968
12167
11969
12168
11970
12169
11971
12170
11972
12171
11973
12172
11974
12173
11975
12174
11976
12175
11977
12176
11978
12177
11979
12178
11980
12179
11981
12180
11982
12181
11983
12182
11984
12183
11985
12184
11986
12185
11987
12186
11988
12187
11989
12188
11990
12189
11991
12190
11992
12191
11993
12192
11994
12193
11995
12194
11996
12195
11997
12196
11998
12197
11999
12198
12199
12001
12040
12200
12002
12041
12201
12003
12042
12202
12004
12043
12203
12005
12044
12204
12006
12045
12205
12007
12046
12206
12008
12047
12207
12009
12048
12208
12010
12049
12209
12011
12050
12210
12012
12051
12211
12013
12052
12212
12014
12053
12213
12015
12054
12214
12016
12055
12215
12017
12056
12216
12018
12057
12217
12019
12058
12218
12020
12059
12219
12021
12060
12220
12022
12061
12221
12023
12062
12222
12024
12063
12223
12025
12064
12224
12026
12065
12225
12027
12066
12226
12028
12067
12227
12029
12068
12228
12030
12069
12229
12031
12070
12230
12032
12071
12231
12033
12072
12232
12034
12073
12233
12035
12074
12234
12036
12075
12235
12037
12076
12236
12038
12077
12237
12039
12078
12238
12079
12239
12041
12080
12240
12042
12081
12241
12043
12082
12242
12044
12083
12243
12045
12084
12244
12046
12085
12245
12047
12086
12246
12048
12087
12247
12049
12088
12248
12050
12089
12249
12051
12090
12250
12052
12091
12251
12053
12092
12252
12054
12093
12253
12055
12094
12254
12056
12095
12255
12057
12096
12256
12058
12097
12257
12059
12098
12258
12060
12099
12259
12061
12100
12260
12062
12101
12261
12063
12102
12262
12064
12103
12263
12065
12104
12264
12066
12105
12265
12067
12106
12266
12068
12107
12267
12069
12108
12268
12070
12109
12269
12071
12110
12270
12072
12111
12271
12073
12112
12272
12074
12113
12273
12075
12114
12274
12076
12115
12275
12077
12116
12276
12078
12117
12277
12079
12118
12278
12119
12279
12081
12120
12280
12082
12121
12281
12083
12122
12282
12084
12123
12283
12085
12124
12284
12086
12125
12285
12087
12126
12286
12088
12127
12287
12089
12128
12288
12090
12129
12289
12091
12130
12290
12092
12131
12291
12093
12132
12292
12094
12133
12293
12095
12134
12294
12096
12135
12295
12097
12136
12296
12098
12137
12297
12099
12138
12298
12100
12139
12299
12101
12140
12300
12102
12141
12301
12103
12142
12302
12104
12143
12303
12105
12144
12304
12106
12145
12305
12107
12146
12306
12108
12147
12307
12109
12148
12308
12110
12149
12309
12111
12150
12310
12112
12151
12311
12113
12152
12312
12114
12153
12313
12115
12154
12314
12116
12155
12315
12117
12156
12316
12118
12157
12317
12119
12158
12318
12159
12319
12121
12160
12320
12122
12161
12321
12123
12162
12322
12124
12163
12323
12125
12164
12324
12126
12165
12325
12127
12166
12326
12128
12167
12327
12129
12168
12328
12130
12169
12329
12131
12170
12330
12132
12171
12331
12133
12172
12332
12134
12173
12333
12135
12174
12334
12136
12175
12335
12137
12176
12336
12138
12177
12337
12139
12178
12338
12140
12179
12339
12141
12180
12340
12142
12181
12341
12143
12182
12342
12144
12183
12343
12145
12184
12344
12146
12185
12345
12147
12186
12346
12148
12187
12347
12149
12188
12348
12150
12189
12349
12151
12190
12350
12152
12191
12351
12153
12192
12352
12154
12193
12353
12155
12194
12354
12156
12195
12355
12157
12196
12356
12158
12197
12357
12159
12198
12358
12199
12359
12161
12360
12162
12361
12163
12362
12164
12363
12165
12364
12166
12365
12167
12366
12168
12367
12169
12368
12170
12369
12171
12370
12172
12371
12173
12372
12174
12373
12175
12374
12176
12375
12177
12376
12178
12377
12179
12378
12180
12379
12181
12380
12182
12381
12183
12382
12184
12383
12185
12384
12186
12385
12187
12386
12188
12387
12189
12388
12190
12389
12191
12390
12192
12391
12193
12392
12194
12393
12195
12394
12196
12395
12197
12396
12198
12397
12199
12398
12399
12201
12240
12400
12202
12241
12401
12203
12242
12402
12204
12243
12403
12205
12244
12404
12206
12245
12405
12207
12246
12406
12208
12247
12407
12209
12248
12408
12210
12249
12409
12211
12250
12410
12212
12251
12411
12213
12252
12412
12214
12253
12413
12215
12254
12414
12216
12255
12415
12217
12256
12416
12218
12257
12417
12219
12258
12418
12220
12259
12419
12221
12260
12420
12222
12261
12421
12223
12262
12422
12224
12263
12423
12225
12264
12424
12226
12265
12425
12227
12266
12426
12228
12267
12427
12229
12268
12428
12230
12269
12429
12231
12270
12430
12232
12271
12431
12233
12272
12432
12234
12273
12433
12235
12274
12434
12236
12275
12435
12237
12276
12436
12238
12277
12437
12239
12278
12438
12279
12439
12241
12280
12440
12242
12281
12441
12243
12282
12442
12244
12283
12443
12245
12284
12444
12246
12285
12445
12247
12286
12446
12248
12287
12447
12249
12288
12448
12250
12289
12449
12251
12290
12450
12252
12291
12451
12253
12292
12452
12254
12293
12453
12255
12294
12454
12256
12295
12455
12257
12296
12456
12258
12297
12457
12259
12298
12458
12260
12299
12459
12261
12300
12460
12262
12301
12461
12263
12302
12462
12264
12303
12463
12265
12304
12464
12266
12305
12465
12267
12306
12466
12268
12307
12467
12269
12308
12468
12270
12309
12469
12271
12310
12470
12272
12311
12471
12273
12312
12472
12274
12313
12473
12275
12314
12474
12276
12315
12475
12277
12316
12476
12278
12317
12477
12279
12318
12478
12319
12479
12281
12320
12480
12282
12321
12481
12283
12322
12482
12284
12323
12483
12285
12324
12484
12286
12325
12485
12287
12326
12486
12288
12327
12487
12289
12328
12488
12290
12329
12489
12291
12330
12490
12292
12331
12491
12293
12332
12492
12294
12333
12493
12295
12334
12494
12296
12335
12495
12297
12336
12496
12298
12337
12497
12299
12338
12498
12300
12339
12499
12301
12340
12500
12302
12341
12501
12303
12342
12502
12304
12343
12503
12305
12344
12504
12306
12345
12505
12307
12346
12506
12308
12347
12507
12309
12348
12508
12310
12349
12509
12311
12350
12510
12312
12351
12511
12313
12352
12512
12314
12353
12513
12315
12354
12514
12316
12355
12515
12317
12356
12516
12318
12357
12517
12319
12358
12518
12359
12519
12321
12360
12520
12322
12361
12521
12323
12362
12522
12324
12363
12523
12325
12364
12524
12326
12365
12525
12327
12366
12526
12328
12367
12527
12329
12368
12528
12330
12369
12529
12331
12370
12530
12332
12371
12531
12333
12372
12532
12334
12373
12533
12335
12374
12534
12336
12375
12535
12337
12376
12536
12338
12377
12537
12339
12378
12538
12340
12379
12539
12341
12380
12540
12342
12381
12541
12343
12382
12542
12344
12383
12543
12345
12384
12544
12346
12385
12545
12347
12386
12546
12348
12387
12547
12349
12388
12548
12350
12389
12549
12351
12390
12550
12352
12391
12551
12353
12392
12552
12354
12393
12553
12355
12394
12554
12356
12395
12555
12357
12396
12556
12358
12397
12557
12359
12398
12558
12399
12559
12361
12560
12362
12561
12363
12562
12364
12563
12365
12564
12366
12565
12367
12566
12368
12567
12369
12568
12370
12569
12371
12570
12372
12571
12373
12572
12374
12573
12375
12574
12376
12575
12377
12576
12378
12577
12379
12578
12380
12579
12381
12580
12382
12581
12383
12582
12384
12583
12385
12584
12386
12585
12387
12586
12388
12587
12389
12588
12390
12589
12391
12590
12392
12591
12393
12592
12394
12593
12395
12594
12396
12595
12397
12596
12398
12597
12399
12598
12599
12401
12440
12600
12402
12441
12601
12403
12442
12602
12404
12443
12603
12405
12444
12604
12406
12445
12605
12407
12446
12606
12408
12447
12607
12409
12448
12608
12410
12449
12609
12411
12450
12610
12412
12451
12611
12413
12452
12612
12414
12453
12613
12415
12454
12614
12416
12455
12615
12417
12456
12616
12418
12457
12617
12419
12458
12618
12420
12459
12619
12421
12460
12620
12422
12461
12621
12423
12462
12622
12424
12463
12623
12425
12464
12624
12426
12465
12625
12427
12466
12626
12428
12467
12627
12429
12468
12628
12430
12469
12629
12431
12470
12630
12432
12471
12631
12433
12472
12632
12434
12473
12633
12435
12474
12634
12436
12475
12635
12437
12476
12636
12438
12477
12637
12439
12478
12638
12479
12639
12441
12480
12640
12442
12481
12641
12443
12482
12642
12444
12483
12643
12445
12484
12644
12446
12485
12645
12447
12486
12646
12448
12487
12647
12449
12488
12648
12450
12489
12649
12451
12490
12650
12452
12491
12651
12453
12492
12652
12454
12493
12653
12455
12494
12654
12456
12495
12655
12457
12496
12656
12458
12497
12657
12459
12498
12658
12460
12499
12659
12461
12500
12660
12462
12501
12661
12463
12502
12662
12464
12503
12663
12465
12504
12664
12466
12505
12665
12467
12506
12666
12468
12507
12667
12469
12508
12668
12470
12509
12669
12471
12510
12670
12472
12511
12671
12473
12512
12672
12474
12513
12673
12475
12514
12674
12476
12515
12675
12477
12516
12676
12478
12517
12677
12479
12518
12678
12519
12679
12481
12520
12680
12482
12521
12681
12483
12522
12682
12484
12523
12683
12485
12524
12684
12486
12525
12685
12487
12526
12686
12488
12527
12687
12489
12528
12688
12490
12529
12689
12491
12530
12690
12492
12531
12691
12493
12532
12692
12494
12533
12693
12495
12534
12694
12496
12535
12695
12497
12536
12696
12498
12537
12697
12499
12538
12698
12500
12539
12699
12501
12540
12700
12502
12541
12701
12503
12542
12702
12504
12543
12703
12505
12544
12704
12506
12545
12705
12507
12546
12706
12508
12547
12707
12509
12548
12708
12510
12549
12709
12511
12550
12710
12512
12551
12711
12513
12552
12712
12514
12553
12713
12515
12554
12714
12516
12555
12715
12517
12556
12716
12518
12557
12717
12519
12558
12718
12559
12719
12521
12560
12720
12522
12561
12721
12523
12562
12722
12524
12563
12723
12525
12564
12724
12526
12565
12725
12527
12566
12726
12528
12567
12727
12529
12568
12728
12530
12569
12729
12531
12570
12730
12532
12571
12731
12533
12572
12732
12534
12573
12733
12535
12574
12734
12536
12575
12735
12537
12576
12736
12538
12577
12737
12539
12578
12738
12540
12579
12739
12541
12580
12740
12542
12581
12741
12543
12582
12742
12544
12583
12743
12545
12584
12744
12546
12585
12745
12547
12586
12746
12548
12587
12747
12549
12588
12748
12550
12589
12749
12551
12590
12750
12552
12591
12751
12553
12592
12752
12554
12593
12753
12555
12594
12754
12556
12595
12755
12557
12596
12756
12558
12597
12757
12559
12598
12758
12599
12759
12561
12760
12562
12761
12563
12762
12564
12763
12565
12764
12566
12765
12567
12766
12568
12767
12569
12768
12570
12769
12571
12770
12572
12771
12573
12772
12574
12773
12575
12774
12576
12775
12577
12776
12578
12777
12579
12778
12580
12779
12581
12780
12582
12781
12583
12782
12584
12783
12585
12784
12586
12785
12587
12786
12588
12787
12589
12788
12590
12789
12591
12790
12592
12791
12593
12792
12594
12793
12595
12794
12596
12795
12597
12796
12598
12797
12599
12798
12799
12601
12640
12800
12602
12641
12801
12603
12642
12802
12604
12643
12803
12605
12644
12804
12606
12645
12805
12607
12646
12806
12608
12647
12807
12609
12648
12808
12610
12649
12809
12611
12650
12810
12612
12651
12811
12613
12652
12812
12614
12653
12813
12615
12654
12814
12616
12655
12815
12617
12656
12816
12618
12657
12817
12619
12658
12818
12620
12659
12819
12621
12660
12820
12622
12661
12821
12623
12662
12822
12624
12663
12823
12625
12664
12824
12626
12665
12825
12627
12666
12826
12628
12667
12827
12629
12668
12828
12630
12669
12829
12631
12670
12830
12632
12671
12831
12633
12672
12832
12634
12673
12833
12635
12674
12834
12636
12675
12835
12637
12676
12836
12638
12677
12837
12639
12678
12838
12679
12839
12641
12680
12840
12642
12681
12841
12643
12682
12842
12644
12683
12843
12645
12684
12844
12646
12685
12845
12647
12686
12846
12648
12687
12847
12649
12688
12848
12650
12689
12849
12651
12690
12850
12652
12691
12851
12653
12692
12852
12654
12693
12853
12655
12694
12854
12656
12695
12855
12657
12696
12856
12658
12697
12857
12659
12698
12858
12660
12699
12859
12661
12700
12860
12662
12701
12861
12663
12702
12862
12664
12703
12863
12665
12704
12864
12666
12705
12865
12667
12706
12866
12668
12707
12867
12669
12708
12868
12670
12709
12869
12671
12710
12870
12672
12711
12871
12673
12712
12872
12674
12713
12873
12675
12714
12874
12676
12715
12875
12677
12716
12876
12678
12717
12877
12679
12718
12878
12719
12879
12681
12720
12880
12682
12721
12881
12683
12722
12882
12684
12723
12883
12685
12724
12884
12686
12725
12885
12687
12726
12886
12688
12727
12887
12689
12728
12888
12690
12729
12889
12691
12730
12890
12692
12731
12891
12693
12732
12892
12694
12733
12893
12695
12734
12894
12696
12735
12895
12697
12736
12896
12698
12737
12897
12699
12738
12898
12700
12739
12899
12701
12740
12900
12702
12741
12901
12703
12742
12902
12704
12743
12903
12705
12744
12904
12706
12745
12905
12707
12746
12906
12708
12747
12907
12709
12748
12908
12710
12749
12909
12711
12750
12910
12712
12751
12911
12713
12752
12912
12714
12753
12913
12715
12754
12914
12716
12755
12915
12717
12756
12916
12718
12757
12917
12719
12758
12918
12759
12919
12721
12760
12920
12722
12761
12921
12723
12762
12922
12724
12763
12923
12725
12764
12924
12726
12765
12925
12727
12766
12926
12728
12767
12927
12729
12768
12928
12730
12769
12929
12731
12770
12930
12732
12771
12931
12733
12772
12932
12734
12773
12933
12735
12774
12934
12736
12775
12935
12737
12776
12936
12738
12777
12937
12739
12778
12938
12740
12779
12939
12741
12780
12940
12742
12781
12941
12743
12782
12942
12744
12783
12943
12745
12784
12944
12746
12785
12945
12747
12786
12946
12748
12787
12947
12749
12788
12948
12750
12789
12949
12751
12790
12950
12752
12791
12951
12753
12792
12952
12754
12793
12953
12755
12794
12954
12756
12795
12955
12757
12796
12956
12758
12797
12957
12759
12798
12958
12799
12959
12761
12960
12762
12961
12763
12962
12764
12963
12765
12964
12766
12965
12767
12966
12768
12967
12769
12968
12770
12969
12771
12970
12772
12971
12773
12972
12774
12973
12775
12974
12776
12975
12777
12976
12778
12977
12779
12978
12780
12979
12781
12980
12782
12981
12783
12982
12784
12983
12785
12984
12786
12985
12787
12986
12788
12987
12789
12988
12790
12989
12791
12990
12792
12991
12793
12992
12794
12993
12795
12994
12796
12995
12797
12996
12798
12997
12799
12998
12999
12801
12840
13000
12802
12841
13001
12803
12842
13002
12804
12843
13003
12805
12844
13004
12806
12845
13005
12807
12846
13006
12808
12847
13007
12809
12848
13008
12810
12849
13009
12811
12850
13010
12812
12851
13011
12813
12852
13012
12814
12853
13013
12815
12854
13014
12816
12855
13015
12817
12856
13016
12818
12857
13017
12819
12858
13018
12820
12859
13019
12821
12860
13020
12822
12861
13021
12823
12862
13022
12824
12863
13023
12825
12864
13024
12826
12865
13025
12827
12866
13026
12828
12867
13027
12829
12868
13028
12830
12869
13029
12831
12870
13030
12832
12871
13031
12833
12872
13032
12834
12873
13033
12835
12874
13034
12836
12875
13035
12837
12876
13036
12838
12877
13037
12839
12878
13038
12879
13039
12841
12880
13040
12842
12881
13041
12843
12882
13042
12844
12883
13043
12845
12884
13044
12846
12885
13045
12847
12886
13046
12848
12887
13047
12849
12888
13048
12850
12889
13049
12851
12890
13050
12852
12891
13051
12853
12892
13052
12854
12893
13053
12855
12894
13054
12856
12895
13055
12857
12896
13056
12858
12897
13057
12859
12898
13058
12860
12899
13059
12861
12900
13060
12862
12901
13061
12863
12902
13062
12864
12903
13063
12865
12904
13064
12866
12905
13065
12867
12906
13066
12868
12907
13067
12869
12908
13068
12870
12909
13069
12871
12910
13070
12872
12911
13071
12873
12912
13072
12874
12913
13073
12875
12914
13074
12876
12915
13075
12877
12916
13076
12878
12917
13077
12879
12918
13078
12919
13079
12881
12920
13080
12882
12921
13081
12883
12922
13082
12884
12923
13083
12885
12924
13084
12886
12925
13085
12887
12926
13086
12888
12927
13087
12889
12928
13088
12890
12929
13089
12891
12930
13090
12892
12931
13091
12893
12932
13092
12894
12933
13093
12895
12934
13094
12896
12935
13095
12897
12936
13096
12898
12937
13097
12899
12938
13098
12900
12939
13099
12901
12940
13100
12902
12941
13101
12903
12942
13102
12904
12943
13103
12905
12944
13104
12906
12945
13105
12907
12946
13106
12908
12947
13107
12909
12948
13108
12910
12949
13109
12911
12950
13110
12912
12951
13111
12913
12952
13112
12914
12953
13113
12915
12954
13114
12916
12955
13115
12917
12956
13116
12918
12957
13117
12919
12958
13118
12959
13119
12921
12960
13120
12922
12961
13121
12923
12962
13122
12924
12963
13123
12925
12964
13124
12926
12965
13125
12927
12966
13126
12928
12967
13127
12929
12968
13128
12930
12969
13129
12931
12970
13130
12932
12971
13131
12933
12972
13132
12934
12973
13133
12935
12974
13134
12936
12975
13135
12937
12976
13136
12938
12977
13137
12939
12978
13138
12940
12979
13139
12941
12980
13140
12942
12981
13141
12943
12982
13142
12944
12983
13143
12945
12984
13144
12946
12985
13145
12947
12986
13146
12948
12987
13147
12949
12988
13148
12950
12989
13149
12951
12990
13150
12952
12991
13151
12953
12992
13152
12954
12993
13153
12955
12994
13154
12956
12995
13155
12957
12996
13156
12958
12997
13157
12959
12998
13158
12999
13159
12961
13160
12962
13161
12963
13162
12964
13163
12965
13164
12966
13165
12967
13166
12968
13167
12969
13168
12970
13169
12971
13170
12972
13171
12973
13172
12974
13173
12975
13174
12976
13175
12977
13176
12978
13177
12979
13178
12980
13179
12981
13180
12982
13181
12983
13182
12984
13183
12985
13184
12986
13185
12987
13186
12988
13187
12989
13188
12990
13189
12991
13190
12992
13191
12993
13192
12994
13193
12995
13194
12996
13195
12997
13196
12998
13197
12999
13198
13199
13001
13040
13200
13002
13041
13201
13003
13042
13202
13004
13043
13203
13005
13044
13204
13006
13045
13205
13007
13046
13206
13008
13047
13207
13009
13048
13208
13010
13049
13209
13011
13050
13210
13012
13051
13211
13013
13052
13212
13014
13053
13213
13015
13054
13214
13016
13055
13215
13017
13056
13216
13018
13057
13217
13019
13058
13218
13020
13059
13219
13021
13060
13220
13022
13061
13221
13023
13062
13222
13024
13063
13223
13025
13064
13224
13026
13065
13225
13027
13066
13226
13028
13067
13227
13029
13068
13228
13030
13069
13229
13031
13070
13230
13032
13071
13231
13033
13072
13232
13034
13073
13233
13035
13074
13234
13036
13075
13235
13037
13076
13236
13038
13077
13237
13039
13078
13238
13079
13239
13041
13080
13240
13042
13081
13241
13043
13082
13242
13044
13083
13243
13045
13084
13244
13046
13085
13245
13047
13086
13246
13048
13087
13247
13049
13088
13248
13050
13089
13249
13051
13090
13250
13052
13091
13251
13053
13092
13252
13054
13093
13253
13055
13094
13254
13056
13095
13255
13057
13096
13256
13058
13097
13257
13059
13098
13258
13060
13099
13259
13061
13100
13260
13062
13101
13261
13063
13102
13262
13064
13103
13263
13065
13104
13264
13066
13105
13265
13067
13106
13266
13068
13107
13267
13069
13108
13268
13070
13109
13269
13071
13110
13270
13072
13111
13271
13073
13112
13272
13074
13113
13273
13075
13114
13274
13076
13115
13275
13077
13116
13276
13078
13117
13277
13079
13118
13278
13119
13279
13081
13120
13280
13082
13121
13281
13083
13122
13282
13084
13123
13283
13085
13124
13284
13086
13125
13285
13087
13126
13286
13088
13127
13287
13089
13128
13288
13090
13129
13289
13091
13130
13290
13092
13131
13291
13093
13132
13292
13094
13133
13293
13095
13134
13294
13096
13135
13295
13097
13136
13296
13098
13137
13297
13099
13138
13298
13100
13139
13299
13101
13140
13300
13102
13141
13301
13103
13142
13302
13104
13143
13303
13105
13144
13304
13106
13145
13305
13107
13146
13306
13108
13147
13307
13109
13148
13308
13110
13149
13309
13111
13150
13310
13112
13151
13311
13113
13152
13312
13114
13153
13313
13115
13154
13314
13116
13155
13315
13117
13156
13316
13118
13157
13317
13119
13158
13318
13159
13319
13121
13160
13320
13122
13161
13321
13123
13162
13322
13124
13163
13323
13125
13164
13324
13126
13165
13325
13127
13166
13326
13128
13167
13327
13129
13168
13328
13130
13169
13329
13131
13170
13330
13132
13171
13331
13133
13172
13332
13134
13173
13333
13135
13174
13334
13136
13175
13335
13137
13176
13336
13138
13177
13337
13139
13178
13338
13140
13179
13339
13141
13180
13340
13142
13181
13341
13143
13182
13342
13144
13183
13343
13145
13184
13344
13146
13185
13345
13147
13186
13346
13148
13187
13347
13149
13188
13348
13150
13189
13349
13151
13190
13350
13152
13191
13351
13153
13192
13352
13154
13193
13353
13155
13194
13354
13156
13195
13355
13157
13196
13356
13158
13197
13357
13159
13198
13358
13199
13359
13161
13360
13162
13361
13163
13362
13164
13363
13165
13364
13166
13365
13167
13366
13168
13367
13169
13368
13170
13369
13171
13370
13172
13371
13173
13372
13174
13373
13175
13374
13176
13375
13177
13376
13178
13377
13179
13378
13180
13379
13181
13380
13182
13381
13183
13382
13184
13383
13185
13384
13186
13385
13187
13386
13188
13387
13189
13388
13190
13389
13191
13390
13192
13391
13193
13392
13194
13393
13195
13394
13196
13395
13197
13396
13198
13397
13199
13398
13399
13201
13240
13400
13202
13241
13401
13203
13242
13402
13204
13243
13403
13205
13244
13404
13206
13245
13405
13207
13246
13406
13208
13247
13407
13209
13248
13408
13210
13249
13409
13211
13250
13410
13212
13251
13411
13213
13252
13412
13214
13253
13413
13215
13254
13414
13216
13255
13415
13217
13256
13416
13218
13257
13417
13219
13258
13418
13220
13259
13419
13221
13260
13420
13222
13261
13421
13223
13262
13422
13224
13263
13423
13225
13264
13424
13226
13265
13425
13227
13266
13426
13228
13267
13427
13229
13268
13428
13230
13269
13429
13231
13270
13430
13232
13271
13431
13233
13272
13432
13234
13273
13433
13235
13274
13434
13236
13275
13435
13237
13276
13436
13238
13277
13437
13239
13278
13438
13279
13439
13241
13280
13440
13242
13281
13441
13243
13282
13442
13244
13283
13443
13245
13284
13444
13246
13285
13445
13247
13286
13446
13248
13287
13447
13249
13288
13448
13250
13289
13449
13251
13290
13450
13252
13291
13451
13253
13292
13452
13254
13293
13453
13255
13294
13454
13256
13295
13455
13257
13296
13456
13258
13297
13457
13259
13298
13458
13260
13299
13459
13261
13300
13460
13262
13301
13461
13263
13302
13462
13264
13303
13463
13265
13304
13464
13266
13305
13465
13267
13306
13466
13268
13307
13467
13269
13308
13468
13270
13309
13469
13271
13310
13470
13272
13311
13471
13273
13312
13472
13274
13313
13473
13275
13314
13474
13276
13315
13475
13277
13316
13476
13278
13317
13477
13279
13318
13478
13319
13479
13281
13320
13480
13282
13321
13481
13283
13322
13482
13284
13323
13483
13285
13324
13484
13286
13325
13485
13287
13326
13486
13288
13327
13487
13289
13328
13488
13290
13329
13489
13291
13330
13490
13292
13331
13491
13293
13332
13492
13294
13333
13493
13295
13334
13494
13296
13335
13495
13297
13336
13496
13298
13337
13497
13299
13338
13498
13300
13339
13499
13301
13340
13500
13302
13341
13501
13303
13342
13502
13304
13343
13503
13305
13344
13504
13306
13345
13505
13307
13346
13506
13308
13347
13507
13309
13348
13508
13310
13349
13509
13311
13350
13510
13312
13351
13511
13313
13352
13512
13314
13353
13513
13315
13354
13514
13316
13355
13515
13317
13356
13516
13318
13357
13517
13319
13358
13518
13359
13519
13321
13360
13520
13322
13361
13521
13323
13362
13522
13324
13363
13523
13325
13364
13524
13326
13365
13525
13327
13366
13526
13328
13367
13527
13329
13368
13528
13330
13369
13529
13331
13370
13530
13332
13371
13531
13333
13372
13532
13334
13373
13533
13335
13374
13534
13336
13375
13535
13337
13376
13536
13338
13377
13537
13339
13378
13538
13340
13379
13539
13341
13380
13540
13342
13381
13541
13343
13382
13542
13344
13383
13543
13345
13384
13544
13346
13385
13545
13347
13386
13546
13348
13387
13547
13349
13388
13548
13350
13389
13549
13351
13390
13550
13352
13391
13551
13353
13392
13552
13354
13393
13553
13355
13394
13554
13356
13395
13555
13357
13396
13556
13358
13397
13557
13359
13398
13558
13399
13559
13361
13560
13362
13561
13363
13562
13364
13563
13365
13564
13366
13565
13367
13566
13368
13567
13369
13568
13370
13569
13371
13570
13372
13571
13373
13572
13374
13573
13375
13574
13376
13575
13377
13576
13378
13577
13379
13578
13380
13579
13381
13580
13382
13581
13383
13582
13384
13583
13385
13584
13386
13585
13387
13586
13388
13587
13389
13588
13390
13589
13391
13590
13392
13591
13393
13592
13394
13593
13395
13594
13396
13595
13397
13596
13398
13597
13399
13598
13599
13401
13440
13600
13402
13441
13601
13403
13442
13602
13404
13443
13603
13405
13444
13604
13406
13445
13605
13407
13446
13606
13408
13447
13607
13409
13448
13608
13410
13449
13609
13411
13450
13610
13412
13451
13611
13413
13452
13612
13414
13453
13613
13415
13454
13614
13416
13455
13615
13417
13456
13616
13418
13457
13617
13419
13458
13618
13420
13459
13619
13421
13460
13620
13422
13461
13621
13423
13462
13622
13424
13463
13623
13425
13464
13624
13426
13465
13625
13427
13466
13626
13428
13467
13627
13429
13468
13628
13430
13469
13629
13431
13470
13630
13432
13471
13631
13433
13472
13632
13434
13473
13633
13435
13474
13634
13436
13475
13635
13437
13476
13636
13438
13477
13637
13439
13478
13638
13479
13639
13441
13480
13640
13442
13481
13641
13443
13482
13642
13444
13483
13643
13445
13484
13644
13446
13485
13645
13447
13486
13646
13448
13487
13647
13449
13488
13648
13450
13489
13649
13451
13490
13650
13452
13491
13651
13453
13492
13652
13454
13493
13653
13455
13494
13654
13456
13495
13655
13457
13496
13656
13458
13497
13657
13459
13498
13658
13460
13499
13659
13461
13500
13660
13462
13501
13661
13463
13502
13662
13464
13503
13663
13465
13504
13664
13466
13505
13665
13467
13506
13666
13468
13507
13667
13469
13508
13668
13470
13509
13669
13471
13510
13670
13472
13511
13671
13473
13512
13672
13474
13513
13673
13475
13514
13674
13476
13515
13675
13477
13516
13676
13478
13517
13677
13479
13518
13678
13519
13679
13481
13520
13680
13482
13521
13681
13483
13522
13682
13484
13523
13683
13485
13524
13684
13486
13525
13685
13487
13526
13686
13488
13527
13687
13489
13528
13688
13490
13529
13689
13491
13530
13690
13492
13531
13691
13493
13532
13692
13494
13533
13693
13495
13534
13694
13496
13535
13695
13497
13536
13696
13498
13537
13697
13499
13538
13698
13500
13539
13699
13501
13540
13700
13502
13541
13701
13503
13542
13702
13504
13543
13703
13505
13544
13704
13506
13545
13705
13507
13546
13706
13508
13547
13707
13509
13548
13708
13510
13549
13709
13511
13550
13710
13512
13551
13711
13513
13552
13712
13514
13553
13713
13515
13554
13714
13516
13555
13715
13517
13556
13716
13518
13557
13717
13519
13558
13718
13559
13719
13521
13560
13720
13522
13561
13721
13523
13562
13722
13524
13563
13723
13525
13564
13724
13526
13565
13725
13527
13566
13726
13528
13567
13727
13529
13568
13728
13530
13569
13729
13531
13570
13730
13532
13571
13731
13533
13572
13732
13534
13573
13733
13535
13574
13734
13536
13575
13735
13537
13576
13736
13538
13577
13737
13539
13578
13738
13540
13579
13739
13541
13580
13740
13542
13581
13741
13543
13582
13742
13544
13583
13743
13545
13584
13744
13546
13585
13745
13547
13586
13746
13548
13587
13747
13549
13588
13748
13550
13589
13749
13551
13590
13750
13552
13591
13751
13553
13592
13752
13554
13593
13753
13555
13594
13754
13556
13595
13755
13557
13596
13756
13558
13597
13757
13559
13598
13758
13599
13759
13561
13760
13562
13761
13563
13762
13564
13763
13565
13764
13566
13765
13567
13766
13568
13767
13569
13768
13570
13769
13571
13770
13572
13771
13573
13772
13574
13773
13575
13774
13576
13775
13577
13776
13578
13777
13579
13778
13580
13779
13581
13780
13582
13781
13583
13782
13584
13783
13585
13784
13586
13785
13587
13786
13588
13787
13589
13788
13590
13789
13591
13790
13592
13791
13593
13792
13594
13793
13595
13794
13596
13795
13597
13796
13598
13797
13599
13798
13799
13601
13640
13800
13602
13641
13801
13603
13642
13802
13604
13643
13803
13605
13644
13804
13606
13645
13805
13607
13646
13806
13608
13647
13807
13609
13648
13808
13610
13649
13809
13611
13650
13810
13612
13651
13811
13613
13652
13812
13614
13653
13813
13615
13654
13814
13616
13655
13815
13617
13656
13816
13618
13657
13817
13619
13658
13818
13620
13659
13819
13621
13660
13820
13622
13661
13821
13623
13662
13822
13624
13663
13823
13625
13664
13824
13626
13665
13825
13627
13666
13826
13628
13667
13827
13629
13668
13828
13630
13669
13829
13631
13670
13830
13632
13671
13831
13633
13672
13832
13634
13673
13833
13635
13674
13834
13636
13675
13835
13637
13676
13836
13638
13677
13837
13639
13678
13838
13679
13839
13641
13680
13840
13642
13681
13841
13643
13682
13842
13644
13683
13843
13645
13684
13844
13646
13685
13845
13647
13686
13846
13648
13687
13847
13649
13688
13848
13650
13689
13849
13651
13690
13850
13652
13691
13851
13653
13692
13852
13654
13693
13853
13655
13694
13854
13656
13695
13855
13657
13696
13856
13658
13697
13857
13659
13698
13858
13660
13699
13859
13661
13700
13860
13662
13701
13861
13663
13702
13862
13664
13703
13863
13665
13704
13864
13666
13705
13865
13667
13706
13866
13668
13707
13867
13669
13708
13868
13670
13709
13869
13671
13710
13870
13672
13711
13871
13673
13712
13872
13674
13713
13873
13675
13714
13874
13676
13715
13875
13677
13716
13876
13678
13717
13877
13679
13718
13878
13719
13879
13681
13720
13880
13682
13721
13881
13683
13722
13882
13684
13723
13883
13685
13724
13884
13686
13725
13885
13687
13726
13886
13688
13727
13887
13689
13728
13888
13690
13729
13889
13691
13730
13890
13692
13731
13891
13693
13732
13892
13694
13733
13893
13695
13734
13894
13696
13735
13895
13697
13736
13896
13698
13737
13897
13699
13738
13898
13700
13739
13899
13701
13740
13900
13702
13741
13901
13703
13742
13902
13704
13743
13903
13705
13744
13904
13706
13745
13905
13707
13746
13906
13708
13747
13907
13709
13748
13908
13710
13749
13909
13711
13750
13910
13712
13751
13911
13713
13752
13912
13714
13753
13913
13715
13754
13914
13716
13755
13915
13717
13756
13916
13718
13757
13917
13719
13758
13918
13759
13919
13721
13760
13920
13722
13761
13921
13723
13762
13922
13724
13763
13923
13725
13764
13924
13726
13765
13925
13727
13766
13926
13728
13767
13927
13729
13768
13928
13730
13769
13929
13731
13770
13930
13732
13771
13931
13733
13772
13932
13734
13773
13933
13735
13774
13934
13736
13775
13935
13737
13776
13936
13738
13777
13937
13739
13778
13938
13740
13779
13939
13741
13780
13940
13742
13781
13941
13743
13782
13942
13744
13783
13943
13745
13784
13944
13746
13785
13945
13747
13786
13946
13748
13787
13947
13749
13788
13948
13750
13789
13949
13751
13790
13950
13752
13791
13951
13753
13792
13952
13754
13793
13953
13755
13794
13954
13756
13795
13955
13757
13796
13956
13758
13797
13957
13759
13798
13958
13799
13959
13761
13960
13762
13961
13763
13962
13764
13963
13765
13964
13766
13965
13767
13966
13768
13967
13769
13968
13770
13969
13771
13970
13772
13971
13773
13972
13774
13973
13775
13974
13776
13975
13777
13976
13778
13977
13779
13978
13780
13979
13781
13980
13782
13981
13783
13982
13784
13983
13785
13984
13786
13985
13787
13986
13788
13987
13789
13988
13790
13989
13791
13990
13792
13991
13793
13992
13794
13993
13795
13994
13796
13995
13797
13996
13798
13997
13799
13998
13999
13801
13840
14000
13802
13841
14001
13803
13842
14002
13804
13843
14003
13805
13844
14004
13806
13845
14005
13807
13846
14006
13808
13847
14007
13809
13848
14008
13810
13849
14009
13811
13850
14010
13812
13851
14011
13813
13852
14012
13814
13853
14013
13815
13854
14014
13816
13855
14015
13817
13856
14016
13818
13857
14017
13819
13858
14018
13820
13859
14019
13821
13860
14020
13822
13861
14021
13823
13862
14022
13824
13863
14023
13825
13864
14024
13826
13865
14025
13827
13866
14026
13828
13867
14027
13829
13868
14028
13830
13869
14029
13831
13870
14030
13832
13871
14031
13833
13872
14032
13834
13873
14033
13835
13874
14034
13836
13875
14035
13837
13876
14036
13838
13877
14037
13839
13878
14038
13879
14039
13841
13880
14040
13842
13881
14041
13843
13882
14042
13844
13883
14043
13845
13884
14044
13846
13885
14045
13847
13886
14046
13848
13887
14047
13849
13888
14048
13850
13889
14049
13851
13890
14050
13852
13891
14051
13853
13892
14052
13854
13893
14053
13855
13894
14054
13856
13895
14055
13857
13896
14056
13858
13897
14057
13859
13898
14058
13860
13899
14059
13861
13900
14060
13862
13901
14061
13863
13902
14062
13864
13903
14063
13865
13904
14064
13866
13905
14065
13867
13906
14066
13868
13907
14067
13869
13908
14068
13870
13909
14069
13871
13910
14070
13872
13911
14071
13873
13912
14072
13874
13913
14073
13875
13914
14074
13876
13915
14075
13877
13916
14076
13878
13917
14077
13879
13918
14078
13919
14079
13881
13920
14080
13882
13921
14081
13883
13922
14082
13884
13923
14083
13885
13924
14084
13886
13925
14085
13887
13926
14086
13888
13927
14087
13889
13928
14088
13890
13929
14089
13891
13930
14090
13892
13931
14091
13893
13932
14092
13894
13933
14093
13895
13934
14094
13896
13935
14095
13897
13936
14096
13898
13937
14097
13899
13938
14098
13900
13939
14099
13901
13940
14100
13902
13941
14101
13903
13942
14102
13904
13943
14103
13905
13944
14104
13906
13945
14105
13907
13946
14106
13908
13947
14107
13909
13948
14108
13910
13949
14109
13911
13950
14110
13912
13951
14111
13913
13952
14112
13914
13953
14113
13915
13954
14114
13916
13955
14115
13917
13956
14116
13918
13957
14117
13919
13958
14118
13959
14119
13921
13960
14120
13922
13961
14121
13923
13962
14122
13924
13963
14123
13925
13964
14124
13926
13965
14125
13927
13966
14126
13928
13967
14127
13929
13968
14128
13930
13969
14129
13931
13970
14130
13932
13971
14131
13933
13972
14132
13934
13973
14133
13935
13974
14134
13936
13975
14135
13937
13976
14136
13938
13977
14137
13939
13978
14138
13940
13979
14139
13941
13980
14140
13942
13981
14141
13943
13982
14142
13944
13983
14143
13945
13984
14144
13946
13985
14145
13947
13986
14146
13948
13987
14147
13949
13988
14148
13950
13989
14149
13951
13990
14150
13952
13991
14151
13953
13992
14152
13954
13993
14153
13955
13994
14154
13956
13995
14155
13957
13996
14156
13958
13997
14157
13959
13998
14158
13999
14159
13961
14160
13962
14161
13963
14162
13964
14163
13965
14164
13966
14165
13967
14166
13968
14167
13969
14168
13970
14169
13971
14170
13972
14171
13973
14172
13974
14173
13975
14174
13976
14175
13977
14176
13978
14177
13979
14178
13980
14179
13981
14180
13982
14181
13983
14182
13984
14183
13985
14184
13986
14185
13987
14186
13988
14187
13989
14188
13990
14189
13991
14190
13992
14191
13993
14192
13994
14193
13995
14194
13996
14195
13997
14196
13998
14197
13999
14198
14199
14001
14040
14200
14002
14041
14201
14003
14042
14202
14004
14043
14203
14005
14044
14204
14006
14045
14205
14007
14046
14206
14008
14047
14207
14009
14048
14208
14010
14049
14209
14011
14050
14210
14012
14051
14211
14013
14052
14212
14014
14053
14213
14015
14054
14214
14016
14055
14215
14017
14056
14216
14018
14057
14217
14019
14058
14218
14020
14059
14219
14021
14060
14220
14022
14061
14221
14023
14062
14222
14024
14063
14223
14025
14064
14224
14026
14065
14225
14027
14066
14226
14028
14067
14227
14029
14068
14228
14030
14069
14229
14031
14070
14230
14032
14071
14231
14033
14072
14232
14034
14073
14233
14035
14074
14234
14036
14075
14235
14037
14076
14236
14038
14077
14237
14039
14078
14238
14079
14239
14041
14080
14240
14042
14081
14241
14043
14082
14242
14044
14083
14243
14045
14084
14244
14046
14085
14245
14047
14086
14246
14048
14087
14247
14049
14088
14248
14050
14089
14249
14051
14090
14250
14052
14091
14251
14053
14092
14252
14054
14093
14253
14055
14094
14254
14056
14095
14255
14057
14096
14256
14058
14097
14257
14059
14098
14258
14060
14099
14259
14061
14100
14260
14062
14101
14261
14063
14102
14262
14064
14103
14263
14065
14104
14264
14066
14105
14265
14067
14106
14266
14068
14107
14267
14069
14108
14268
14070
14109
14269
14071
14110
14270
14072
14111
14271
14073
14112
14272
14074
14113
14273
14075
14114
14274
14076
14115
14275
14077
14116
14276
14078
14117
14277
14079
14118
14278
14119
14279
14081
14120
14280
14082
14121
14281
14083
14122
14282
14084
14123
14283
14085
14124
14284
14086
14125
14285
14087
14126
14286
14088
14127
14287
14089
14128
14288
14090
14129
14289
14091
14130
14290
14092
14131
14291
14093
14132
14292
14094
14133
14293
14095
14134
14294
14096
14135
14295
14097
14136
14296
14098
14137
14297
14099
14138
14298
14100
14139
14299
14101
14140
14300
14102
14141
14301
14103
14142
14302
14104
14143
14303
14105
14144
14304
14106
14145
14305
14107
14146
14306
14108
14147
14307
14109
14148
14308
14110
14149
14309
14111
14150
14310
14112
14151
14311
14113
14152
14312
14114
14153
14313
14115
14154
14314
14116
14155
14315
14117
14156
14316
14118
14157
14317
14119
14158
14318
14159
14319
14121
14160
14320
14122
14161
14321
14123
14162
14322
14124
14163
14323
14125
14164
14324
14126
14165
14325
14127
14166
14326
14128
14167
14327
14129
14168
14328
14130
14169
14329
14131
14170
14330
14132
14171
14331
14133
14172
14332
14134
14173
14333
14135
14174
14334
14136
14175
14335
14137
14176
14336
14138
14177
14337
14139
14178
14338
14140
14179
14339
14141
14180
14340
14142
14181
14341
14143
14182
14342
14144
14183
14343
14145
14184
14344
14146
14185
14345
14147
14186
14346
14148
14187
14347
14149
14188
14348
14150
14189
14349
14151
14190
14350
14152
14191
14351
14153
14192
14352
14154
14193
14353
14155
14194
14354
14156
14195
14355
14157
14196
14356
14158
14197
14357
14159
14198
14358
14199
14359
14161
14360
14162
14361
14163
14362
14164
14363
14165
14364
14166
14365
14167
14366
14168
14367
14169
14368
14170
14369
14171
14370
14172
14371
14173
14372
14174
14373
14175
14374
14176
14375
14177
14376
14178
14377
14179
14378
14180
14379
14181
14380
14182
14381
14183
14382
14184
14383
14185
14384
14186
14385
14187
14386
14188
14387
14189
14388
14190
14389
14191
14390
14192
14391
14193
14392
14194
14393
14195
14394
14196
14395
14197
14396
14198
14397
14199
14398
14399
14201
14240
14400
14202
14241
14401
14203
14242
14402
14204
14243
14403
14205
14244
14404
14206
14245
14405
14207
14246
14406
14208
14247
14407
14209
14248
14408
14210
14249
14409
14211
14250
14410
14212
14251
14411
14213
14252
14412
14214
14253
14413
14215
14254
14414
14216
14255
14415
14217
14256
14416
14218
14257
14417
14219
14258
14418
14220
14259
14419
14221
14260
14420
14222
14261
14421
14223
14262
14422
14224
14263
14423
14225
14264
14424
14226
14265
14425
14227
14266
14426
14228
14267
14427
14229
14268
14428
14230
14269
14429
14231
14270
14430
14232
14271
14431
14233
14272
14432
14234
14273
14433
14235
14274
14434
14236
14275
14435
14237
14276
14436
14238
14277
14437
14239
14278
14438
14279
14439
14241
14280
14440
14242
14281
14441
14243
14282
14442
14244
14283
14443
14245
14284
14444
14246
14285
14445
14247
14286
14446
14248
14287
14447
14249
14288
14448
14250
14289
14449
14251
14290
14450
14252
14291
14451
14253
14292
14452
14254
14293
14453
14255
14294
14454
14256
14295
14455
14257
14296
14456
14258
14297
14457
14259
14298
14458
14260
14299
14459
14261
14300
14460
14262
14301
14461
14263
14302
14462
14264
14303
14463
14265
14304
14464
14266
14305
14465
14267
14306
14466
14268
14307
14467
14269
14308
14468
14270
14309
14469
14271
14310
14470
14272
14311
14471
14273
14312
14472
14274
14313
14473
14275
14314
14474
14276
14315
14475
14277
14316
14476
14278
14317
14477
14279
14318
14478
14319
14479
14281
14320
14480
14282
14321
14481
14283
14322
14482
14284
14323
14483
14285
14324
14484
14286
14325
14485
14287
14326
14486
14288
14327
14487
14289
14328
14488
14290
14329
14489
14291
14330
14490
14292
14331
14491
14293
14332
14492
14294
14333
14493
14295
14334
14494
14296
14335
14495
14297
14336
14496
14298
14337
14497
14299
14338
14498
14300
14339
14499
14301
14340
14500
14302
14341
14501
14303
14342
14502
14304
14343
14503
14305
14344
14504
14306
14345
14505
14307
14346
14506
14308
14347
14507
14309
14348
14508
14310
14349
14509
14311
14350
14510
14312
14351
14511
14313
14352
14512
14314
14353
14513
14315
14354
14514
14316
14355
14515
14317
14356
14516
14318
14357
14517
14319
14358
14518
14359
14519
14321
14360
14520
14322
14361
14521
14323
14362
14522
14324
14363
14523
14325
14364
14524
14326
14365
14525
14327
14366
14526
14328
14367
14527
14329
14368
14528
14330
14369
14529
14331
14370
14530
14332
14371
14531
14333
14372
14532
14334
14373
14533
14335
14374
14534
14336
14375
14535
14337
14376
14536
14338
14377
14537
14339
14378
14538
14340
14379
14539
14341
14380
14540
14342
14381
14541
14343
14382
14542
14344
14383
14543
14345
14384
14544
14346
14385
14545
14347
14386
14546
14348
14387
14547
14349
14388
14548
14350
14389
14549
14351
14390
14550
14352
14391
14551
14353
14392
14552
14354
14393
14553
14355
14394
14554
14356
14395
14555
14357
14396
14556
14358
14397
14557
14359
14398
14558
14399
14559
14361
14560
14362
14561
14363
14562
14364
14563
14365
14564
14366
14565
14367
14566
14368
14567
14369
14568
14370
14569
14371
14570
14372
14571
14373
14572
14374
14573
14375
14574
14376
14575
14377
14576
14378
14577
14379
14578
14380
14579
14381
14580
14382
14581
14383
14582
14384
14583
14385
14584
14386
14585
14387
14586
14388
14587
14389
14588
14390
14589
14391
14590
14392
14591
14393
14592
14394
14593
14395
14594
14396
14595
14397
14596
14398
14597
14399
14598
14599
14401
14440
14600
14402
14441
14601
14403
14442
14602
14404
14443
14603
14405
14444
14604
14406
14445
14605
14407
14446
14606
14408
14447
14607
14409
14448
14608
14410
14449
14609
14411
14450
14610
14412
14451
14611
14413
14452
14612
14414
14453
14613
14415
14454
14614
14416
14455
14615
14417
14456
14616
14418
14457
14617
14419
14458
14618
14420
14459
14619
14421
14460
14620
14422
14461
14621
14423
14462
14622
14424
14463
14623
14425
14464
14624
14426
14465
14625
14427
14466
14626
14428
14467
14627
14429
14468
14628
14430
14469
14629
14431
14470
14630
14432
14471
14631
14433
14472
14632
14434
14473
14633
14435
14474
14634
14436
14475
14635
14437
14476
14636
14438
14477
14637
14439
14478
14638
14479
14639
14441
14480
14640
14442
14481
14641
14443
14482
14642
14444
14483
14643
14445
14484
14644
14446
14485
14645
14447
14486
14646
14448
14487
14647
14449
14488
14648
14450
14489
14649
14451
14490
14650
14452
14491
14651
14453
14492
14652
14454
14493
14653
14455
14494
14654
14456
14495
14655
14457
14496
14656
14458
14497
14657
14459
14498
14658
14460
14499
14659
14461
14500
14660
14462
14501
14661
14463
14502
14662
14464
14503
14663
14465
14504
14664
14466
14505
14665
14467
14506
14666
14468
14507
14667
14469
14508
14668
14470
14509
14669
14471
14510
14670
14472
14511
14671
14473
14512
14672
14474
14513
14673
14475
14514
14674
14476
14515
14675
14477
14516
14676
14478
14517
14677
14479
14518
14678
14519
14679
14481
14520
14680
14482
14521
14681
14483
14522
14682
14484
14523
14683
14485
14524
14684
14486
14525
14685
14487
14526
14686
14488
14527
14687
14489
14528
14688
14490
14529
14689
14491
14530
14690
14492
14531
14691
14493
14532
14692
14494
14533
14693
14495
14534
14694
14496
14535
14695
14497
14536
14696
14498
14537
14697
14499
14538
14698
14500
14539
14699
14501
14540
14700
14502
14541
14701
14503
14542
14702
14504
14543
14703
14505
14544
14704
14506
14545
14705
14507
14546
14706
14508
14547
14707
14509
14548
14708
14510
14549
14709
14511
14550
14710
14512
14551
14711
14513
14552
14712
14514
14553
14713
14515
14554
14714
14516
14555
14715
14517
14556
14716
14518
14557
14717
14519
14558
14718
14559
14719
14521
14560
14720
14522
14561
14721
14523
14562
14722
14524
14563
14723
14525
14564
14724
14526
14565
14725
14527
14566
14726
14528
14567
14727
14529
14568
14728
14530
14569
14729
14531
14570
14730
14532
14571
14731
14533
14572
14732
14534
14573
14733
14535
14574
14734
14536
14575
14735
14537
14576
14736
14538
14577
14737
14539
14578
14738
14540
14579
14739
14541
14580
14740
14542
14581
14741
14543
14582
14742
14544
14583
14743
14545
14584
14744
14546
14585
14745
14547
14586
14746
14548
14587
14747
14549
14588
14748
14550
14589
14749
14551
14590
14750
14552
14591
14751
14553
14592
14752
14554
14593
14753
14555
14594
14754
14556
14595
14755
14557
14596
14756
14558
14597
14757
14559
14598
14758
14599
14759
14561
14760
14562
14761
14563
14762
14564
14763
14565
14764
14566
14765
14567
14766
14568
14767
14569
14768
14570
14769
14571
14770
14572
14771
14573
14772
14574
14773
14575
14774
14576
14775
14577
14776
14578
14777
14579
14778
14580
14779
14581
14780
14582
14781
14583
14782
14584
14783
14585
14784
14586
14785
14587
14786
14588
14787
14589
14788
14590
14789
14591
14790
14592
14791
14593
14792
14594
14793
14595
14794
14596
14795
14597
14796
14598
14797
14599
14798
14799
14601
14640
14800
14602
14641
14801
14603
14642
14802
14604
14643
14803
14605
14644
14804
14606
14645
14805
14607
14646
14806
14608
14647
14807
14609
14648
14808
14610
14649
14809
14611
14650
14810
14612
14651
14811
14613
14652
14812
14614
14653
14813
14615
14654
14814
14616
14655
14815
14617
14656
14816
14618
14657
14817
14619
14658
14818
14620
14659
14819
14621
14660
14820
14622
14661
14821
14623
14662
14822
14624
14663
14823
14625
14664
14824
14626
14665
14825
14627
14666
14826
14628
14667
14827
14629
14668
14828
14630
14669
14829
14631
14670
14830
14632
14671
14831
14633
14672
14832
14634
14673
14833
14635
14674
14834
14636
14675
14835
14637
14676
14836
14638
14677
14837
14639
14678
14838
14679
14839
14641
14680
14840
14642
14681
14841
14643
14682
14842
14644
14683
14843
14645
14684
14844
14646
14685
14845
14647
14686
14846
14648
14687
14847
14649
14688
14848
14650
14689
14849
14651
14690
14850
14652
14691
14851
14653
14692
14852
14654
14693
14853
14655
14694
14854
14656
14695
14855
14657
14696
14856
14658
14697
14857
14659
14698
14858
14660
14699
14859
14661
14700
14860
14662
14701
14861
14663
14702
14862
14664
14703
14863
14665
14704
14864
14666
14705
14865
14667
14706
14866
14668
14707
14867
14669
14708
14868
14670
14709
14869
14671
14710
14870
14672
14711
14871
14673
14712
14872
14674
14713
14873
14675
14714
14874
14676
14715
14875
14677
14716
14876
14678
14717
14877
14679
14718
14878
14719
14879
14681
14720
14880
14682
14721
14881
14683
14722
14882
14684
14723
14883
14685
14724
14884
14686
14725
14885
14687
14726
14886
14688
14727
14887
14689
14728
14888
14690
14729
14889
14691
14730
14890
14692
14731
14891
14693
14732
14892
14694
14733
14893
14695
14734
14894
14696
14735
14895
14697
14736
14896
14698
14737
14897
14699
14738
14898
14700
14739
14899
14701
14740
14900
14702
14741
14901
14703
14742
14902
14704
14743
14903
14705
14744
14904
14706
14745
14905
14707
14746
14906
14708
14747
14907
14709
14748
14908
14710
14749
14909
14711
14750
14910
14712
14751
14911
14713
14752
14912
14714
14753
14913
14715
14754
14914
14716
14755
14915
14717
14756
14916
14718
14757
14917
14719
14758
14918
14759
14919
14721
14760
14920
14722
14761
14921
14723
14762
14922
14724
14763
14923
14725
14764
14924
14726
14765
14925
14727
14766
14926
14728
14767
14927
14729
14768
14928
14730
14769
14929
14731
14770
14930
14732
14771
14931
14733
14772
14932
14734
14773
14933
14735
14774
14934
14736
14775
14935
14737
14776
14936
14738
14777
14937
14739
14778
14938
14740
14779
14939
14741
14780
14940
14742
14781
14941
14743
14782
14942
14744
14783
14943
14745
14784
14944
14746
14785
14945
14747
14786
14946
14748
14787
14947
14749
14788
14948
14750
14789
14949
14751
14790
14950
14752
14791
14951
14753
14792
14952
14754
14793
14953
14755
14794
14954
14756
14795
14955
14757
14796
14956
14758
14797
14957
14759
14798
14958
14799
14959
14761
14960
14762
14961
14763
14962
14764
14963
14765
14964
14766
14965
14767
14966
14768
14967
14769
14968
14770
14969
14771
14970
14772
14971
14773
14972
14774
14973
14775
14974
14776
14975
14777
14976
14778
14977
14779
14978
14780
14979
14781
14980
14782
14981
14783
14982
14784
14983
14785
14984
14786
14985
14787
14986
14788
14987
14789
14988
14790
14989
14791
14990
14792
14991
14793
14992
14794
14993
14795
14994
14796
14995
14797
14996
14798
14997
14799
14998
14999
14801
14840
15000
14802
14841
15001
14803
14842
15002
14804
14843
15003
14805
14844
15004
14806
14845
15005
14807
14846
15006
14808
14847
15007
14809
14848
15008
14810
14849
15009
14811
14850
15010
14812
14851
15011
14813
14852
15012
14814
14853
15013
14815
14854
15014
14816
14855
15015
14817
14856
15016
14818
14857
15017
14819
14858
15018
14820
14859
15019
14821
14860
15020
14822
14861
15021
14823
14862
15022
14824
14863
15023
14825
14864
15024
14826
14865
15025
14827
14866
15026
14828
14867
15027
14829
14868
15028
14830
14869
15029
14831
14870
15030
14832
14871
15031
14833
14872
15032
14834
14873
15033
14835
14874
15034
14836
14875
15035
14837
14876
15036
14838
14877
15037
14839
14878
15038
14879
15039
14841
14880
15040
14842
14881
15041
14843
14882
15042
14844
14883
15043
14845
14884
15044
14846
14885
15045
14847
14886
15046
14848
14887
15047
14849
14888
15048
14850
14889
15049
14851
14890
15050
14852
14891
15051
14853
14892
15052
14854
14893
15053
14855
14894
15054
14856
14895
15055
14857
14896
15056
14858
14897
15057
14859
14898
15058
14860
14899
15059
14861
14900
15060
14862
14901
15061
14863
14902
15062
14864
14903
15063
14865
14904
15064
14866
14905
15065
14867
14906
15066
14868
14907
15067
14869
14908
15068
14870
14909
15069
14871
14910
15070
14872
14911
15071
14873
14912
15072
14874
14913
15073
14875
14914
15074
14876
14915
15075
14877
14916
15076
14878
14917
15077
14879
14918
15078
14919
15079
14881
14920
15080
14882
14921
15081
14883
14922
15082
14884
14923
15083
14885
14924
15084
14886
14925
15085
14887
14926
15086
14888
14927
15087
14889
14928
15088
14890
14929
15089
14891
14930
15090
14892
14931
15091
14893
14932
15092
14894
14933
15093
14895
14934
15094
14896
14935
15095
14897
14936
15096
14898
14937
15097
14899
14938
15098
14900
14939
15099
14901
14940
15100
14902
14941
15101
14903
14942
15102
14904
14943
15103
14905
14944
15104
14906
14945
15105
14907
14946
15106
14908
14947
15107
14909
14948
15108
14910
14949
15109
14911
14950
15110
14912
14951
15111
14913
14952
15112
14914
14953
15113
14915
14954
15114
14916
14955
15115
14917
14956
15116
14918
14957
15117
14919
14958
15118
14959
15119
14921
14960
15120
14922
14961
15121
14923
14962
15122
14924
14963
15123
14925
14964
15124
14926
14965
15125
14927
14966
15126
14928
14967
15127
14929
14968
15128
14930
14969
15129
14931
14970
15130
14932
14971
15131
14933
14972
15132
14934
14973
15133
14935
14974
15134
14936
14975
15135
14937
14976
15136
14938
14977
15137
14939
14978
15138
14940
14979
15139
14941
14980
15140
14942
14981
15141
14943
14982
15142
14944
14983
15143
14945
14984
15144
14946
14985
15145
14947
14986
15146
14948
14987
15147
14949
14988
15148
14950
14989
15149
14951
14990
15150
14952
14991
15151
14953
14992
15152
14954
14993
15153
14955
14994
15154
14956
14995
15155
14957
14996
15156
14958
14997
15157
14959
14998
15158
14999
15159
14961
15160
14962
15161
14963
15162
14964
15163
14965
15164
14966
15165
14967
15166
14968
15167
14969
15168
14970
15169
14971
15170
14972
15171
14973
15172
14974
15173
14975
15174
14976
15175
14977
15176
14978
15177
14979
15178
14980
15179
14981
15180
14982
15181
14983
15182
14984
15183
14985
15184
14986
15185
14987
15186
14988
15187
14989
15188
14990
15189
14991
15190
14992
15191
14993
15192
14994
15193
14995
15194
14996
15195
14997
15196
14998
15197
14999
15198
15199
15001
15040
15200
15002
15041
15201
15003
15042
15202
15004
15043
15203
15005
15044
15204
15006
15045
15205
15007
15046
15206
15008
15047
15207
15009
15048
15208
15010
15049
15209
15011
15050
15210
15012
15051
15211
15013
15052
15212
15014
15053
15213
15015
15054
15214
15016
15055
15215
15017
15056
15216
15018
15057
15217
15019
15058
15218
15020
15059
15219
15021
15060
15220
15022
15061
15221
15023
15062
15222
15024
15063
15223
15025
15064
15224
15026
15065
15225
15027
15066
15226
15028
15067
15227
15029
15068
15228
15030
15069
15229
15031
15070
15230
15032
15071
15231
15033
15072
15232
15034
15073
15233
15035
15074
15234
15036
15075
15235
15037
15076
15236
15038
15077
15237
15039
15078
15238
15079
15239
15041
15080
15240
15042
15081
15241
15043
15082
15242
15044
15083
15243
15045
15084
15244
15046
15085
15245
15047
15086
15246
15048
15087
15247
15049
15088
15248
15050
15089
15249
15051
15090
15250
15052
15091
15251
15053
15092
15252
15054
15093
15253
15055
15094
15254
15056
15095
15255
15057
15096
15256
15058
15097
15257
15059
15098
15258
15060
15099
15259
15061
15100
15260
15062
15101
15261
15063
15102
15262
15064
15103
15263
15065
15104
15264
15066
15105
15265
15067
15106
15266
15068
15107
15267
15069
15108
15268
15070
15109
15269
15071
15110
15270
15072
15111
15271
15073
15112
15272
15074
15113
15273
15075
15114
15274
15076
15115
15275
15077
15116
15276
15078
15117
15277
15079
15118
15278
15119
15279
15081
15120
15280
15082
15121
15281
15083
15122
15282
15084
15123
15283
15085
15124
15284
15086
15125
15285
15087
15126
15286
15088
15127
15287
15089
15128
15288
15090
15129
15289
15091
15130
15290
15092
15131
15291
15093
15132
15292
15094
15133
15293
15095
15134
15294
15096
15135
15295
15097
15136
15296
15098
15137
15297
15099
15138
15298
15100
15139
15299
15101
15140
15300
15102
15141
15301
15103
15142
15302
15104
15143
15303
15105
15144
15304
15106
15145
15305
15107
15146
15306
15108
15147
15307
15109
15148
15308
15110
15149
15309
15111
15150
15310
15112
15151
15311
15113
15152
15312
15114
15153
15313
15115
15154
15314
15116
15155
15315
15117
15156
15316
15118
15157
15317
15119
15158
15318
15159
15319
15121
15160
15320
15122
15161
15321
15123
15162
15322
15124
15163
15323
15125
15164
15324
15126
15165
15325
15127
15166
15326
15128
15167
15327
15129
15168
15328
15130
15169
15329
15131
15170
15330
15132
15171
15331
15133
15172
15332
15134
15173
15333
15135
15174
15334
15136
15175
15335
15137
15176
15336
15138
15177
15337
15139
15178
15338
15140
15179
15339
15141
15180
15340
15142
15181
15341
15143
15182
15342
15144
15183
15343
15145
15184
15344
15146
15185
15345
15147
15186
15346
15148
15187
15347
15149
15188
15348
15150
15189
15349
15151
15190
15350
15152
15191
15351
15153
15192
15352
15154
15193
15353
15155
15194
15354
15156
15195
15355
15157
15196
15356
15158
15197
15357
15159
15198
15358
15199
15359
15161
15360
15162
15361
15163
15362
15164
15363
15165
15364
15166
15365
15167
15366
15168
15367
15169
15368
15170
15369
15171
15370
15172
15371
15173
15372
15174
15373
15175
15374
15176
15375
15177
15376
15178
15377
15179
15378
15180
15379
15181
15380
15182
15381
15183
15382
15184
15383
15185
15384
15186
15385
15187
15386
15188
15387
15189
15388
15190
15389
15191
15390
15192
15391
15193
15392
15194
15393
15195
15394
15196
15395
15197
15396
15198
15397
15199
15398
15399
15201
15240
15400
15202
15241
15401
15203
15242
15402
15204
15243
15403
15205
15244
15404
15206
15245
15405
15207
15246
15406
15208
15247
15407
15209
15248
15408
15210
15249
15409
15211
15250
15410
15212
15251
15411
15213
15252
15412
15214
15253
15413
15215
15254
15414
15216
15255
15415
15217
15256
15416
15218
15257
15417
15219
15258
15418
15220
15259
15419
15221
15260
15420
15222
15261
15421
15223
15262
15422
15224
15263
15423
15225
15264
15424
15226
15265
15425
15227
15266
15426
15228
15267
15427
15229
15268
15428
15230
15269
15429
15231
15270
15430
15232
15271
15431
15233
15272
15432
15234
15273
15433
15235
15274
15434
15236
15275
15435
15237
15276
15436
15238
15277
15437
15239
15278
15438
15279
15439
15241
15280
15440
15242
15281
15441
15243
15282
15442
15244
15283
15443
15245
15284
15444
15246
15285
15445
15247
15286
15446
15248
15287
15447
15249
15288
15448
15250
15289
15449
15251
15290
15450
15252
15291
15451
15253
15292
15452
15254
15293
15453
15255
15294
15454
15256
15295
15455
15257
15296
15456
15258
15297
15457
15259
15298
15458
15260
15299
15459
15261
15300
15460
15262
15301
15461
15263
15302
15462
15264
15303
15463
15265
15304
15464
15266
15305
15465
15267
15306
15466
15268
15307
15467
15269
15308
15468
15270
15309
15469
15271
15310
15470
15272
15311
15471
15273
15312
15472
15274
15313
15473
15275
15314
15474
15276
15315
15475
15277
15316
15476
15278
15317
15477
15279
15318
15478
15319
15479
15281
15320
15480
15282
15321
15481
15283
15322
15482
15284
15323
15483
15285
15324
15484
15286
15325
15485
15287
15326
15486
15288
15327
15487
15289
15328
15488
15290
15329
15489
15291
15330
15490
15292
15331
15491
15293
15332
15492
15294
15333
15493
15295
15334
15494
15296
15335
15495
15297
15336
15496
15298
15337
15497
15299
15338
15498
15300
15339
15499
15301
15340
15500
15302
15341
15501
15303
15342
15502
15304
15343
15503
15305
15344
15504
15306
15345
15505
15307
15346
15506
15308
15347
15507
15309
15348
15508
15310
15349
15509
15311
15350
15510
15312
15351
15511
15313
15352
15512
15314
15353
15513
15315
15354
15514
15316
15355
15515
15317
15356
15516
15318
15357
15517
15319
15358
15518
15359
15519
15321
15360
15520
15322
15361
15521
15323
15362
15522
15324
15363
15523
15325
15364
15524
15326
15365
15525
15327
15366
15526
15328
15367
15527
15329
15368
15528
15330
15369
15529
15331
15370
15530
15332
15371
15531
15333
15372
15532
15334
15373
15533
15335
15374
15534
15336
15375
15535
15337
15376
15536
15338
15377
15537
15339
15378
15538
15340
15379
15539
15341
15380
15540
15342
15381
15541
15343
15382
15542
15344
15383
15543
15345
15384
15544
15346
15385
15545
15347
15386
15546
15348
15387
15547
15349
15388
15548
15350
15389
15549
15351
15390
15550
15352
15391
15551
15353
15392
15552
15354
15393
15553
15355
15394
15554
15356
15395
15555
15357
15396
15556
15358
15397
15557
15359
15398
15558
15399
15559
15361
15560
15362
15561
15363
15562
15364
15563
15365
15564
15366
15565
15367
15566
15368
15567
15369
15568
15370
15569
15371
15570
15372
15571
15373
15572
15374
15573
15375
15574
15376
15575
15377
15576
15378
15577
15379
15578
15380
15579
15381
15580
15382
15581
15383
15582
15384
15583
15385
15584
15386
15585
15387
15586
15388
15587
15389
15588
15390
15589
15391
15590
15392
15591
15393
15592
15394
15593
15395
15594
15396
15595
15397
15596
15398
15597
15399
15598
15599
15401
15440
15600
15402
15441
15601
15403
15442
15602
15404
15443
15603
15405
15444
15604
15406
15445
15605
15407
15446
15606
15408
15447
15607
15409
15448
15608
15410
15449
15609
15411
15450
15610
15412
15451
15611
15413
15452
15612
15414
15453
15613
15415
15454
15614
15416
15455
15615
15417
15456
15616
15418
15457
15617
15419
15458
15618
15420
15459
15619
15421
15460
15620
15422
15461
15621
15423
15462
15622
15424
15463
15623
15425
15464
15624
15426
15465
15625
15427
15466
15626
15428
15467
15627
15429
15468
15628
15430
15469
15629
15431
15470
15630
15432
15471
15631
15433
15472
15632
15434
15473
15633
15435
15474
15634
15436
15475
15635
15437
15476
15636
15438
15477
15637
15439
15478
15638
15479
15639
15441
15480
15640
15442
15481
15641
15443
15482
15642
15444
15483
15643
15445
15484
15644
15446
15485
15645
15447
15486
15646
15448
15487
15647
15449
15488
15648
15450
15489
15649
15451
15490
15650
15452
15491
15651
15453
15492
15652
15454
15493
15653
15455
15494
15654
15456
15495
15655
15457
15496
15656
15458
15497
15657
15459
15498
15658
15460
15499
15659
15461
15500
15660
15462
15501
15661
15463
15502
15662
15464
15503
15663
15465
15504
15664
15466
15505
15665
15467
15506
15666
15468
15507
15667
15469
15508
15668
15470
15509
15669
15471
15510
15670
15472
15511
15671
15473
15512
15672
15474
15513
15673
15475
15514
15674
15476
15515
15675
15477
15516
15676
15478
15517
15677
15479
15518
15678
15519
15679
15481
15520
15680
15482
15521
15681
15483
15522
15682
15484
15523
15683
15485
15524
15684
15486
15525
15685
15487
15526
15686
15488
15527
15687
15489
15528
15688
15490
15529
15689
15491
15530
15690
15492
15531
15691
15493
15532
15692
15494
15533
15693
15495
15534
15694
15496
15535
15695
15497
15536
15696
15498
15537
15697
15499
15538
15698
15500
15539
15699
15501
15540
15700
15502
15541
15701
15503
15542
15702
15504
15543
15703
15505
15544
15704
15506
15545
15705
15507
15546
15706
15508
15547
15707
15509
15548
15708
15510
15549
15709
15511
15550
15710
15512
15551
15711
15513
15552
15712
15514
15553
15713
15515
15554
15714
15516
15555
15715
15517
15556
15716
15518
15557
15717
15519
15558
15718
15559
15719
15521
15560
15720
15522
15561
15721
15523
15562
15722
15524
15563
15723
15525
15564
15724
15526
15565
15725
15527
15566
15726
15528
15567
15727
15529
15568
15728
15530
15569
15729
15531
15570
15730
15532
15571
15731
15533
15572
15732
15534
15573
15733
15535
15574
15734
15536
15575
15735
15537
15576
15736
15538
15577
15737
15539
15578
15738
15540
15579
15739
15541
15580
15740
15542
15581
15741
15543
15582
15742
15544
15583
15743
15545
15584
15744
15546
15585
15745
15547
15586
15746
15548
15587
15747
15549
15588
15748
15550
15589
15749
15551
15590
15750
15552
15591
15751
15553
15592
15752
15554
15593
15753
15555
15594
15754
15556
15595
15755
15557
15596
15756
15558
15597
15757
15559
15598
15758
15599
15759
15561
15760
15562
15761
15563
15762
15564
15763
15565
15764
15566
15765
15567
15766
15568
15767
15569
15768
15570
15769
15571
15770
15572
15771
15573
15772
15574
15773
15575
15774
15576
15775
15577
15776
15578
15777
15579
15778
15580
15779
15581
15780
15582
15781
15583
15782
15584
15783
15585
15784
15586
15785
15587
15786
15588
15787
15589
15788
15590
15789
15591
15790
15592
15791
15593
15792
15594
15793
15595
15794
15596
15795
15597
15796
15598
15797
15599
15798
15799
15601
15640
15800
15602
15641
15801
15603
15642
15802
15604
15643
15803
15605
15644
15804
15606
15645
15805
15607
15646
15806
15608
15647
15807
15609
15648
15808
15610
15649
15809
15611
15650
15810
15612
15651
15811
15613
15652
15812
15614
15653
15813
15615
15654
15814
15616
15655
15815
15617
15656
15816
15618
15657
15817
15619
15658
15818
15620
15659
15819
15621
15660
15820
15622
15661
15821
15623
15662
15822
15624
15663
15823
15625
15664
15824
15626
15665
15825
15627
15666
15826
15628
15667
15827
15629
15668
15828
15630
15669
15829
15631
15670
15830
15632
15671
15831
15633
15672
15832
15634
15673
15833
15635
15674
15834
15636
15675
15835
15637
15676
15836
15638
15677
15837
15639
15678
15838
15679
15839
15641
15680
15840
15642
15681
15841
15643
15682
15842
15644
15683
15843
15645
15684
15844
15646
15685
15845
15647
15686
15846
15648
15687
15847
15649
15688
15848
15650
15689
15849
15651
15690
15850
15652
15691
15851
15653
15692
15852
15654
15693
15853
15655
15694
15854
15656
15695
15855
15657
15696
15856
15658
15697
15857
15659
15698
15858
15660
15699
15859
15661
15700
15860
15662
15701
15861
15663
15702
15862
15664
15703
15863
15665
15704
15864
15666
15705
15865
15667
15706
15866
15668
15707
15867
15669
15708
15868
15670
15709
15869
15671
15710
15870
15672
15711
15871
15673
15712
15872
15674
15713
15873
15675
15714
15874
15676
15715
15875
15677
15716
15876
15678
15717
15877
15679
15718
15878
15719
15879
15681
15720
15880
15682
15721
15881
15683
15722
15882
15684
15723
15883
15685
15724
15884
15686
15725
15885
15687
15726
15886
15688
15727
15887
15689
15728
15888
15690
15729
15889
15691
15730
15890
15692
15731
15891
15693
15732
15892
15694
15733
15893
15695
15734
15894
15696
15735
15895
15697
15736
15896
15698
15737
15897
15699
15738
15898
15700
15739
15899
15701
15740
15900
15702
15741
15901
15703
15742
15902
15704
15743
15903
15705
15744
15904
15706
15745
15905
15707
15746
15906
15708
15747
15907
15709
15748
15908
15710
15749
15909
15711
15750
15910
15712
15751
15911
15713
15752
15912
15714
15753
15913
15715
15754
15914
15716
15755
15915
15717
15756
15916
15718
15757
15917
15719
15758
15918
15759
15919
15721
15760
15920
15722
15761
15921
15723
15762
15922
15724
15763
15923
15725
15764
15924
15726
15765
15925
15727
15766
15926
15728
15767
15927
15729
15768
15928
15730
15769
15929
15731
15770
15930
15732
15771
15931
15733
15772
15932
15734
15773
15933
15735
15774
15934
15736
15775
15935
15737
15776
15936
15738
15777
15937
15739
15778
15938
15740
15779
15939
15741
15780
15940
15742
15781
15941
15743
15782
15942
15744
15783
15943
15745
15784
15944
15746
15785
15945
15747
15786
15946
15748
15787
15947
15749
15788
15948
15750
15789
15949
15751
15790
15950
15752
15791
15951
15753
15792
15952
15754
15793
15953
15755
15794
15954
15756
15795
15955
15757
15796
15956
15758
15797
15957
15759
15798
15958
15799
15959
15761
15960
15762
15961
15763
15962
15764
15963
15765
15964
15766
15965
15767
15966
15768
15967
15769
15968
15770
15969
15771
15970
15772
15971
15773
15972
15774
15973
15775
15974
15776
15975
15777
15976
15778
15977
15779
15978
15780
15979
15781
15980
15782
15981
15783
15982
15784
15983
15785
15984
15786
15985
15787
15986
15788
15987
15789
15988
15790
15989
15791
15990
15792
15991
15793
15992
15794
15993
15795
15994
15796
15995
15797
15996
15798
15997
15799
15998
15999
15801
15840
16000
15802
15841
16001
15803
15842
16002
15804
15843
16003
15805
15844
16004
15806
15845
16005
15807
15846
16006
15808
15847
16007
15809
15848
16008
15810
15849
16009
15811
15850
16010
15812
15851
16011
15813
15852
16012
15814
15853
16013
15815
15854
16014
15816
15855
16015
15817
15856
16016
15818
15857
16017
15819
15858
16018
15820
15859
16019
15821
15860
16020
15822
15861
16021
15823
15862
16022
15824
15863
16023
15825
15864
16024
15826
15865
16025
15827
15866
16026
15828
15867
16027
15829
15868
16028
15830
15869
16029
15831
15870
16030
15832
15871
16031
15833
15872
16032
15834
15873
16033
15835
15874
16034
15836
15875
16035
15837
15876
16036
15838
15877
16037
15839
15878
16038
15879
16039
15841
15880
16040
15842
15881
16041
15843
15882
16042
15844
15883
16043
15845
15884
16044
15846
15885
16045
15847
15886
16046
15848
15887
16047
15849
15888
16048
15850
15889
16049
15851
15890
16050
15852
15891
16051
15853
15892
16052
15854
15893
16053
15855
15894
16054
15856
15895
16055
15857
15896
16056
15858
15897
16057
15859
15898
16058
15860
15899
16059
15861
15900
16060
15862
15901
16061
15863
15902
16062
15864
15903
16063
15865
15904
16064
15866
15905
16065
15867
15906
16066
15868
15907
16067
15869
15908
16068
15870
15909
16069
15871
15910
16070
15872
15911
16071
15873
15912
16072
15874
15913
16073
15875
15914
16074
15876
15915
16075
15877
15916
16076
15878
15917
16077
15879
15918
16078
15919
16079
15881
15920
16080
15882
15921
16081
15883
15922
16082
15884
15923
16083
15885
15924
16084
15886
15925
16085
15887
15926
16086
15888
15927
16087
15889
15928
16088
15890
15929
16089
15891
15930
16090
15892
15931
16091
15893
15932
16092
15894
15933
16093
15895
15934
16094
15896
15935
16095
15897
15936
16096
15898
15937
16097
15899
15938
16098
15900
15939
16099
15901
15940
16100
15902
15941
16101
15903
15942
16102
15904
15943
16103
15905
15944
16104
15906
15945
16105
15907
15946
16106
15908
15947
16107
15909
15948
16108
15910
15949
16109
15911
15950
16110
15912
15951
16111
15913
15952
16112
15914
15953
16113
15915
15954
16114
15916
15955
16115
15917
15956
16116
15918
15957
16117
15919
15958
16118
15959
16119
15921
15960
16120
15922
15961
16121
15923
15962
16122
15924
15963
16123
15925
15964
16124
15926
15965
16125
15927
15966
16126
15928
15967
16127
15929
15968
16128
15930
15969
16129
15931
15970
16130
15932
15971
16131
15933
15972
16132
15934
15973
16133
15935
15974
16134
15936
15975
16135
15937
15976
16136
15938
15977
16137
15939
15978
16138
15940
15979
16139
15941
15980
16140
15942
15981
16141
15943
15982
16142
15944
15983
16143
15945
15984
16144
15946
15985
16145
15947
15986
16146
15948
15987
16147
15949
15988
16148
15950
15989
16149
15951
15990
16150
15952
15991
16151
15953
15992
16152
15954
15993
16153
15955
15994
16154
15956
15995
16155
15957
15996
16156
15958
15997
16157
15959
15998
16158
15999
16159
15961
16160
15962
16161
15963
16162
15964
16163
15965
16164
15966
16165
15967
16166
15968
16167
15969
16168
15970
16169
15971
16170
15972
16171
15973
16172
15974
16173
15975
16174
15976
16175
15977
16176
15978
16177
15979
16178
15980
16179
15981
16180
15982
16181
15983
16182
15984
16183
15985
16184
15986
16185
15987
16186
15988
16187
15989
16188
15990
16189
15991
16190
15992
16191
15993
16192
15994
16193
15995
16194
15996
16195
15997
16196
15998
16197
15999
16198
16199
16001
16040
16200
16002
16041
16201
16003
16042
16202
16004
16043
16203
16005
16044
16204
16006
16045
16205
16007
16046
16206
16008
16047
16207
16009
16048
16208
16010
16049
16209
16011
16050
16210
16012
16051
16211
16013
16052
16212
16014
16053
16213
16015
16054
16214
16016
16055
16215
16017
16056
16216
16018
16057
16217
16019
16058
16218
16020
16059
16219
16021
16060
16220
16022
16061
16221
16023
16062
16222
16024
16063
16223
16025
16064
16224
16026
16065
16225
16027
16066
16226
16028
16067
16227
16029
16068
16228
16030
16069
16229
16031
16070
16230
16032
16071
16231
16033
16072
16232
16034
16073
16233
16035
16074
16234
16036
16075
16235
16037
16076
16236
16038
16077
16237
16039
16078
16238
16079
16239
16041
16080
16240
16042
16081
16241
16043
16082
16242
16044
16083
16243
16045
16084
16244
16046
16085
16245
16047
16086
16246
16048
16087
16247
16049
16088
16248
16050
16089
16249
16051
16090
16250
16052
16091
16251
16053
16092
16252
16054
16093
16253
16055
16094
16254
16056
16095
16255
16057
16096
16256
16058
16097
16257
16059
16098
16258
16060
16099
16259
16061
16100
16260
16062
16101
16261
16063
16102
16262
16064
16103
16263
16065
16104
16264
16066
16105
16265
16067
16106
16266
16068
16107
16267
16069
16108
16268
16070
16109
16269
16071
16110
16270
16072
16111
16271
16073
16112
16272
16074
16113
16273
16075
16114
16274
16076
16115
16275
16077
16116
16276
16078
16117
16277
16079
16118
16278
16119
16279
16081
16120
16280
16082
16121
16281
16083
16122
16282
16084
16123
16283
16085
16124
16284
16086
16125
16285
16087
16126
16286
16088
16127
16287
16089
16128
16288
16090
16129
16289
16091
16130
16290
16092
16131
16291
16093
16132
16292
16094
16133
16293
16095
16134
16294
16096
16135
16295
16097
16136
16296
16098
16137
16297
16099
16138
16298
16100
16139
16299
16101
16140
16300
16102
16141
16301
16103
16142
16302
16104
16143
16303
16105
16144
16304
16106
16145
16305
16107
16146
16306
16108
16147
16307
16109
16148
16308
16110
16149
16309
16111
16150
16310
16112
16151
16311
16113
16152
16312
16114
16153
16313
16115
16154
16314
16116
16155
16315
16117
16156
16316
16118
16157
16317
16119
16158
16318
16159
16319
16121
16160
16320
16122
16161
16321
16123
16162
16322
16124
16163
16323
16125
16164
16324
16126
16165
16325
16127
16166
16326
16128
16167
16327
16129
16168
16328
16130
16169
16329
16131
16170
16330
16132
16171
16331
16133
16172
16332
16134
16173
16333
16135
16174
16334
16136
16175
16335
16137
16176
16336
16138
16177
16337
16139
16178
16338
16140
16179
16339
16141
16180
16340
16142
16181
16341
16143
16182
16342
16144
16183
16343
16145
16184
16344
16146
16185
16345
16147
16186
16346
16148
16187
16347
16149
16188
16348
16150
16189
16349
16151
16190
16350
16152
16191
16351
16153
16192
16352
16154
16193
16353
16155
16194
16354
16156
16195
16355
16157
16196
16356
16158
16197
16357
16159
16198
16358
16199
16359
16161
16360
16162
16361
16163
16362
16164
16363
16165
16364
16166
16365
16167
16366
16168
16367
16169
16368
16170
16369
16171
16370
16172
16371
16173
16372
16174
16373
16175
16374
16176
16375
16177
16376
16178
16377
16179
16378
16180
16379
16181
16380
16182
16381
16183
16382
16184
16383
16185
16384
16186
16385
16187
16386
16188
16387
16189
16388
16190
16389
16191
16390
16192
16391
16193
16392
16194
16393
16195
16394
16196
16395
16197
16396
16198
16397
16199
16398
16399
16201
16240
16400
16202
16241
16401
16203
16242
16402
16204
16243
16403
16205
16244
16404
16206
16245
16405
16207
16246
16406
16208
16247
16407
16209
16248
16408
16210
16249
16409
16211
16250
16410
16212
16251
16411
16213
16252
16412
16214
16253
16413
16215
16254
16414
16216
16255
16415
16217
16256
16416
16218
16257
16417
16219
16258
16418
16220
16259
16419
16221
16260
16420
16222
16261
16421
16223
16262
16422
16224
16263
16423
16225
16264
16424
16226
16265
16425
16227
16266
16426
16228
16267
16427
16229
16268
16428
16230
16269
16429
16231
16270
16430
16232
16271
16431
16233
16272
16432
16234
16273
16433
16235
16274
16434
16236
16275
16435
16237
16276
16436
16238
16277
16437
16239
16278
16438
16279
16439
16241
16280
16440
16242
16281
16441
16243
16282
16442
16244
16283
16443
16245
16284
16444
16246
16285
16445
16247
16286
16446
16248
16287
16447
16249
16288
16448
16250
16289
16449
16251
16290
16450
16252
16291
16451
16253
16292
16452
16254
16293
16453
16255
16294
16454
16256
16295
16455
16257
16296
16456
16258
16297
16457
16259
16298
16458
16260
16299
16459
16261
16300
16460
16262
16301
16461
16263
16302
16462
16264
16303
16463
16265
16304
16464
16266
16305
16465
16267
16306
16466
16268
16307
16467
16269
16308
16468
16270
16309
16469
16271
16310
16470
16272
16311
16471
16273
16312
16472
16274
16313
16473
16275
16314
16474
16276
16315
16475
16277
16316
16476
16278
16317
16477
16279
16318
16478
16319
16479
16281
16320
16480
16282
16321
16481
16283
16322
16482
16284
16323
16483
16285
16324
16484
16286
16325
16485
16287
16326
16486
16288
16327
16487
16289
16328
16488
16290
16329
16489
16291
16330
16490
16292
16331
16491
16293
16332
16492
16294
16333
16493
16295
16334
16494
16296
16335
16495
16297
16336
16496
16298
16337
16497
16299
16338
16498
16300
16339
16499
16301
16340
16500
16302
16341
16501
16303
16342
16502
16304
16343
16503
16305
16344
16504
16306
16345
16505
16307
16346
16506
16308
16347
16507
16309
16348
16508
16310
16349
16509
16311
16350
16510
16312
16351
16511
16313
16352
16512
16314
16353
16513
16315
16354
16514
16316
16355
16515
16317
16356
16516
16318
16357
16517
16319
16358
16518
16359
16519
16321
16360
16520
16322
16361
16521
16323
16362
16522
16324
16363
16523
16325
16364
16524
16326
16365
16525
16327
16366
16526
16328
16367
16527
16329
16368
16528
16330
16369
16529
16331
16370
16530
16332
16371
16531
16333
16372
16532
16334
16373
16533
16335
16374
16534
16336
16375
16535
16337
16376
16536
16338
16377
16537
16339
16378
16538
16340
16379
16539
16341
16380
16540
16342
16381
16541
16343
16382
16542
16344
16383
16543
16345
16384
16544
16346
16385
16545
16347
16386
16546
16348
16387
16547
16349
16388
16548
16350
16389
16549
16351
16390
16550
16352
16391
16551
16353
16392
16552
16354
16393
16553
16355
16394
16554
16356
16395
16555
16357
16396
16556
16358
16397
16557
16359
16398
16558
16399
16559
16361
16560
16362
16561
16363
16562
16364
16563
16365
16564
16366
16565
16367
16566
16368
16567
16369
16568
16370
16569
16371
16570
16372
16571
16373
16572
16374
16573
16375
16574
16376
16575
16377
16576
16378
16577
16379
16578
16380
16579
16381
16580
16382
16581
16383
16582
16384
16583
16385
16584
16386
16585
16387
16586
16388
16587
16389
16588
16390
16589
16391
16590
16392
16591
16393
16592
16394
16593
16395
16594
16396
16595
16397
16596
16398
16597
16399
16598
16599
16401
16440
16600
16402
16441
16601
16403
16442
16602
16404
16443
16603
16405
16444
16604
16406
16445
16605
16407
16446
16606
16408
16447
16607
16409
16448
16608
16410
16449
16609
16411
16450
16610
16412
16451
16611
16413
16452
16612
16414
16453
16613
16415
16454
16614
16416
16455
16615
16417
16456
16616
16418
16457
16617
16419
16458
16618
16420
16459
16619
16421
16460
16620
16422
16461
16621
16423
16462
16622
16424
16463
16623
16425
16464
16624
16426
16465
16625
16427
16466
16626
16428
16467
16627
16429
16468
16628
16430
16469
16629
16431
16470
16630
16432
16471
16631
16433
16472
16632
16434
16473
16633
16435
16474
16634
16436
16475
16635
16437
16476
16636
16438
16477
16637
16439
16478
16638
16479
16639
16441
16480
16640
16442
16481
16641
16443
16482
16642
16444
16483
16643
16445
16484
16644
16446
16485
16645
16447
16486
16646
16448
16487
16647
16449
16488
16648
16450
16489
16649
16451
16490
16650
16452
16491
16651
16453
16492
16652
16454
16493
16653
16455
16494
16654
16456
16495
16655
16457
16496
16656
16458
16497
16657
16459
16498
16658
16460
16499
16659
16461
16500
16660
16462
16501
16661
16463
16502
16662
16464
16503
16663
16465
16504
16664
16466
16505
16665
16467
16506
16666
16468
16507
16667
16469
16508
16668
16470
16509
16669
16471
16510
16670
16472
16511
16671
16473
16512
16672
16474
16513
16673
16475
16514
16674
16476
16515
16675
16477
16516
16676
16478
16517
16677
16479
16518
16678
16519
16679
16481
16520
16680
16482
16521
16681
16483
16522
16682
16484
16523
16683
16485
16524
16684
16486
16525
16685
16487
16526
16686
16488
16527
16687
16489
16528
16688
16490
16529
16689
16491
16530
16690
16492
16531
16691
16493
16532
16692
16494
16533
16693
16495
16534
16694
16496
16535
16695
16497
16536
16696
16498
16537
16697
16499
16538
16698
16500
16539
16699
16501
16540
16700
16502
16541
16701
16503
16542
16702
16504
16543
16703
16505
16544
16704
16506
16545
16705
16507
16546
16706
16508
16547
16707
16509
16548
16708
16510
16549
16709
16511
16550
16710
16512
16551
16711
16513
16552
16712
16514
16553
16713
16515
16554
16714
16516
16555
16715
16517
16556
16716
16518
16557
16717
16519
16558
16718
16559
16719
16521
16560
16720
16522
16561
16721
16523
16562
16722
16524
16563
16723
16525
16564
16724
16526
16565
16725
16527
16566
16726
16528
16567
16727
16529
16568
16728
16530
16569
16729
16531
16570
16730
16532
16571
16731
16533
16572
16732
16534
16573
16733
16535
16574
16734
16536
16575
16735
16537
16576
16736
16538
16577
16737
16539
16578
16738
16540
16579
16739
16541
16580
16740
16542
16581
16741
16543
16582
16742
16544
16583
16743
16545
16584
16744
16546
16585
16745
16547
16586
16746
16548
16587
16747
16549
16588
16748
16550
16589
16749
16551
16590
16750
16552
16591
16751
16553
16592
16752
16554
16593
16753
16555
16594
16754
16556
16595
16755
16557
16596
16756
16558
16597
16757
16559
16598
16758
16599
16759
16561
16760
16562
16761
16563
16762
16564
16763
16565
16764
16566
16765
16567
16766
16568
16767
16569
16768
16570
16769
16571
16770
16572
16771
16573
16772
16574
16773
16575
16774
16576
16775
16577
16776
16578
16777
16579
16778
16580
16779
16581
16780
16582
16781
16583
16782
16584
16783
16585
16784
16586
16785
16587
16786
16588
16787
16589
16788
16590
16789
16591
16790
16592
16791
16593
16792
16594
16793
16595
16794
16596
16795
16597
16796
16598
16797
16599
16798
16799
16601
16640
16800
16602
16641
16801
16603
16642
16802
16604
16643
16803
16605
16644
16804
16606
16645
16805
16607
16646
16806
16608
16647
16807
16609
16648
16808
16610
16649
16809
16611
16650
16810
16612
16651
16811
16613
16652
16812
16614
16653
16813
16615
16654
16814
16616
16655
16815
16617
16656
16816
16618
16657
16817
16619
16658
16818
16620
16659
16819
16621
16660
16820
16622
16661
16821
16623
16662
16822
16624
16663
16823
16625
16664
16824
16626
16665
16825
16627
16666
16826
16628
16667
16827
16629
16668
16828
16630
16669
16829
16631
16670
16830
16632
16671
16831
16633
16672
16832
16634
16673
16833
16635
16674
16834
16636
16675
16835
16637
16676
16836
16638
16677
16837
16639
16678
16838
16679
16839
16641
16680
16840
16642
16681
16841
16643
16682
16842
16644
16683
16843
16645
16684
16844
16646
16685
16845
16647
16686
16846
16648
16687
16847
16649
16688
16848
16650
16689
16849
16651
16690
16850
16652
16691
16851
16653
16692
16852
16654
16693
16853
16655
16694
16854
16656
16695
16855
16657
16696
16856
16658
16697
16857
16659
16698
16858
16660
16699
16859
16661
16700
16860
16662
16701
16861
16663
16702
16862
16664
16703
16863
16665
16704
16864
16666
16705
16865
16667
16706
16866
16668
16707
16867
16669
16708
16868
16670
16709
16869
16671
16710
16870
16672
16711
16871
16673
16712
16872
16674
16713
16873
16675
16714
16874
16676
16715
16875
16677
16716
16876
16678
16717
16877
16679
16718
16878
16719
16879
16681
16720
16880
16682
16721
16881
16683
16722
16882
16684
16723
16883
16685
16724
16884
16686
16725
16885
16687
16726
16886
16688
16727
16887
16689
16728
16888
16690
16729
16889
16691
16730
16890
16692
16731
16891
16693
16732
16892
16694
16733
16893
16695
16734
16894
16696
16735
16895
16697
16736
16896
16698
16737
16897
16699
16738
16898
16700
16739
16899
16701
16740
16900
16702
16741
16901
16703
16742
16902
16704
16743
16903
16705
16744
16904
16706
16745
16905
16707
16746
16906
16708
16747
16907
16709
16748
16908
16710
16749
16909
16711
16750
16910
16712
16751
16911
16713
16752
16912
16714
16753
16913
16715
16754
16914
16716
16755
16915
16717
16756
16916
16718
16757
16917
16719
16758
16918
16759
16919
16721
16760
16920
16722
16761
16921
16723
16762
16922
16724
16763
16923
16725
16764
16924
16726
16765
16925
16727
16766
16926
16728
16767
16927
16729
16768
16928
16730
16769
16929
16731
16770
16930
16732
16771
16931
16733
16772
16932
16734
16773
16933
16735
16774
16934
16736
16775
16935
16737
16776
16936
16738
16777
16937
16739
16778
16938
16740
16779
16939
16741
16780
16940
16742
16781
16941
16743
16782
16942
16744
16783
16943
16745
16784
16944
16746
16785
16945
16747
16786
16946
16748
16787
16947
16749
16788
16948
16750
16789
16949
16751
16790
16950
16752
16791
16951
16753
16792
16952
16754
16793
16953
16755
16794
16954
16756
16795
16955
16757
16796
16956
16758
16797
16957
16759
16798
16958
16799
16959
16761
16960
16762
16961
16763
16962
16764
16963
16765
16964
16766
16965
16767
16966
16768
16967
16769
16968
16770
16969
16771
16970
16772
16971
16773
16972
16774
16973
16775
16974
16776
16975
16777
16976
16778
16977
16779
16978
16780
16979
16781
16980
16782
16981
16783
16982
16784
16983
16785
16984
16786
16985
16787
16986
16788
16987
16789
16988
16790
16989
16791
16990
16792
16991
16793
16992
16794
16993
16795
16994
16796
16995
16797
16996
16798
16997
16799
16998
16999
16801
16840
17000
16802
16841
17001
16803
16842
17002
16804
16843
17003
16805
16844
17004
16806
16845
17005
16807
16846
17006
16808
16847
17007
16809
16848
17008
16810
16849
17009
16811
16850
17010
16812
16851
17011
16813
16852
17012
16814
16853
17013
16815
16854
17014
16816
16855
17015
16817
16856
17016
16818
16857
17017
16819
16858
17018
16820
16859
17019
16821
16860
17020
16822
16861
17021
16823
16862
17022
16824
16863
17023
16825
16864
17024
16826
16865
17025
16827
16866
17026
16828
16867
17027
16829
16868
17028
16830
16869
17029
16831
16870
17030
16832
16871
17031
16833
16872
17032
16834
16873
17033
16835
16874
17034
16836
16875
17035
16837
16876
17036
16838
16877
17037
16839
16878
17038
16879
17039
16841
16880
17040
16842
16881
17041
16843
16882
17042
16844
16883
17043
16845
16884
17044
16846
16885
17045
16847
16886
17046
16848
16887
17047
16849
16888
17048
16850
16889
17049
16851
16890
17050
16852
16891
17051
16853
16892
17052
16854
16893
17053
16855
16894
17054
16856
16895
17055
16857
16896
17056
16858
16897
17057
16859
16898
17058
16860
16899
17059
16861
16900
17060
16862
16901
17061
16863
16902
17062
16864
16903
17063
16865
16904
17064
16866
16905
17065
16867
16906
17066
16868
16907
17067
16869
16908
17068
16870
16909
17069
16871
16910
17070
16872
16911
17071
16873
16912
17072
16874
16913
17073
16875
16914
17074
16876
16915
17075
16877
16916
17076
16878
16917
17077
16879
16918
17078
16919
17079
16881
16920
17080
16882
16921
17081
16883
16922
17082
16884
16923
17083
16885
16924
17084
16886
16925
17085
16887
16926
17086
16888
16927
17087
16889
16928
17088
16890
16929
17089
16891
16930
17090
16892
16931
17091
16893
16932
17092
16894
16933
17093
16895
16934
17094
16896
16935
17095
16897
16936
17096
16898
16937
17097
16899
16938
17098
16900
16939
17099
16901
16940
17100
16902
16941
17101
16903
16942
17102
16904
16943
17103
16905
16944
17104
16906
16945
17105
16907
16946
17106
16908
16947
17107
16909
16948
17108
16910
16949
17109
16911
16950
17110
16912
16951
17111
16913
16952
17112
16914
16953
17113
16915
16954
17114
16916
16955
17115
16917
16956
17116
16918
16957
17117
16919
16958
17118
16959
17119
16921
16960
17120
16922
16961
17121
16923
16962
17122
16924
16963
17123
16925
16964
17124
16926
16965
17125
16927
16966
17126
16928
16967
17127
16929
16968
17128
16930
16969
17129
16931
16970
17130
16932
16971
17131
16933
16972
17132
16934
16973
17133
16935
16974
17134
16936
16975
17135
16937
16976
17136
16938
16977
17137
16939
16978
17138
16940
16979
17139
16941
16980
17140
16942
16981
17141
16943
16982
17142
16944
16983
17143
16945
16984
17144
16946
16985
17145
16947
16986
17146
16948
16987
17147
16949
16988
17148
16950
16989
17149
16951
16990
17150
16952
16991
17151
16953
16992
17152
16954
16993
17153
16955
16994
17154
16956
16995
17155
16957
16996
17156
16958
16997
17157
16959
16998
17158
16999
17159
16961
17160
16962
17161
16963
17162
16964
17163
16965
17164
16966
17165
16967
17166
16968
17167
16969
17168
16970
17169
16971
17170
16972
17171
16973
17172
16974
17173
16975
17174
16976
17175
16977
17176
16978
17177
16979
17178
16980
17179
16981
17180
16982
17181
16983
17182
16984
17183
16985
17184
16986
17185
16987
17186
16988
17187
16989
17188
16990
17189
16991
17190
16992
17191
16993
17192
16994
17193
16995
17194
16996
17195
16997
17196
16998
17197
16999
17198
17199
17001
17040
17200
17002
17041
17201
17003
17042
17202
17004
17043
17203
17005
17044
17204
17006
17045
17205
17007
17046
17206
17008
17047
17207
17009
17048
17208
17010
17049
17209
17011
17050
17210
17012
17051
17211
17013
17052
17212
17014
17053
17213
17015
17054
17214
17016
17055
17215
17017
17056
17216
17018
17057
17217
17019
17058
17218
17020
17059
17219
17021
17060
17220
17022
17061
17221
17023
17062
17222
17024
17063
17223
17025
17064
17224
17026
17065
17225
17027
17066
17226
17028
17067
17227
17029
17068
17228
17030
17069
17229
17031
17070
17230
17032
17071
17231
17033
17072
17232
17034
17073
17233
17035
17074
17234
17036
17075
17235
17037
17076
17236
17038
17077
17237
17039
17078
17238
17079
17239
17041
17080
17240
17042
17081
17241
17043
17082
17242
17044
17083
17243
17045
17084
17244
17046
17085
17245
17047
17086
17246
17048
17087
17247
17049
17088
17248
17050
17089
17249
17051
17090
17250
17052
17091
17251
17053
17092
17252
17054
17093
17253
17055
17094
17254
17056
17095
17255
17057
17096
17256
17058
17097
17257
17059
17098
17258
17060
17099
17259
17061
17100
17260
17062
17101
17261
17063
17102
17262
17064
17103
17263
17065
17104
17264
17066
17105
17265
17067
17106
17266
17068
17107
17267
17069
17108
17268
17070
17109
17269
17071
17110
17270
17072
17111
17271
17073
17112
17272
17074
17113
17273
17075
17114
17274
17076
17115
17275
17077
17116
17276
17078
17117
17277
17079
17118
17278
17119
17279
17081
17120
17280
17082
17121
17281
17083
17122
17282
17084
17123
17283
17085
17124
17284
17086
17125
17285
17087
17126
17286
17088
17127
17287
17089
17128
17288
17090
17129
17289
17091
17130
17290
17092
17131
17291
17093
17132
17292
17094
17133
17293
17095
17134
17294
17096
17135
17295
17097
17136
17296
17098
17137
17297
17099
17138
17298
17100
17139
17299
17101
17140
17300
17102
17141
17301
17103
17142
17302
17104
17143
17303
17105
17144
17304
17106
17145
17305
17107
17146
17306
17108
17147
17307
17109
17148
17308
17110
17149
17309
17111
17150
17310
17112
17151
17311
17113
17152
17312
17114
17153
17313
17115
17154
17314
17116
17155
17315
17117
17156
17316
17118
17157
17317
17119
17158
17318
17159
17319
17121
17160
17320
17122
17161
17321
17123
17162
17322
17124
17163
17323
17125
17164
17324
17126
17165
17325
17127
17166
17326
17128
17167
17327
17129
17168
17328
17130
17169
17329
17131
17170
17330
17132
17171
17331
17133
17172
17332
17134
17173
17333
17135
17174
17334
17136
17175
17335
17137
17176
17336
17138
17177
17337
17139
17178
17338
17140
17179
17339
17141
17180
17340
17142
17181
17341
17143
17182
17342
17144
17183
17343
17145
17184
17344
17146
17185
17345
17147
17186
17346
17148
17187
17347
17149
17188
17348
17150
17189
17349
17151
17190
17350
17152
17191
17351
17153
17192
17352
17154
17193
17353
17155
17194
17354
17156
17195
17355
17157
17196
17356
17158
17197
17357
17159
17198
17358
17199
17359
17161
17360
17162
17361
17163
17362
17164
17363
17165
17364
17166
17365
17167
17366
17168
17367
17169
17368
17170
17369
17171
17370
17172
17371
17173
17372
17174
17373
17175
17374
17176
17375
17177
17376
17178
17377
17179
17378
17180
17379
17181
17380
17182
17381
17183
17382
17184
17383
17185
17384
17186
17385
17187
17386
17188
17387
17189
17388
17190
17389
17191
17390
17192
17391
17193
17392
17194
17393
17195
17394
17196
17395
17197
17396
17198
17397
17199
17398
17399
17201
17240
17400
17202
17241
17401
17203
17242
17402
17204
17243
17403
17205
17244
17404
17206
17245
17405
17207
17246
17406
17208
17247
17407
17209
17248
17408
17210
17249
17409
17211
17250
17410
17212
17251
17411
17213
17252
17412
17214
17253
17413
17215
17254
17414
17216
17255
17415
17217
17256
17416
17218
17257
17417
17219
17258
17418
17220
17259
17419
17221
17260
17420
17222
17261
17421
17223
17262
17422
17224
17263
17423
17225
17264
17424
17226
17265
17425
17227
17266
17426
17228
17267
17427
17229
17268
17428
17230
17269
17429
17231
17270
17430
17232
17271
17431
17233
17272
17432
17234
17273
17433
17235
17274
17434
17236
17275
17435
17237
17276
17436
17238
17277
17437
17239
17278
17438
17279
17439
17241
17280
17440
17242
17281
17441
17243
17282
17442
17244
17283
17443
17245
17284
17444
17246
17285
17445
17247
17286
17446
17248
17287
17447
17249
17288
17448
17250
17289
17449
17251
17290
17450
17252
17291
17451
17253
17292
17452
17254
17293
17453
17255
17294
17454
17256
17295
17455
17257
17296
17456
17258
17297
17457
17259
17298
17458
17260
17299
17459
17261
17300
17460
17262
17301
17461
17263
17302
17462
17264
17303
17463
17265
17304
17464
17266
17305
17465
17267
17306
17466
17268
17307
17467
17269
17308
17468
17270
17309
17469
17271
17310
17470
17272
17311
17471
17273
17312
17472
17274
17313
17473
17275
17314
17474
17276
17315
17475
17277
17316
17476
17278
17317
17477
17279
17318
17478
17319
17479
17281
17320
17480
17282
17321
17481
17283
17322
17482
17284
17323
17483
17285
17324
17484
17286
17325
17485
17287
17326
17486
17288
17327
17487
17289
17328
17488
17290
17329
17489
17291
17330
17490
17292
17331
17491
17293
17332
17492
17294
17333
17493
17295
17334
17494
17296
17335
17495
17297
17336
17496
17298
17337
17497
17299
17338
17498
17300
17339
17499
17301
17340
17500
17302
17341
17501
17303
17342
17502
17304
17343
17503
17305
17344
17504
17306
17345
17505
17307
17346
17506
17308
17347
17507
17309
17348
17508
17310
17349
17509
17311
17350
17510
17312
17351
17511
17313
17352
17512
17314
17353
17513
17315
17354
17514
17316
17355
17515
17317
17356
17516
17318
17357
17517
17319
17358
17518
17359
17519
17321
17360
17520
17322
17361
17521
17323
17362
17522
17324
17363
17523
17325
17364
17524
17326
17365
17525
17327
17366
17526
17328
17367
17527
17329
17368
17528
17330
17369
17529
17331
17370
17530
17332
17371
17531
17333
17372
17532
17334
17373
17533
17335
17374
17534
17336
17375
17535
17337
17376
17536
17338
17377
17537
17339
17378
17538
17340
17379
17539
17341
17380
17540
17342
17381
17541
17343
17382
17542
17344
17383
17543
17345
17384
17544
17346
17385
17545
17347
17386
17546
17348
17387
17547
17349
17388
17548
17350
17389
17549
17351
17390
17550
17352
17391
17551
17353
17392
17552
17354
17393
17553
17355
17394
17554
17356
17395
17555
17357
17396
17556
17358
17397
17557
17359
17398
17558
17399
17559
17361
17560
17362
17561
17363
17562
17364
17563
17365
17564
17366
17565
17367
17566
17368
17567
17369
17568
17370
17569
17371
17570
17372
17571
17373
17572
17374
17573
17375
17574
17376
17575
17377
17576
17378
17577
17379
17578
17380
17579
17381
17580
17382
17581
17383
17582
17384
17583
17385
17584
17386
17585
17387
17586
17388
17587
17389
17588
17390
17589
17391
17590
17392
17591
17393
17592
17394
17593
17395
17594
17396
17595
17397
17596
17398
17597
17399
17598
17599
17401
17440
17600
17402
17441
17601
17403
17442
17602
17404
17443
17603
17405
17444
17604
17406
17445
17605
17407
17446
17606
17408
17447
17607
17409
17448
17608
17410
17449
17609
17411
17450
17610
17412
17451
17611
17413
17452
17612
17414
17453
17613
17415
17454
17614
17416
17455
17615
17417
17456
17616
17418
17457
17617
17419
17458
17618
17420
17459
17619
17421
17460
17620
17422
17461
17621
17423
17462
17622
17424
17463
17623
17425
17464
17624
17426
17465
17625
17427
17466
17626
17428
17467
17627
17429
17468
17628
17430
17469
17629
17431
17470
17630
17432
17471
17631
17433
17472
17632
17434
17473
17633
17435
17474
17634
17436
17475
17635
17437
17476
17636
17438
17477
17637
17439
17478
17638
17479
17639
17441
17480
17640
17442
17481
17641
17443
17482
17642
17444
17483
17643
17445
17484
17644
17446
17485
17645
17447
17486
17646
17448
17487
17647
17449
17488
17648
17450
17489
17649
17451
17490
17650
17452
17491
17651
17453
17492
17652
17454
17493
17653
17455
17494
17654
17456
17495
17655
17457
17496
17656
17458
17497
17657
17459
17498
17658
17460
17499
17659
17461
17500
17660
17462
17501
17661
17463
17502
17662
17464
17503
17663
17465
17504
17664
17466
17505
17665
17467
17506
17666
17468
17507
17667
17469
17508
17668
17470
17509
17669
17471
17510
17670
17472
17511
17671
17473
17512
17672
17474
17513
17673
17475
17514
17674
17476
17515
17675
17477
17516
17676
17478
17517
17677
17479
17518
17678
17519
17679
17481
17520
17680
17482
17521
17681
17483
17522
17682
17484
17523
17683
17485
17524
17684
17486
17525
17685
17487
17526
17686
17488
17527
17687
17489
17528
17688
17490
17529
17689
17491
17530
17690
17492
17531
17691
17493
17532
17692
17494
17533
17693
17495
17534
17694
17496
17535
17695
17497
17536
17696
17498
17537
17697
17499
17538
17698
17500
17539
17699
17501
17540
17700
17502
17541
17701
17503
17542
17702
17504
17543
17703
17505
17544
17704
17506
17545
17705
17507
17546
17706
17508
17547
17707
17509
17548
17708
17510
17549
17709
17511
17550
17710
17512
17551
17711
17513
17552
17712
17514
17553
17713
17515
17554
17714
17516
17555
17715
17517
17556
17716
17518
17557
17717
17519
17558
17718
17559
17719
17521
17560
17720
17522
17561
17721
17523
17562
17722
17524
17563
17723
17525
17564
17724
17526
17565
17725
17527
17566
17726
17528
17567
17727
17529
17568
17728
17530
17569
17729
17531
17570
17730
17532
17571
17731
17533
17572
17732
17534
17573
17733
17535
17574
17734
17536
17575
17735
17537
17576
17736
17538
17577
17737
17539
17578
17738
17540
17579
17739
17541
17580
17740
17542
17581
17741
17543
17582
17742
17544
17583
17743
17545
17584
17744
17546
17585
17745
17547
17586
17746
17548
17587
17747
17549
17588
17748
17550
17589
17749
17551
17590
17750
17552
17591
17751
17553
17592
17752
17554
17593
17753
17555
17594
17754
17556
17595
17755
17557
17596
17756
17558
17597
17757
17559
17598
17758
17599
17759
17561
17760
17562
17761
17563
17762
17564
17763
17565
17764
17566
17765
17567
17766
17568
17767
17569
17768
17570
17769
17571
17770
17572
17771
17573
17772
17574
17773
17575
17774
17576
17775
17577
17776
17578
17777
17579
17778
17580
17779
17581
17780
17582
17781
17583
17782
17584
17783
17585
17784
17586
17785
17587
17786
17588
17787
17589
17788
17590
17789
17591
17790
17592
17791
17593
17792
17594
17793
17595
17794
17596
17795
17597
17796
17598
17797
17599
17798
17799
17601
17640
17800
17602
17641
17801
17603
17642
17802
17604
17643
17803
17605
17644
17804
17606
17645
17805
17607
17646
17806
17608
17647
17807
17609
17648
17808
17610
17649
17809
17611
17650
17810
17612
17651
17811
17613
17652
17812
17614
17653
17813
17615
17654
17814
17616
17655
17815
17617
17656
17816
17618
17657
17817
17619
17658
17818
17620
17659
17819
17621
17660
17820
17622
17661
17821
17623
17662
17822
17624
17663
17823
17625
17664
17824
17626
17665
17825
17627
17666
17826
17628
17667
17827
17629
17668
17828
17630
17669
17829
17631
17670
17830
17632
17671
17831
17633
17672
17832
17634
17673
17833
17635
17674
17834
17636
17675
17835
17637
17676
17836
17638
17677
17837
17639
17678
17838
17679
17839
17641
17680
17840
17642
17681
17841
17643
17682
17842
17644
17683
17843
17645
17684
17844
17646
17685
17845
17647
17686
17846
17648
17687
17847
17649
17688
17848
17650
17689
17849
17651
17690
17850
17652
17691
17851
17653
17692
17852
17654
17693
17853
17655
17694
17854
17656
17695
17855
17657
17696
17856
17658
17697
17857
17659
17698
17858
17660
17699
17859
17661
17700
17860
17662
17701
17861
17663
17702
17862
17664
17703
17863
17665
17704
17864
17666
17705
17865
17667
17706
17866
17668
17707
17867
17669
17708
17868
17670
17709
17869
17671
17710
17870
17672
17711
17871
17673
17712
17872
17674
17713
17873
17675
17714
17874
17676
17715
17875
17677
17716
17876
17678
17717
17877
17679
17718
17878
17719
17879
17681
17720
17880
17682
17721
17881
17683
17722
17882
17684
17723
17883
17685
17724
17884
17686
17725
17885
17687
17726
17886
17688
17727
17887
17689
17728
17888
17690
17729
17889
17691
17730
17890
17692
17731
17891
17693
17732
17892
17694
17733
17893
17695
17734
17894
17696
17735
17895
17697
17736
17896
17698
17737
17897
17699
17738
17898
17700
17739
17899
17701
17740
17900
17702
17741
17901
17703
17742
17902
17704
17743
17903
17705
17744
17904
17706
17745
17905
17707
17746
17906
17708
17747
17907
17709
17748
17908
17710
17749
17909
17711
17750
17910
17712
17751
17911
17713
17752
17912
17714
17753
17913
17715
17754
17914
17716
17755
17915
17717
17756
17916
17718
17757
17917
17719
17758
17918
17759
17919
17721
17760
17920
17722
17761
17921
17723
17762
17922
17724
17763
17923
17725
17764
17924
17726
17765
17925
17727
17766
17926
17728
17767
17927
17729
17768
17928
17730
17769
17929
17731
17770
17930
17732
17771
17931
17733
17772
17932
17734
17773
17933
17735
17774
17934
17736
17775
17935
17737
17776
17936
17738
17777
17937
17739
17778
17938
17740
17779
17939
17741
17780
17940
17742
17781
17941
17743
17782
17942
17744
17783
17943
17745
17784
17944
17746
17785
17945
17747
17786
17946
17748
17787
17947
17749
17788
17948
17750
17789
17949
17751
17790
17950
17752
17791
17951
17753
17792
17952
17754
17793
17953
17755
17794
17954
17756
17795
17955
17757
17796
17956
17758
17797
17957
17759
17798
17958
17799
17959
17761
17960
17762
17961
17763
17962
17764
17963
17765
17964
17766
17965
17767
17966
17768
17967
17769
17968
17770
17969
17771
17970
17772
17971
17773
17972
17774
17973
17775
17974
17776
17975
17777
17976
17778
17977
17779
17978
17780
17979
17781
17980
17782
17981
17783
17982
17784
17983
17785
17984
17786
17985
17787
17986
17788
17987
17789
17988
17790
17989
17791
17990
17792
17991
17793
17992
17794
17993
17795
17994
17796
17995
17797
17996
17798
17997
17799
17998
17999
17801
17840
18000
17802
17841
18001
17803
17842
18002
17804
17843
18003
17805
17844
18004
17806
17845
18005
17807
17846
18006
17808
17847
18007
17809
17848
18008
17810
17849
18009
17811
17850
18010
17812
17851
18011
17813
17852
18012
17814
17853
18013
17815
17854
18014
17816
17855
18015
17817
17856
18016
17818
17857
18017
17819
17858
18018
17820
17859
18019
17821
17860
18020
17822
17861
18021
17823
17862
18022
17824
17863
18023
17825
17864
18024
17826
17865
18025
17827
17866
18026
17828
17867
18027
17829
17868
18028
17830
17869
18029
17831
17870
18030
17832
17871
18031
17833
17872
18032
17834
17873
18033
17835
17874
18034
17836
17875
18035
17837
17876
18036
17838
17877
18037
17839
17878
18038
17879
18039
17841
17880
18040
17842
17881
18041
17843
17882
18042
17844
17883
18043
17845
17884
18044
17846
17885
18045
17847
17886
18046
17848
17887
18047
17849
17888
18048
17850
17889
18049
17851
17890
18050
17852
17891
18051
17853
17892
18052
17854
17893
18053
17855
17894
18054
17856
17895
18055
17857
17896
18056
17858
17897
18057
17859
17898
18058
17860
17899
18059
17861
17900
18060
17862
17901
18061
17863
17902
18062
17864
17903
18063
17865
17904
18064
17866
17905
18065
17867
17906
18066
17868
17907
18067
17869
17908
18068
17870
17909
18069
17871
17910
18070
17872
17911
18071
17873
17912
18072
17874
17913
18073
17875
17914
18074
17876
17915
18075
17877
17916
18076
17878
17917
18077
17879
17918
18078
17919
18079
17881
17920
18080
17882
17921
18081
17883
17922
18082
17884
17923
18083
17885
17924
18084
17886
17925
18085
17887
17926
18086
17888
17927
18087
17889
17928
18088
17890
17929
18089
17891
17930
18090
17892
17931
18091
17893
17932
18092
17894
17933
18093
17895
17934
18094
17896
17935
18095
17897
17936
18096
17898
17937
18097
17899
17938
18098
17900
17939
18099
17901
17940
18100
17902
17941
18101
17903
17942
18102
17904
17943
18103
17905
17944
18104
17906
17945
18105
17907
17946
18106
17908
17947
18107
17909
17948
18108
17910
17949
18109
17911
17950
18110
17912
17951
18111
17913
17952
18112
17914
17953
18113
17915
17954
18114
17916
17955
18115
17917
17956
18116
17918
17957
18117
17919
17958
18118
17959
18119
17921
17960
18120
17922
17961
18121
17923
17962
18122
17924
17963
18123
17925
17964
18124
17926
17965
18125
17927
17966
18126
17928
17967
18127
17929
17968
18128
17930
17969
18129
17931
17970
18130
17932
17971
18131
17933
17972
18132
17934
17973
18133
17935
17974
18134
17936
17975
18135
17937
17976
18136
17938
17977
18137
17939
17978
18138
17940
17979
18139
17941
17980
18140
17942
17981
18141
17943
17982
18142
17944
17983
18143
17945
17984
18144
17946
17985
18145
17947
17986
18146
17948
17987
18147
17949
17988
18148
17950
17989
18149
17951
17990
18150
17952
17991
18151
17953
17992
18152
17954
17993
18153
17955
17994
18154
17956
17995
18155
17957
17996
18156
17958
17997
18157
17959
17998
18158
17999
18159
17961
18160
17962
18161
17963
18162
17964
18163
17965
18164
17966
18165
17967
18166
17968
18167
17969
18168
17970
18169
17971
18170
17972
18171
17973
18172
17974
18173
17975
18174
17976
18175
17977
18176
17978
18177
17979
18178
17980
18179
17981
18180
17982
18181
17983
18182
17984
18183
17985
18184
17986
18185
17987
18186
17988
18187
17989
18188
17990
18189
17991
18190
17992
18191
17993
18192
17994
18193
17995
18194
17996
18195
17997
18196
17998
18197
17999
18198
18199
18001
18040
18200
18002
18041
18201
18003
18042
18202
18004
18043
18203
18005
18044
18204
18006
18045
18205
18007
18046
18206
18008
18047
18207
18009
18048
18208
18010
18049
18209
18011
18050
18210
18012
18051
18211
18013
18052
18212
18014
18053
18213
18015
18054
18214
18016
18055
18215
18017
18056
18216
18018
18057
18217
18019
18058
18218
18020
18059
18219
18021
18060
18220
18022
18061
18221
18023
18062
18222
18024
18063
18223
18025
18064
18224
18026
18065
18225
18027
18066
18226
18028
18067
18227
18029
18068
18228
18030
18069
18229
18031
18070
18230
18032
18071
18231
18033
18072
18232
18034
18073
18233
18035
18074
18234
18036
18075
18235
18037
18076
18236
18038
18077
18237
18039
18078
18238
18079
18239
18041
18080
18240
18042
18081
18241
18043
18082
18242
18044
18083
18243
18045
18084
18244
18046
18085
18245
18047
18086
18246
18048
18087
18247
18049
18088
18248
18050
18089
18249
18051
18090
18250
18052
18091
18251
18053
18092
18252
18054
18093
18253
18055
18094
18254
18056
18095
18255
18057
18096
18256
18058
18097
18257
18059
18098
18258
18060
18099
18259
18061
18100
18260
18062
18101
18261
18063
18102
18262
18064
18103
18263
18065
18104
18264
18066
18105
18265
18067
18106
18266
18068
18107
18267
18069
18108
18268
18070
18109
18269
18071
18110
18270
18072
18111
18271
18073
18112
18272
18074
18113
18273
18075
18114
18274
18076
18115
18275
18077
18116
18276
18078
18117
18277
18079
18118
18278
18119
18279
18081
18120
18280
18082
18121
18281
18083
18122
18282
18084
18123
18283
18085
18124
18284
18086
18125
18285
18087
18126
18286
18088
18127
18287
18089
18128
18288
18090
18129
18289
18091
18130
18290
18092
18131
18291
18093
18132
18292
18094
18133
18293
18095
18134
18294
18096
18135
18295
18097
18136
18296
18098
18137
18297
18099
18138
18298
18100
18139
18299
18101
18140
18300
18102
18141
18301
18103
18142
18302
18104
18143
18303
18105
18144
18304
18106
18145
18305
18107
18146
18306
18108
18147
18307
18109
18148
18308
18110
18149
18309
18111
18150
18310
18112
18151
18311
18113
18152
18312
18114
18153
18313
18115
18154
18314
18116
18155
18315
18117
18156
18316
18118
18157
18317
18119
18158
18318
18159
18319
18121
18160
18320
18122
18161
18321
18123
18162
18322
18124
18163
18323
18125
18164
18324
18126
18165
18325
18127
18166
18326
18128
18167
18327
18129
18168
18328
18130
18169
18329
18131
18170
18330
18132
18171
18331
18133
18172
18332
18134
18173
18333
18135
18174
18334
18136
18175
18335
18137
18176
18336
18138
18177
18337
18139
18178
18338
18140
18179
18339
18141
18180
18340
18142
18181
18341
18143
18182
18342
18144
18183
18343
18145
18184
18344
18146
18185
18345
18147
18186
18346
18148
18187
18347
18149
18188
18348
18150
18189
18349
18151
18190
18350
18152
18191
18351
18153
18192
18352
18154
18193
18353
18155
18194
18354
18156
18195
18355
18157
18196
18356
18158
18197
18357
18159
18198
18358
18199
18359
18161
18360
18162
18361
18163
18362
18164
18363
18165
18364
18166
18365
18167
18366
18168
18367
18169
18368
18170
18369
18171
18370
18172
18371
18173
18372
18174
18373
18175
18374
18176
18375
18177
18376
18178
18377
18179
18378
18180
18379
18181
18380
18182
18381
18183
18382
18184
18383
18185
18384
18186
18385
18187
18386
18188
18387
18189
18388
18190
18389
18191
18390
18192
18391
18193
18392
18194
18393
18195
18394
18196
18395
18197
18396
18198
18397
18199
18398
18399
18201
18240
18400
18202
18241
18401
18203
18242
18402
18204
18243
18403
18205
18244
18404
18206
18245
18405
18207
18246
18406
18208
18247
18407
18209
18248
18408
18210
18249
18409
18211
18250
18410
18212
18251
18411
18213
18252
18412
18214
18253
18413
18215
18254
18414
18216
18255
18415
18217
18256
18416
18218
18257
18417
18219
18258
18418
18220
18259
18419
18221
18260
18420
18222
18261
18421
18223
18262
18422
18224
18263
18423
18225
18264
18424
18226
18265
18425
18227
18266
18426
18228
18267
18427
18229
18268
18428
18230
18269
18429
18231
18270
18430
18232
18271
18431
18233
18272
18432
18234
18273
18433
18235
18274
18434
18236
18275
18435
18237
18276
18436
18238
18277
18437
18239
18278
18438
18279
18439
18241
18280
18440
18242
18281
18441
18243
18282
18442
18244
18283
18443
18245
18284
18444
18246
18285
18445
18247
18286
18446
18248
18287
18447
18249
18288
18448
18250
18289
18449
18251
18290
18450
18252
18291
18451
18253
18292
18452
18254
18293
18453
18255
18294
18454
18256
18295
18455
18257
18296
18456
18258
18297
18457
18259
18298
18458
18260
18299
18459
18261
18300
18460
18262
18301
18461
18263
18302
18462
18264
18303
18463
18265
18304
18464
18266
18305
18465
18267
18306
18466
18268
18307
18467
18269
18308
18468
18270
18309
18469
18271
18310
18470
18272
18311
18471
18273
18312
18472
18274
18313
18473
18275
18314
18474
18276
18315
18475
18277
18316
18476
18278
18317
18477
18279
18318
18478
18319
18479
18281
18320
18480
18282
18321
18481
18283
18322
18482
18284
18323
18483
18285
18324
18484
18286
18325
18485
18287
18326
18486
18288
18327
18487
18289
18328
18488
18290
18329
18489
18291
18330
18490
18292
18331
18491
18293
18332
18492
18294
18333
18493
18295
18334
18494
18296
18335
18495
18297
18336
18496
18298
18337
18497
18299
18338
18498
18300
18339
18499
18301
18340
18500
18302
18341
18501
18303
18342
18502
18304
18343
18503
18305
18344
18504
18306
18345
18505
18307
18346
18506
18308
18347
18507
18309
18348
18508
18310
18349
18509
18311
18350
18510
18312
18351
18511
18313
18352
18512
18314
18353
18513
18315
18354
18514
18316
18355
18515
18317
18356
18516
18318
18357
18517
18319
18358
18518
18359
18519
18321
18360
18520
18322
18361
18521
18323
18362
18522
18324
18363
18523
18325
18364
18524
18326
18365
18525
18327
18366
18526
18328
18367
18527
18329
18368
18528
18330
18369
18529
18331
18370
18530
18332
18371
18531
18333
18372
18532
18334
18373
18533
18335
18374
18534
18336
18375
18535
18337
18376
18536
18338
18377
18537
18339
18378
18538
18340
18379
18539
18341
18380
18540
18342
18381
18541
18343
18382
18542
18344
18383
18543
18345
18384
18544
18346
18385
18545
18347
18386
18546
18348
18387
18547
18349
18388
18548
18350
18389
18549
18351
18390
18550
18352
18391
18551
18353
18392
18552
18354
18393
18553
18355
18394
18554
18356
18395
18555
18357
18396
18556
18358
18397
18557
18359
18398
18558
18399
18559
18361
18560
18362
18561
18363
18562
18364
18563
18365
18564
18366
18565
18367
18566
18368
18567
18369
18568
18370
18569
18371
18570
18372
18571
18373
18572
18374
18573
18375
18574
18376
18575
18377
18576
18378
18577
18379
18578
18380
18579
18381
18580
18382
18581
18383
18582
18384
18583
18385
18584
18386
18585
18387
18586
18388
18587
18389
18588
18390
18589
18391
18590
18392
18591
18393
18592
18394
18593
18395
18594
18396
18595
18397
18596
18398
18597
18399
18598
18599
18401
18440
18600
18402
18441
18601
18403
18442
18602
18404
18443
18603
18405
18444
18604
18406
18445
18605
18407
18446
18606
18408
18447
18607
18409
18448
18608
18410
18449
18609
18411
18450
18610
18412
18451
18611
18413
18452
18612
18414
18453
18613
18415
18454
18614
18416
18455
18615
18417
18456
18616
18418
18457
18617
18419
18458
18618
18420
18459
18619
18421
18460
18620
18422
18461
18621
18423
18462
18622
18424
18463
18623
18425
18464
18624
18426
18465
18625
18427
18466
18626
18428
18467
18627
18429
18468
18628
18430
18469
18629
18431
18470
18630
18432
18471
18631
18433
18472
18632
18434
18473
18633
18435
18474
18634
18436
18475
18635
18437
18476
18636
18438
18477
18637
18439
18478
18638
18479
18639
18441
18480
18640
18442
18481
18641
18443
18482
18642
18444
18483
18643
18445
18484
18644
18446
18485
18645
18447
18486
18646
18448
18487
18647
18449
18488
18648
18450
18489
18649
18451
18490
18650
18452
18491
18651
18453
18492
18652
18454
18493
18653
18455
18494
18654
18456
18495
18655
18457
18496
18656
18458
18497
18657
18459
18498
18658
18460
18499
18659
18461
18500
18660
18462
18501
18661
18463
18502
18662
18464
18503
18663
18465
18504
18664
18466
18505
18665
18467
18506
18666
18468
18507
18667
18469
18508
18668
18470
18509
18669
18471
18510
18670
18472
18511
18671
18473
18512
18672
18474
18513
18673
18475
18514
18674
18476
18515
18675
18477
18516
18676
18478
18517
18677
18479
18518
18678
18519
18679
18481
18520
18680
18482
18521
18681
18483
18522
18682
18484
18523
18683
18485
18524
18684
18486
18525
18685
18487
18526
18686
18488
18527
18687
18489
18528
18688
18490
18529
18689
18491
18530
18690
18492
18531
18691
18493
18532
18692
18494
18533
18693
18495
18534
18694
18496
18535
18695
18497
18536
18696
18498
18537
18697
18499
18538
18698
18500
18539
18699
18501
18540
18700
18502
18541
18701
18503
18542
18702
18504
18543
18703
18505
18544
18704
18506
18545
18705
18507
18546
18706
18508
18547
18707
18509
18548
18708
18510
18549
18709
18511
18550
18710
18512
18551
18711
18513
18552
18712
18514
18553
18713
18515
18554
18714
18516
18555
18715
18517
18556
18716
18518
18557
18717
18519
18558
18718
18559
18719
18521
18560
18720
18522
18561
18721
18523
18562
18722
18524
18563
18723
18525
18564
18724
18526
18565
18725
18527
18566
18726
18528
18567
18727
18529
18568
18728
18530
18569
18729
18531
18570
18730
18532
18571
18731
18533
18572
18732
18534
18573
18733
18535
18574
18734
18536
18575
18735
18537
18576
18736
18538
18577
18737
18539
18578
18738
18540
18579
18739
18541
18580
18740
18542
18581
18741
18543
18582
18742
18544
18583
18743
18545
18584
18744
18546
18585
18745
18547
18586
18746
18548
18587
18747
18549
18588
18748
18550
18589
18749
18551
18590
18750
18552
18591
18751
18553
18592
18752
18554
18593
18753
18555
18594
18754
18556
18595
18755
18557
18596
18756
18558
18597
18757
18559
18598
18758
18599
18759
18561
18760
18562
18761
18563
18762
18564
18763
18565
18764
18566
18765
18567
18766
18568
18767
18569
18768
18570
18769
18571
18770
18572
18771
18573
18772
18574
18773
18575
18774
18576
18775
18577
18776
18578
18777
18579
18778
18580
18779
18581
18780
18582
18781
18583
18782
18584
18783
18585
18784
18586
18785
18587
18786
18588
18787
18589
18788
18590
18789
18591
18790
18592
18791
18593
18792
18594
18793
18595
18794
18596
18795
18597
18796
18598
18797
18599
18798
18799
18601
18640
18800
18602
18641
18801
18603
18642
18802
18604
18643
18803
18605
18644
18804
18606
18645
18805
18607
18646
18806
18608
18647
18807
18609
18648
18808
18610
18649
18809
18611
18650
18810
18612
18651
18811
18613
18652
18812
18614
18653
18813
18615
18654
18814
18616
18655
18815
18617
18656
18816
18618
18657
18817
18619
18658
18818
18620
18659
18819
18621
18660
18820
18622
18661
18821
18623
18662
18822
18624
18663
18823
18625
18664
18824
18626
18665
18825
18627
18666
18826
18628
18667
18827
18629
18668
18828
18630
18669
18829
18631
18670
18830
18632
18671
18831
18633
18672
18832
18634
18673
18833
18635
18674
18834
18636
18675
18835
18637
18676
18836
18638
18677
18837
18639
18678
18838
18679
18839
18641
18680
18840
18642
18681
18841
18643
18682
18842
18644
18683
18843
18645
18684
18844
18646
18685
18845
18647
18686
18846
18648
18687
18847
18649
18688
18848
18650
18689
18849
18651
18690
18850
18652
18691
18851
18653
18692
18852
18654
18693
18853
18655
18694
18854
18656
18695
18855
18657
18696
18856
18658
18697
18857
18659
18698
18858
18660
18699
18859
18661
18700
18860
18662
18701
18861
18663
18702
18862
18664
18703
18863
18665
18704
18864
18666
18705
18865
18667
18706
18866
18668
18707
18867
18669
18708
18868
18670
18709
18869
18671
18710
18870
18672
18711
18871
18673
18712
18872
18674
18713
18873
18675
18714
18874
18676
18715
18875
18677
18716
18876
18678
18717
18877
18679
18718
18878
18719
18879
18681
18720
18880
18682
18721
18881
18683
18722
18882
18684
18723
18883
18685
18724
18884
18686
18725
18885
18687
18726
18886
18688
18727
18887
18689
18728
18888
18690
18729
18889
18691
18730
18890
18692
18731
18891
18693
18732
18892
18694
18733
18893
18695
18734
18894
18696
18735
18895
18697
18736
18896
18698
18737
18897
18699
18738
18898
18700
18739
18899
18701
18740
18900
18702
18741
18901
18703
18742
18902
18704
18743
18903
18705
18744
18904
18706
18745
18905
18707
18746
18906
18708
18747
18907
18709
18748
18908
18710
18749
18909
18711
18750
18910
18712
18751
18911
18713
18752
18912
18714
18753
18913
18715
18754
18914
18716
18755
18915
18717
18756
18916
18718
18757
18917
18719
18758
18918
18759
18919
18721
18760
18920
18722
18761
18921
18723
18762
18922
18724
18763
18923
18725
18764
18924
18726
18765
18925
18727
18766
18926
18728
18767
18927
18729
18768
18928
18730
18769
18929
18731
18770
18930
18732
18771
18931
18733
18772
18932
18734
18773
18933
18735
18774
18934
18736
18775
18935
18737
18776
18936
18738
18777
18937
18739
18778
18938
18740
18779
18939
18741
18780
18940
18742
18781
18941
18743
18782
18942
18744
18783
18943
18745
18784
18944
18746
18785
18945
18747
18786
18946
18748
18787
18947
18749
18788
18948
18750
18789
18949
18751
18790
18950
18752
18791
18951
18753
18792
18952
18754
18793
18953
18755
18794
18954
18756
18795
18955
18757
18796
18956
18758
18797
18957
18759
18798
18958
18799
18959
18761
18960
18762
18961
18763
18962
18764
18963
18765
18964
18766
18965
18767
18966
18768
18967
18769
18968
18770
18969
18771
18970
18772
18971
18773
18972
18774
18973
18775
18974
18776
18975
18777
18976
18778
18977
18779
18978
18780
18979
18781
18980
18782
18981
18783
18982
18784
18983
18785
18984
18786
18985
18787
18986
18788
18987
18789
18988
18790
18989
18791
18990
18792
18991
18793
18992
18794
18993
18795
18994
18796
18995
18797
18996
18798
18997
18799
18998
18999
18801
18840
19000
18802
18841
19001
18803
18842
19002
18804
18843
19003
18805
18844
19004
18806
18845
19005
18807
18846
19006
18808
18847
19007
18809
18848
19008
18810
18849
19009
18811
18850
19010
18812
18851
19011
18813
18852
19012
18814
18853
19013
18815
18854
19014
18816
18855
19015
18817
18856
19016
18818
18857
19017
18819
18858
19018
18820
18859
19019
18821
18860
19020
18822
18861
19021
18823
18862
19022
18824
18863
19023
18825
18864
19024
18826
18865
19025
18827
18866
19026
18828
18867
19027
18829
18868
19028
18830
18869
19029
18831
18870
19030
18832
18871
19031
18833
18872
19032
18834
18873
19033
18835
18874
19034
18836
18875
19035
18837
18876
19036
18838
18877
19037
18839
18878
19038
18879
19039
18841
18880
19040
18842
18881
19041
18843
18882
19042
18844
18883
19043
18845
18884
19044
18846
18885
19045
18847
18886
19046
18848
18887
19047
18849
18888
19048
18850
18889
19049
18851
18890
19050
18852
18891
19051
18853
18892
19052
18854
18893
19053
18855
18894
19054
18856
18895
19055
18857
18896
19056
18858
18897
19057
18859
18898
19058
18860
18899
19059
18861
18900
19060
18862
18901
19061
18863
18902
19062
18864
18903
19063
18865
18904
19064
18866
18905
19065
18867
18906
19066
18868
18907
19067
18869
18908
19068
18870
18909
19069
18871
18910
19070
18872
18911
19071
18873
18912
19072
18874
18913
19073
18875
18914
19074
18876
18915
19075
18877
18916
19076
18878
18917
19077
18879
18918
19078
18919
19079
18881
18920
19080
18882
18921
19081
18883
18922
19082
18884
18923
19083
18885
18924
19084
18886
18925
19085
18887
18926
19086
18888
18927
19087
18889
18928
19088
18890
18929
19089
18891
18930
19090
18892
18931
19091
18893
18932
19092
18894
18933
19093
18895
18934
19094
18896
18935
19095
18897
18936
19096
18898
18937
19097
18899
18938
19098
18900
18939
19099
18901
18940
19100
18902
18941
19101
18903
18942
19102
18904
18943
19103
18905
18944
19104
18906
18945
19105
18907
18946
19106
18908
18947
19107
18909
18948
19108
18910
18949
19109
18911
18950
19110
18912
18951
19111
18913
18952
19112
18914
18953
19113
18915
18954
19114
18916
18955
19115
18917
18956
19116
18918
18957
19117
18919
18958
19118
18959
19119
18921
18960
19120
18922
18961
19121
18923
18962
19122
18924
18963
19123
18925
18964
19124
18926
18965
19125
18927
18966
19126
18928
18967
19127
18929
18968
19128
18930
18969
19129
18931
18970
19130
18932
18971
19131
18933
18972
19132
18934
18973
19133
18935
18974
19134
18936
18975
19135
18937
18976
19136
18938
18977
19137
18939
18978
19138
18940
18979
19139
18941
18980
19140
18942
18981
19141
18943
18982
19142
18944
18983
19143
18945
18984
19144
18946
18985
19145
18947
18986
19146
18948
18987
19147
18949
18988
19148
18950
18989
19149
18951
18990
19150
18952
18991
19151
18953
18992
19152
18954
18993
19153
18955
18994
19154
18956
18995
19155
18957
18996
19156
18958
18997
19157
18959
18998
19158
18999
19159
18961
19160
18962
19161
18963
19162
18964
19163
18965
19164
18966
19165
18967
19166
18968
19167
18969
19168
18970
19169
18971
19170
18972
19171
18973
19172
18974
19173
18975
19174
18976
19175
18977
19176
18978
19177
18979
19178
18980
19179
18981
19180
18982
19181
18983
19182
18984
19183
18985
19184
18986
19185
18987
19186
18988
19187
18989
19188
18990
19189
18991
19190
18992
19191
18993
19192
18994
19193
18995
19194
18996
19195
18997
19196
18998
19197
18999
19198
19199
19001
19040
19200
19002
19041
19201
19003
19042
19202
19004
19043
19203
19005
19044
19204
19006
19045
19205
19007
19046
19206
19008
19047
19207
19009
19048
19208
19010
19049
19209
19011
19050
19210
19012
19051
19211
19013
19052
19212
19014
19053
19213
19015
19054
19214
19016
19055
19215
19017
19056
19216
19018
19057
19217
19019
19058
19218
19020
19059
19219
19021
19060
19220
19022
19061
19221
19023
19062
19222
19024
19063
19223
19025
19064
19224
19026
19065
19225
19027
19066
19226
19028
19067
19227
19029
19068
19228
19030
19069
19229
19031
19070
19230
19032
19071
19231
19033
19072
19232
19034
19073
19233
19035
19074
19234
19036
19075
19235
19037
19076
19236
19038
19077
19237
19039
19078
19238
19079
19239
19041
19080
19240
19042
19081
19241
19043
19082
19242
19044
19083
19243
19045
19084
19244
19046
19085
19245
19047
19086
19246
19048
19087
19247
19049
19088
19248
19050
19089
19249
19051
19090
19250
19052
19091
19251
19053
19092
19252
19054
19093
19253
19055
19094
19254
19056
19095
19255
19057
19096
19256
19058
19097
19257
19059
19098
19258
19060
19099
19259
19061
19100
19260
19062
19101
19261
19063
19102
19262
19064
19103
19263
19065
19104
19264
19066
19105
19265
19067
19106
19266
19068
19107
19267
19069
19108
19268
19070
19109
19269
19071
19110
19270
19072
19111
19271
19073
19112
19272
19074
19113
19273
19075
19114
19274
19076
19115
19275
19077
19116
19276
19078
19117
19277
19079
19118
19278
19119
19279
19081
19120
19280
19082
19121
19281
19083
19122
19282
19084
19123
19283
19085
19124
19284
19086
19125
19285
19087
19126
19286
19088
19127
19287
19089
19128
19288
19090
19129
19289
19091
19130
19290
19092
19131
19291
19093
19132
19292
19094
19133
19293
19095
19134
19294
19096
19135
19295
19097
19136
19296
19098
19137
19297
19099
19138
19298
19100
19139
19299
19101
19140
19300
19102
19141
19301
19103
19142
19302
19104
19143
19303
19105
19144
19304
19106
19145
19305
19107
19146
19306
19108
19147
19307
19109
19148
19308
19110
19149
19309
19111
19150
19310
19112
19151
19311
19113
19152
19312
19114
19153
19313
19115
19154
19314
19116
19155
19315
19117
19156
19316
19118
19157
19317
19119
19158
19318
19159
19319
19121
19160
19320
19122
19161
19321
19123
19162
19322
19124
19163
19323
19125
19164
19324
19126
19165
19325
19127
19166
19326
19128
19167
19327
19129
19168
19328
19130
19169
19329
19131
19170
19330
19132
19171
19331
19133
19172
19332
19134
19173
19333
19135
19174
19334
19136
19175
19335
19137
19176
19336
19138
19177
19337
19139
19178
19338
19140
19179
19339
19141
19180
19340
19142
19181
19341
19143
19182
19342
19144
19183
19343
19145
19184
19344
19146
19185
19345
19147
19186
19346
19148
19187
19347
19149
19188
19348
19150
19189
19349
19151
19190
19350
19152
19191
19351
19153
19192
19352
19154
19193
19353
19155
19194
19354
19156
19195
19355
19157
19196
19356
19158
19197
19357
19159
19198
19358
19199
19359
19161
19360
19162
19361
19163
19362
19164
19363
19165
19364
19166
19365
19167
19366
19168
19367
19169
19368
19170
19369
19171
19370
19172
19371
19173
19372
19174
19373
19175
19374
19176
19375
19177
19376
19178
19377
19179
19378
19180
19379
19181
19380
19182
19381
19183
19382
19184
19383
19185
19384
19186
19385
19187
19386
19188
19387
19189
19388
19190
19389
19191
19390
19192
19391
19193
19392
19194
19393
19195
19394
19196
19395
19197
19396
19198
19397
19199
19398
19399
19201
19240
19400
19202
19241
19401
19203
19242
19402
19204
19243
19403
19205
19244
19404
19206
19245
19405
19207
19246
19406
19208
19247
19407
19209
19248
19408
19210
19249
19409
19211
19250
19410
19212
19251
19411
19213
19252
19412
19214
19253
19413
19215
19254
19414
19216
19255
19415
19217
19256
19416
19218
19257
19417
19219
19258
19418
19220
19259
19419
19221
19260
19420
19222
19261
19421
19223
19262
19422
19224
19263
19423
19225
19264
19424
19226
19265
19425
19227
19266
19426
19228
19267
19427
19229
19268
19428
19230
19269
19429
19231
19270
19430
19232
19271
19431
19233
19272
19432
19234
19273
19433
19235
19274
19434
19236
19275
19435
19237
19276
19436
19238
19277
19437
19239
19278
19438
19279
19439
19241
19280
19440
19242
19281
19441
19243
19282
19442
19244
19283
19443
19245
19284
19444
19246
19285
19445
19247
19286
19446
19248
19287
19447
19249
19288
19448
19250
19289
19449
19251
19290
19450
19252
19291
19451
19253
19292
19452
19254
19293
19453
19255
19294
19454
19256
19295
19455
19257
19296
19456
19258
19297
19457
19259
19298
19458
19260
19299
19459
19261
19300
19460
19262
19301
19461
19263
19302
19462
19264
19303
19463
19265
19304
19464
19266
19305
19465
19267
19306
19466
19268
19307
19467
19269
19308
19468
19270
19309
19469
19271
19310
19470
19272
19311
19471
19273
19312
19472
19274
19313
19473
19275
19314
19474
19276
19315
19475
19277
19316
19476
19278
19317
19477
19279
19318
19478
19319
19479
19281
19320
19480
19282
19321
19481
19283
19322
19482
19284
19323
19483
19285
19324
19484
19286
19325
19485
19287
19326
19486
19288
19327
19487
19289
19328
19488
19290
19329
19489
19291
19330
19490
19292
19331
19491
19293
19332
19492
19294
19333
19493
19295
19334
19494
19296
19335
19495
19297
19336
19496
19298
19337
19497
19299
19338
19498
19300
19339
19499
19301
19340
19500
19302
19341
19501
19303
19342
19502
19304
19343
19503
19305
19344
19504
19306
19345
19505
19307
19346
19506
19308
19347
19507
19309
19348
19508
19310
19349
19509
19311
19350
19510
19312
19351
19511
19313
19352
19512
19314
19353
19513
19315
19354
19514
19316
19355
19515
19317
19356
19516
19318
19357
19517
19319
19358
19518
19359
19519
19321
19360
19520
19322
19361
19521
19323
19362
19522
19324
19363
19523
19325
19364
19524
19326
19365
19525
19327
19366
19526
19328
19367
19527
19329
19368
19528
19330
19369
19529
19331
19370
19530
19332
19371
19531
19333
19372
19532
19334
19373
19533
19335
19374
19534
19336
19375
19535
19337
19376
19536
19338
19377
19537
19339
19378
19538
19340
19379
19539
19341
19380
19540
19342
19381
19541
19343
19382
19542
19344
19383
19543
19345
19384
19544
19346
19385
19545
19347
19386
19546
19348
19387
19547
19349
19388
19548
19350
19389
19549
19351
19390
19550
19352
19391
19551
19353
19392
19552
19354
19393
19553
19355
19394
19554
19356
19395
19555
19357
19396
19556
19358
19397
19557
19359
19398
19558
19399
19559
19361
19560
19362
19561
19363
19562
19364
19563
19365
19564
19366
19565
19367
19566
19368
19567
19369
19568
19370
19569
19371
19570
19372
19571
19373
19572
19374
19573
19375
19574
19376
19575
19377
19576
19378
19577
19379
19578
19380
19579
19381
19580
19382
19581
19383
19582
19384
19583
19385
19584
19386
19585
19387
19586
19388
19587
19389
19588
19390
19589
19391
19590
19392
19591
19393
19592
19394
19593
19395
19594
19396
19595
19397
19596
19398
19597
19399
19598
19599
19401
19440
19600
19402
19441
19601
19403
19442
19602
19404
19443
19603
19405
19444
19604
19406
19445
19605
19407
19446
19606
19408
19447
19607
19409
19448
19608
19410
19449
19609
19411
19450
19610
19412
19451
19611
19413
19452
19612
19414
19453
19613
19415
19454
19614
19416
19455
19615
19417
19456
19616
19418
19457
19617
19419
19458
19618
19420
19459
19619
19421
19460
19620
19422
19461
19621
19423
19462
19622
19424
19463
19623
19425
19464
19624
19426
19465
19625
19427
19466
19626
19428
19467
19627
19429
19468
19628
19430
19469
19629
19431
19470
19630
19432
19471
19631
19433
19472
19632
19434
19473
19633
19435
19474
19634
19436
19475
19635
19437
19476
19636
19438
19477
19637
19439
19478
19638
19479
19639
19441
19480
19640
19442
19481
19641
19443
19482
19642
19444
19483
19643
19445
19484
19644
19446
19485
19645
19447
19486
19646
19448
19487
19647
19449
19488
19648
19450
19489
19649
19451
19490
19650
19452
19491
19651
19453
19492
19652
19454
19493
19653
19455
19494
19654
19456
19495
19655
19457
19496
19656
19458
19497
19657
19459
19498
19658
19460
19499
19659
19461
19500
19660
19462
19501
19661
19463
19502
19662
19464
19503
19663
19465
19504
19664
19466
19505
19665
19467
19506
19666
19468
19507
19667
19469
19508
19668
19470
19509
19669
19471
19510
19670
19472
19511
19671
19473
19512
19672
19474
19513
19673
19475
19514
19674
19476
19515
19675
19477
19516
19676
19478
19517
19677
19479
19518
19678
19519
19679
19481
19520
19680
19482
19521
19681
19483
19522
19682
19484
19523
19683
19485
19524
19684
19486
19525
19685
19487
19526
19686
19488
19527
19687
19489
19528
19688
19490
19529
19689
19491
19530
19690
19492
19531
19691
19493
19532
19692
19494
19533
19693
19495
19534
19694
19496
19535
19695
19497
19536
19696
19498
19537
19697
19499
19538
19698
19500
19539
19699
19501
19540
19700
19502
19541
19701
19503
19542
19702
19504
19543
19703
19505
19544
19704
19506
19545
19705
19507
19546
19706
19508
19547
19707
19509
19548
19708
19510
19549
19709
19511
19550
19710
19512
19551
19711
19513
19552
19712
19514
19553
19713
19515
19554
19714
19516
19555
19715
19517
19556
19716
19518
19557
19717
19519
19558
19718
19559
19719
19521
19560
19720
19522
19561
19721
19523
19562
19722
19524
19563
19723
19525
19564
19724
19526
19565
19725
19527
19566
19726
19528
19567
19727
19529
19568
19728
19530
19569
19729
19531
19570
19730
19532
19571
19731
19533
19572
19732
19534
19573
19733
19535
19574
19734
19536
19575
19735
19537
19576
19736
19538
19577
19737
19539
19578
19738
19540
19579
19739
19541
19580
19740
19542
19581
19741
19543
19582
19742
19544
19583
19743
19545
19584
19744
19546
19585
19745
19547
19586
19746
19548
19587
19747
19549
19588
19748
19550
19589
19749
19551
19590
19750
19552
19591
19751
19553
19592
19752
19554
19593
19753
19555
19594
19754
19556
19595
19755
19557
19596
19756
19558
19597
19757
19559
19598
19758
19599
19759
19561
19760
19562
19761
19563
19762
19564
19763
19565
19764
19566
19765
19567
19766
19568
19767
19569
19768
19570
19769
19571
19770
19572
19771
19573
19772
19574
19773
19575
19774
19576
19775
19577
19776
19578
19777
19579
19778
19580
19779
19581
19780
19582
19781
19583
19782
19584
19783
19585
19784
19586
19785
19587
19786
19588
19787
19589
19788
19590
19789
19591
19790
19592
19791
19593
19792
19594
19793
19595
19794
19596
19795
19597
19796
19598
19797
19599
19798
19799
19601
19640
19800
19602
19641
19801
19603
19642
19802
19604
19643
19803
19605
19644
19804
19606
19645
19805
19607
19646
19806
19608
19647
19807
19609
19648
19808
19610
19649
19809
19611
19650
19810
19612
19651
19811
19613
19652
19812
19614
19653
19813
19615
19654
19814
19616
19655
19815
19617
19656
19816
19618
19657
19817
19619
19658
19818
19620
19659
19819
19621
19660
19820
19622
19661
19821
19623
19662
19822
19624
19663
19823
19625
19664
19824
19626
19665
19825
19627
19666
19826
19628
19667
19827
19629
19668
19828
19630
19669
19829
19631
19670
19830
19632
19671
19831
19633
19672
19832
19634
19673
19833
19635
19674
19834
19636
19675
19835
19637
19676
19836
19638
19677
19837
19639
19678
19838
19679
19839
19641
19680
19840
19642
19681
19841
19643
19682
19842
19644
19683
19843
19645
19684
19844
19646
19685
19845
19647
19686
19846
19648
19687
19847
19649
19688
19848
19650
19689
19849
19651
19690
19850
19652
19691
19851
19653
19692
19852
19654
19693
19853
19655
19694
19854
19656
19695
19855
19657
19696
19856
19658
19697
19857
19659
19698
19858
19660
19699
19859
19661
19700
19860
19662
19701
19861
19663
19702
19862
19664
19703
19863
19665
19704
19864
19666
19705
19865
19667
19706
19866
19668
19707
19867
19669
19708
19868
19670
19709
19869
19671
19710
19870
19672
19711
19871
19673
19712
19872
19674
19713
19873
19675
19714
19874
19676
19715
19875
19677
19716
19876
19678
19717
19877
19679
19718
19878
19719
19879
19681
19720
19880
19682
19721
19881
19683
19722
19882
19684
19723
19883
19685
19724
19884
19686
19725
19885
19687
19726
19886
19688
19727
19887
19689
19728
19888
19690
19729
19889
19691
19730
19890
19692
19731
19891
19693
19732
19892
19694
19733
19893
19695
19734
19894
19696
19735
19895
19697
19736
19896
19698
19737
19897
19699
19738
19898
19700
19739
19899
19701
19740
19900
19702
19741
19901
19703
19742
19902
19704
19743
19903
19705
19744
19904
19706
19745
19905
19707
19746
19906
19708
19747
19907
19709
19748
19908
19710
19749
19909
19711
19750
19910
19712
19751
19911
19713
19752
19912
19714
19753
19913
19715
19754
19914
19716
19755
19915
19717
19756
19916
19718
19757
19917
19719
19758
19918
19759
19919
19721
19760
19920
19722
19761
19921
19723
19762
19922
19724
19763
19923
19725
19764
19924
19726
19765
19925
19727
19766
19926
19728
19767
19927
19729
19768
19928
19730
19769
19929
19731
19770
19930
19732
19771
19931
19733
19772
19932
19734
19773
19933
19735
19774
19934
19736
19775
19935
19737
19776
19936
19738
19777
19937
19739
19778
19938
19740
19779
19939
19741
19780
19940
19742
19781
19941
19743
19782
19942
19744
19783
19943
19745
19784
19944
19746
19785
19945
19747
19786
19946
19748
19787
19947
19749
19788
19948
19750
19789
19949
19751
19790
19950
19752
19791
19951
19753
19792
19952
19754
19793
19953
19755
19794
19954
19756
19795
19955
19757
19796
19956
19758
19797
19957
19759
19798
19958
19799
19959
19761
19960
19762
19961
19763
19962
19764
19963
19765
19964
19766
19965
19767
19966
19768
19967
19769
19968
19770
19969
19771
19970
19772
19971
19773
19972
19774
19973
19775
19974
19776
19975
19777
19976
19778
19977
19779
19978
19780
19979
19781
19980
19782
19981
19783
19982
19784
19983
19785
19984
19786
19985
19787
19986
19788
19987
19789
19988
19790
19989
19791
19990
19792
19991
19793
19992
19794
19993
19795
19994
19796
19995
19797
19996
19798
19997
19799
19998
19999
19801
19840
20000
19802
19841
20001
19803
19842
20002
19804
19843
20003
19805
19844
20004
19806
19845
20005
19807
19846
20006
19808
19847
20007
19809
19848
20008
19810
19849
20009
19811
19850
20010
19812
19851
20011
19813
19852
20012
19814
19853
20013
19815
19854
20014
19816
19855
20015
19817
19856
20016
19818
19857
20017
19819
19858
20018
19820
19859
20019
19821
19860
20020
19822
19861
20021
19823
19862
20022
19824
19863
20023
19825
19864
20024
19826
19865
20025
19827
19866
20026
19828
19867
20027
19829
19868
20028
19830
19869
20029
19831
19870
20030
19832
19871
20031
19833
19872
20032
19834
19873
20033
19835
19874
20034
19836
19875
20035
19837
19876
20036
19838
19877
20037
19839
19878
20038
19879
20039
19841
19880
20040
19842
19881
20041
19843
19882
20042
19844
19883
20043
19845
19884
20044
19846
19885
20045
19847
19886
20046
19848
19887
20047
19849
19888
20048
19850
19889
20049
19851
19890
20050
19852
19891
20051
19853
19892
20052
19854
19893
20053
19855
19894
20054
19856
19895
20055
19857
19896
20056
19858
19897
20057
19859
19898
20058
19860
19899
20059
19861
19900
20060
19862
19901
20061
19863
19902
20062
19864
19903
20063
19865
19904
20064
19866
19905
20065
19867
19906
20066
19868
19907
20067
19869
19908
20068
19870
19909
20069
19871
19910
20070
19872
19911
20071
19873
19912
20072
19874
19913
20073
19875
19914
20074
19876
19915
20075
19877
19916
20076
19878
19917
20077
19879
19918
20078
19919
20079
19881
19920
20080
19882
19921
20081
19883
19922
20082
19884
19923
20083
19885
19924
20084
19886
19925
20085
19887
19926
20086
19888
19927
20087
19889
19928
20088
19890
19929
20089
19891
19930
20090
19892
19931
20091
19893
19932
20092
19894
19933
20093
19895
19934
20094
19896
19935
20095
19897
19936
20096
19898
19937
20097
19899
19938
20098
19900
19939
20099
19901
19940
20100
19902
19941
20101
19903
19942
20102
19904
19943
20103
19905
19944
20104
19906
19945
20105
19907
19946
20106
19908
19947
20107
19909
19948
20108
19910
19949
20109
19911
19950
20110
19912
19951
20111
19913
19952
20112
19914
19953
20113
19915
19954
20114
19916
19955
20115
19917
19956
20116
19918
19957
20117
19919
19958
20118
19959
20119
19921
19960
20120
19922
19961
20121
19923
19962
20122
19924
19963
20123
19925
19964
20124
19926
19965
20125
19927
19966
20126
19928
19967
20127
19929
19968
20128
19930
19969
20129
19931
19970
20130
19932
19971
20131
19933
19972
20132
19934
19973
20133
19935
19974
20134
19936
19975
20135
19937
19976
20136
19938
19977
20137
19939
19978
20138
19940
19979
20139
19941
19980
20140
19942
19981
20141
19943
19982
20142
19944
19983
20143
19945
19984
20144
19946
19985
20145
19947
19986
20146
19948
19987
20147
19949
19988
20148
19950
19989
20149
19951
19990
20150
19952
19991
20151
19953
19992
20152
19954
19993
20153
19955
19994
20154
19956
19995
20155
19957
19996
20156
19958
19997
20157
19959
19998
20158
19999
20159
19961
20160
19962
20161
19963
20162
19964
20163
19965
20164
19966
20165
19967
20166
19968
20167
19969
20168
19970
20169
19971
20170
19972
20171
19973
20172
19974
20173
19975
20174
19976
20175
19977
20176
19978
20177
19979
20178
19980
20179
19981
20180
19982
20181
19983
20182
19984
20183
19985
20184
19986
20185
19987
20186
19988
20187
19989
20188
19990
20189
19991
20190
19992
20191
19993
20192
19994
20193
19995
20194
19996
20195
19997
20196
19998
20197
19999
20198
20199
20001
20040
20200
20002
20041
20201
20003
20042
20202
20004
20043
20203
20005
20044
20204
20006
20045
20205
20007
20046
20206
20008
20047
20207
20009
20048
20208
20010
20049
20209
20011
20050
20210
20012
20051
20211
20013
20052
20212
20014
20053
20213
20015
20054
20214
20016
20055
20215
20017
20056
20216
20018
20057
20217
20019
20058
20218
20020
20059
20219
20021
20060
20220
20022
20061
20221
20023
20062
20222
20024
20063
20223
20025
20064
20224
20026
20065
20225
20027
20066
20226
20028
20067
20227
20029
20068
20228
20030
20069
20229
20031
20070
20230
20032
20071
20231
20033
20072
20232
20034
20073
20233
20035
20074
20234
20036
20075
20235
20037
20076
20236
20038
20077
20237
20039
20078
20238
20079
20239
20041
20080
20240
20042
20081
20241
20043
20082
20242
20044
20083
20243
20045
20084
20244
20046
20085
20245
20047
20086
20246
20048
20087
20247
20049
20088
20248
20050
20089
20249
20051
20090
20250
20052
20091
20251
20053
20092
20252
20054
20093
20253
20055
20094
20254
20056
20095
20255
20057
20096
20256
20058
20097
20257
20059
20098
20258
20060
20099
20259
20061
20100
20260
20062
20101
20261
20063
20102
20262
20064
20103
20263
20065
20104
20264
20066
20105
20265
20067
20106
20266
20068
20107
20267
20069
20108
20268
20070
20109
20269
20071
20110
20270
20072
20111
20271
20073
20112
20272
20074
20113
20273
20075
20114
20274
20076
20115
20275
20077
20116
20276
20078
20117
20277
20079
20118
20278
20119
20279
20081
20120
20280
20082
20121
20281
20083
20122
20282
20084
20123
20283
20085
20124
20284
20086
20125
20285
20087
20126
20286
20088
20127
20287
20089
20128
20288
20090
20129
20289
20091
20130
20290
20092
20131
20291
20093
20132
20292
20094
20133
20293
20095
20134
20294
20096
20135
20295
20097
20136
20296
20098
20137
20297
20099
20138
20298
20100
20139
20299
20101
20140
20300
20102
20141
20301
20103
20142
20302
20104
20143
20303
20105
20144
20304
20106
20145
20305
20107
20146
20306
20108
20147
20307
20109
20148
20308
20110
20149
20309
20111
20150
20310
20112
20151
20311
20113
20152
20312
20114
20153
20313
20115
20154
20314
20116
20155
20315
20117
20156
20316
20118
20157
20317
20119
20158
20318
20159
20319
20121
20160
20320
20122
20161
20321
20123
20162
20322
20124
20163
20323
20125
20164
20324
20126
20165
20325
20127
20166
20326
20128
20167
20327
20129
20168
20328
20130
20169
20329
20131
20170
20330
20132
20171
20331
20133
20172
20332
20134
20173
20333
20135
20174
20334
20136
20175
20335
20137
20176
20336
20138
20177
20337
20139
20178
20338
20140
20179
20339
20141
20180
20340
20142
20181
20341
20143
20182
20342
20144
20183
20343
20145
20184
20344
20146
20185
20345
20147
20186
20346
20148
20187
20347
20149
20188
20348
20150
20189
20349
20151
20190
20350
20152
20191
20351
20153
20192
20352
20154
20193
20353
20155
20194
20354
20156
20195
20355
20157
20196
20356
20158
20197
20357
20159
20198
20358
20199
20359
20161
20360
20162
20361
20163
20362
20164
20363
20165
20364
20166
20365
20167
20366
20168
20367
20169
20368
20170
20369
20171
20370
20172
20371
20173
20372
20174
20373
20175
20374
20176
20375
20177
20376
20178
20377
20179
20378
20180
20379
20181
20380
20182
20381
20183
20382
20184
20383
20185
20384
20186
20385
20187
20386
20188
20387
20189
20388
20190
20389
20191
20390
20192
20391
20193
20392
20194
20393
20195
20394
20196
20395
20197
20396
20198
20397
20199
20398
20399
20201
20240
20400
20202
20241
20401
20203
20242
20402
20204
20243
20403
20205
20244
20404
20206
20245
20405
20207
20246
20406
20208
20247
20407
20209
20248
20408
20210
20249
20409
20211
20250
20410
20212
20251
20411
20213
20252
20412
20214
20253
20413
20215
20254
20414
20216
20255
20415
20217
20256
20416
20218
20257
20417
20219
20258
20418
20220
20259
20419
20221
20260
20420
20222
20261
20421
20223
20262
20422
20224
20263
20423
20225
20264
20424
20226
20265
20425
20227
20266
20426
20228
20267
20427
20229
20268
20428
20230
20269
20429
20231
20270
20430
20232
20271
20431
20233
20272
20432
20234
20273
20433
20235
20274
20434
20236
20275
20435
20237
20276
20436
20238
20277
20437
20239
20278
20438
20279
20439
20241
20280
20440
20242
20281
20441
20243
20282
20442
20244
20283
20443
20245
20284
20444
20246
20285
20445
20247
20286
20446
20248
20287
20447
20249
20288
20448
20250
20289
20449
20251
20290
20450
20252
20291
20451
20253
20292
20452
20254
20293
20453
20255
20294
20454
20256
20295
20455
20257
20296
20456
20258
20297
20457
20259
20298
20458
20260
20299
20459
20261
20300
20460
20262
20301
20461
20263
20302
20462
20264
20303
20463
20265
20304
20464
20266
20305
20465
20267
20306
20466
20268
20307
20467
20269
20308
20468
20270
20309
20469
20271
20310
20470
20272
20311
20471
20273
20312
20472
20274
20313
20473
20275
20314
20474
20276
20315
20475
20277
20316
20476
20278
20317
20477
20279
20318
20478
20319
20479
20281
20320
20480
20282
20321
20481
20283
20322
20482
20284
20323
20483
20285
20324
20484
20286
20325
20485
20287
20326
20486
20288
20327
20487
20289
20328
20488
20290
20329
20489
20291
20330
20490
20292
20331
20491
20293
20332
20492
20294
20333
20493
20295
20334
20494
20296
20335
20495
20297
20336
20496
20298
20337
20497
20299
20338
20498
20300
20339
20499
20301
20340
20500
20302
20341
20501
20303
20342
20502
20304
20343
20503
20305
20344
20504
20306
20345
20505
20307
20346
20506
20308
20347
20507
20309
20348
20508
20310
20349
20509
20311
20350
20510
20312
20351
20511
20313
20352
20512
20314
20353
20513
20315
20354
20514
20316
20355
20515
20317
20356
20516
20318
20357
20517
20319
20358
20518
20359
20519
20321
20360
20520
20322
20361
20521
20323
20362
20522
20324
20363
20523
20325
20364
20524
20326
20365
20525
20327
20366
20526
20328
20367
20527
20329
20368
20528
20330
20369
20529
20331
20370
20530
20332
20371
20531
20333
20372
20532
20334
20373
20533
20335
20374
20534
20336
20375
20535
20337
20376
20536
20338
20377
20537
20339
20378
20538
20340
20379
20539
20341
20380
20540
20342
20381
20541
20343
20382
20542
20344
20383
20543
20345
20384
20544
20346
20385
20545
20347
20386
20546
20348
20387
20547
20349
20388
20548
20350
20389
20549
20351
20390
20550
20352
20391
20551
20353
20392
20552
20354
20393
20553
20355
20394
20554
20356
20395
20555
20357
20396
20556
20358
20397
20557
20359
20398
20558
20399
20559
20361
20560
20362
20561
20363
20562
20364
20563
20365
20564
20366
20565
20367
20566
20368
20567
20369
20568
20370
20569
20371
20570
20372
20571
20373
20572
20374
20573
20375
20574
20376
20575
20377
20576
20378
20577
20379
20578
20380
20579
20381
20580
20382
20581
20383
20582
20384
20583
20385
20584
20386
20585
20387
20586
20388
20587
20389
20588
20390
20589
20391
20590
20392
20591
20393
20592
20394
20593
20395
20594
20396
20595
20397
20596
20398
20597
20399
20598
20599
20401
20440
20600
20402
20441
20601
20403
20442
20602
20404
20443
20603
20405
20444
20604
20406
20445
20605
20407
20446
20606
20408
20447
20607
20409
20448
20608
20410
20449
20609
20411
20450
20610
20412
20451
20611
20413
20452
20612
20414
20453
20613
20415
20454
20614
20416
20455
20615
20417
20456
20616
20418
20457
20617
20419
20458
20618
20420
20459
20619
20421
20460
20620
20422
20461
20621
20423
20462
20622
20424
20463
20623
20425
20464
20624
20426
20465
20625
20427
20466
20626
20428
20467
20627
20429
20468
20628
20430
20469
20629
20431
20470
20630
20432
20471
20631
20433
20472
20632
20434
20473
20633
20435
20474
20634
20436
20475
20635
20437
20476
20636
20438
20477
20637
20439
20478
20638
20479
20639
20441
20480
20640
20442
20481
20641
20443
20482
20642
20444
20483
20643
20445
20484
20644
20446
20485
20645
20447
20486
20646
20448
20487
20647
20449
20488
20648
20450
20489
20649
20451
20490
20650
20452
20491
20651
20453
20492
20652
20454
20493
20653
20455
20494
20654
20456
20495
20655
20457
20496
20656
20458
20497
20657
20459
20498
20658
20460
20499
20659
20461
20500
20660
20462
20501
20661
20463
20502
20662
20464
20503
20663
20465
20504
20664
20466
20505
20665
20467
20506
20666
20468
20507
20667
20469
20508
20668
20470
20509
20669
20471
20510
20670
20472
20511
20671
20473
20512
20672
20474
20513
20673
20475
20514
20674
20476
20515
20675
20477
20516
20676
20478
20517
20677
20479
20518
20678
20519
20679
20481
20520
20680
20482
20521
20681
20483
20522
20682
20484
20523
20683
20485
20524
20684
20486
20525
20685
20487
20526
20686
20488
20527
20687
20489
20528
20688
20490
20529
20689
20491
20530
20690
20492
20531
20691
20493
20532
20692
20494
20533
20693
20495
20534
20694
20496
20535
20695
20497
20536
20696
20498
20537
20697
20499
20538
20698
20500
20539
20699
20501
20540
20700
20502
20541
20701
20503
20542
20702
20504
20543
20703
20505
20544
20704
20506
20545
20705
20507
20546
20706
20508
20547
20707
20509
20548
20708
20510
20549
20709
20511
20550
20710
20512
20551
20711
20513
20552
20712
20514
20553
20713
20515
20554
20714
20516
20555
20715
20517
20556
20716
20518
20557
20717
20519
20558
20718
20559
20719
20521
20560
20720
20522
20561
20721
20523
20562
20722
20524
20563
20723
20525
20564
20724
20526
20565
20725
20527
20566
20726
20528
20567
20727
20529
20568
20728
20530
20569
20729
20531
20570
20730
20532
20571
20731
20533
20572
20732
20534
20573
20733
20535
20574
20734
20536
20575
20735
20537
20576
20736
20538
20577
20737
20539
20578
20738
20540
20579
20739
20541
20580
20740
20542
20581
20741
20543
20582
20742
20544
20583
20743
20545
20584
20744
20546
20585
20745
20547
20586
20746
20548
20587
20747
20549
20588
20748
20550
20589
20749
20551
20590
20750
20552
20591
20751
20553
20592
20752
20554
20593
20753
20555
20594
20754
20556
20595
20755
20557
20596
20756
20558
20597
20757
20559
20598
20758
20599
20759
20561
20760
20562
20761
20563
20762
20564
20763
20565
20764
20566
20765
20567
20766
20568
20767
20569
20768
20570
20769
20571
20770
20572
20771
20573
20772
20574
20773
20575
20774
20576
20775
20577
20776
20578
20777
20579
20778
20580
20779
20581
20780
20582
20781
20583
20782
20584
20783
20585
20784
20586
20785
20587
20786
20588
20787
20589
20788
20590
20789
20591
20790
20592
20791
20593
20792
20594
20793
20595
20794
20596
20795
20597
20796
20598
20797
20599
20798
20799
20601
20640
20800
20602
20641
20801
20603
20642
20802
20604
20643
20803
20605
20644
20804
20606
20645
20805
20607
20646
20806
20608
20647
20807
20609
20648
20808
20610
20649
20809
20611
20650
20810
20612
20651
20811
20613
20652
20812
20614
20653
20813
20615
20654
20814
20616
20655
20815
20617
20656
20816
20618
20657
20817
20619
20658
20818
20620
20659
20819
20621
20660
20820
20622
20661
20821
20623
20662
20822
20624
20663
20823
20625
20664
20824
20626
20665
20825
20627
20666
20826
20628
20667
20827
20629
20668
20828
20630
20669
20829
20631
20670
20830
20632
20671
20831
20633
20672
20832
20634
20673
20833
20635
20674
20834
20636
20675
20835
20637
20676
20836
20638
20677
20837
20639
20678
20838
20679
20839
20641
20680
20840
20642
20681
20841
20643
20682
20842
20644
20683
20843
20645
20684
20844
20646
20685
20845
20647
20686
20846
20648
20687
20847
20649
20688
20848
20650
20689
20849
20651
20690
20850
20652
20691
20851
20653
20692
20852
20654
20693
20853
20655
20694
20854
20656
20695
20855
20657
20696
20856
20658
20697
20857
20659
20698
20858
20660
20699
20859
20661
20700
20860
20662
20701
20861
20663
20702
20862
20664
20703
20863
20665
20704
20864
20666
20705
20865
20667
20706
20866
20668
20707
20867
20669
20708
20868
20670
20709
20869
20671
20710
20870
20672
20711
20871
20673
20712
20872
20674
20713
20873
20675
20714
20874
20676
20715
20875
20677
20716
20876
20678
20717
20877
20679
20718
20878
20719
20879
20681
20720
20880
20682
20721
20881
20683
20722
20882
20684
20723
20883
20685
20724
20884
20686
20725
20885
20687
20726
20886
20688
20727
20887
20689
20728
20888
20690
20729
20889
20691
20730
20890
20692
20731
20891
20693
20732
20892
20694
20733
20893
20695
20734
20894
20696
20735
20895
20697
20736
20896
20698
20737
20897
20699
20738
20898
20700
20739
20899
20701
20740
20900
20702
20741
20901
20703
20742
20902
20704
20743
20903
20705
20744
20904
20706
20745
20905
20707
20746
20906
20708
20747
20907
20709
20748
20908
20710
20749
20909
20711
20750
20910
20712
20751
20911
20713
20752
20912
20714
20753
20913
20715
20754
20914
20716
20755
20915
20717
20756
20916
20718
20757
20917
20719
20758
20918
20759
20919
20721
20760
20920
20722
20761
20921
20723
20762
20922
20724
20763
20923
20725
20764
20924
20726
20765
20925
20727
20766
20926
20728
20767
20927
20729
20768
20928
20730
20769
20929
20731
20770
20930
20732
20771
20931
20733
20772
20932
20734
20773
20933
20735
20774
20934
20736
20775
20935
20737
20776
20936
20738
20777
20937
20739
20778
20938
20740
20779
20939
20741
20780
20940
20742
20781
20941
20743
20782
20942
20744
20783
20943
20745
20784
20944
20746
20785
20945
20747
20786
20946
20748
20787
20947
20749
20788
20948
20750
20789
20949
20751
20790
20950
20752
20791
20951
20753
20792
20952
20754
20793
20953
20755
20794
20954
20756
20795
20955
20757
20796
20956
20758
20797
20957
20759
20798
20958
20799
20959
20761
20960
20762
20961
20763
20962
20764
20963
20765
20964
20766
20965
20767
20966
20768
20967
20769
20968
20770
20969
20771
20970
20772
20971
20773
20972
20774
20973
20775
20974
20776
20975
20777
20976
20778
20977
20779
20978
20780
20979
20781
20980
20782
20981
20783
20982
20784
20983
20785
20984
20786
20985
20787
20986
20788
20987
20789
20988
20790
20989
20791
20990
20792
20991
20793
20992
20794
20993
20795
20994
20796
20995
20797
20996
20798
20997
20799
20998
20999
20801
20840
21000
20802
20841
21001
20803
20842
21002
20804
20843
21003
20805
20844
21004
20806
20845
21005
20807
20846
21006
20808
20847
21007
20809
20848
21008
20810
20849
21009
20811
20850
21010
20812
20851
21011
20813
20852
21012
20814
20853
21013
20815
20854
21014
20816
20855
21015
20817
20856
21016
20818
20857
21017
20819
20858
21018
20820
20859
21019
20821
20860
21020
20822
20861
21021
20823
20862
21022
20824
20863
21023
20825
20864
21024
20826
20865
21025
20827
20866
21026
20828
20867
21027
20829
20868
21028
20830
20869
21029
20831
20870
21030
20832
20871
21031
20833
20872
21032
20834
20873
21033
20835
20874
21034
20836
20875
21035
20837
20876
21036
20838
20877
21037
20839
20878
21038
20879
21039
20841
20880
21040
20842
20881
21041
20843
20882
21042
20844
20883
21043
20845
20884
21044
20846
20885
21045
20847
20886
21046
20848
20887
21047
20849
20888
21048
20850
20889
21049
20851
20890
21050
20852
20891
21051
20853
20892
21052
20854
20893
21053
20855
20894
21054
20856
20895
21055
20857
20896
21056
20858
20897
21057
20859
20898
21058
20860
20899
21059
20861
20900
21060
20862
20901
21061
20863
20902
21062
20864
20903
21063
20865
20904
21064
20866
20905
21065
20867
20906
21066
20868
20907
21067
20869
20908
21068
20870
20909
21069
20871
20910
21070
20872
20911
21071
20873
20912
21072
20874
20913
21073
20875
20914
21074
20876
20915
21075
20877
20916
21076
20878
20917
21077
20879
20918
21078
20919
21079
20881
20920
21080
20882
20921
21081
20883
20922
21082
20884
20923
21083
20885
20924
21084
20886
20925
21085
20887
20926
21086
20888
20927
21087
20889
20928
21088
20890
20929
21089
20891
20930
21090
20892
20931
21091
20893
20932
21092
20894
20933
21093
20895
20934
21094
20896
20935
21095
20897
20936
21096
20898
20937
21097
20899
20938
21098
20900
20939
21099
20901
20940
21100
20902
20941
21101
20903
20942
21102
20904
20943
21103
20905
20944
21104
20906
20945
21105
20907
20946
21106
20908
20947
21107
20909
20948
21108
20910
20949
21109
20911
20950
21110
20912
20951
21111
20913
20952
21112
20914
20953
21113
20915
20954
21114
20916
20955
21115
20917
20956
21116
20918
20957
21117
20919
20958
21118
20959
21119
20921
20960
21120
20922
20961
21121
20923
20962
21122
20924
20963
21123
20925
20964
21124
20926
20965
21125
20927
20966
21126
20928
20967
21127
20929
20968
21128
20930
20969
21129
20931
20970
21130
20932
20971
21131
20933
20972
21132
20934
20973
21133
20935
20974
21134
20936
20975
21135
20937
20976
21136
20938
20977
21137
20939
20978
21138
20940
20979
21139
20941
20980
21140
20942
20981
21141
20943
20982
21142
20944
20983
21143
20945
20984
21144
20946
20985
21145
20947
20986
21146
20948
20987
21147
20949
20988
21148
20950
20989
21149
20951
20990
21150
20952
20991
21151
20953
20992
21152
20954
20993
21153
20955
20994
21154
20956
20995
21155
20957
20996
21156
20958
20997
21157
20959
20998
21158
20999
21159
20961
21160
20962
21161
20963
21162
20964
21163
20965
21164
20966
21165
20967
21166
20968
21167
20969
21168
20970
21169
20971
21170
20972
21171
20973
21172
20974
21173
20975
21174
20976
21175
20977
21176
20978
21177
20979
21178
20980
21179
20981
21180
20982
21181
20983
21182
20984
21183
20985
21184
20986
21185
20987
21186
20988
21187
20989
21188
20990
21189
20991
21190
20992
21191
20993
21192
20994
21193
20995
21194
20996
21195
20997
21196
20998
21197
20999
21198
21199
21001
21040
21200
21002
21041
21201
21003
21042
21202
21004
21043
21203
21005
21044
21204
21006
21045
21205
21007
21046
21206
21008
21047
21207
21009
21048
21208
21010
21049
21209
21011
21050
21210
21012
21051
21211
21013
21052
21212
21014
21053
21213
21015
21054
21214
21016
21055
21215
21017
21056
21216
21018
21057
21217
21019
21058
21218
21020
21059
21219
21021
21060
21220
21022
21061
21221
21023
21062
21222
21024
21063
21223
21025
21064
21224
21026
21065
21225
21027
21066
21226
21028
21067
21227
21029
21068
21228
21030
21069
21229
21031
21070
21230
21032
21071
21231
21033
21072
21232
21034
21073
21233
21035
21074
21234
21036
21075
21235
21037
21076
21236
21038
21077
21237
21039
21078
21238
21079
21239
21041
21080
21240
21042
21081
21241
21043
21082
21242
21044
21083
21243
21045
21084
21244
21046
21085
21245
21047
21086
21246
21048
21087
21247
21049
21088
21248
21050
21089
21249
21051
21090
21250
21052
21091
21251
21053
21092
21252
21054
21093
21253
21055
21094
21254
21056
21095
21255
21057
21096
21256
21058
21097
21257
21059
21098
21258
21060
21099
21259
21061
21100
21260
21062
21101
21261
21063
21102
21262
21064
21103
21263
21065
21104
21264
21066
21105
21265
21067
21106
21266
21068
21107
21267
21069
21108
21268
21070
21109
21269
21071
21110
21270
21072
21111
21271
21073
21112
21272
21074
21113
21273
21075
21114
21274
21076
21115
21275
21077
21116
21276
21078
21117
21277
21079
21118
21278
21119
21279
21081
21120
21280
21082
21121
21281
21083
21122
21282
21084
21123
21283
21085
21124
21284
21086
21125
21285
21087
21126
21286
21088
21127
21287
21089
21128
21288
21090
21129
21289
21091
21130
21290
21092
21131
21291
21093
21132
21292
21094
21133
21293
21095
21134
21294
21096
21135
21295
21097
21136
21296
21098
21137
21297
21099
21138
21298
21100
21139
21299
21101
21140
21300
21102
21141
21301
21103
21142
21302
21104
21143
21303
21105
21144
21304
21106
21145
21305
21107
21146
21306
21108
21147
21307
21109
21148
21308
21110
21149
21309
21111
21150
21310
21112
21151
21311
21113
21152
21312
21114
21153
21313
21115
21154
21314
21116
21155
21315
21117
21156
21316
21118
21157
21317
21119
21158
21318
21159
21319
21121
21160
21320
21122
21161
21321
21123
21162
21322
21124
21163
21323
21125
21164
21324
21126
21165
21325
21127
21166
21326
21128
21167
21327
21129
21168
21328
21130
21169
21329
21131
21170
21330
21132
21171
21331
21133
21172
21332
21134
21173
21333
21135
21174
21334
21136
21175
21335
21137
21176
21336
21138
21177
21337
21139
21178
21338
21140
21179
21339
21141
21180
21340
21142
21181
21341
21143
21182
21342
21144
21183
21343
21145
21184
21344
21146
21185
21345
21147
21186
21346
21148
21187
21347
21149
21188
21348
21150
21189
21349
21151
21190
21350
21152
21191
21351
21153
21192
21352
21154
21193
21353
21155
21194
21354
21156
21195
21355
21157
21196
21356
21158
21197
21357
21159
21198
21358
21199
21359
21161
21360
21162
21361
21163
21362
21164
21363
21165
21364
21166
21365
21167
21366
21168
21367
21169
21368
21170
21369
21171
21370
21172
21371
21173
21372
21174
21373
21175
21374
21176
21375
21177
21376
21178
21377
21179
21378
21180
21379
21181
21380
21182
21381
21183
21382
21184
21383
21185
21384
21186
21385
21187
21386
21188
21387
21189
21388
21190
21389
21191
21390
21192
21391
21193
21392
21194
21393
21195
21394
21196
21395
21197
21396
21198
21397
21199
21398
21399
21201
21240
21400
21202
21241
21401
21203
21242
21402
21204
21243
21403
21205
21244
21404
21206
21245
21405
21207
21246
21406
21208
21247
21407
21209
21248
21408
21210
21249
21409
21211
21250
21410
21212
21251
21411
21213
21252
21412
21214
21253
21413
21215
21254
21414
21216
21255
21415
21217
21256
21416
21218
21257
21417
21219
21258
21418
21220
21259
21419
21221
21260
21420
21222
21261
21421
21223
21262
21422
21224
21263
21423
21225
21264
21424
21226
21265
21425
21227
21266
21426
21228
21267
21427
21229
21268
21428
21230
21269
21429
21231
21270
21430
21232
21271
21431
21233
21272
21432
21234
21273
21433
21235
21274
21434
21236
21275
21435
21237
21276
21436
21238
21277
21437
21239
21278
21438
21279
21439
21241
21280
21440
21242
21281
21441
21243
21282
21442
21244
21283
21443
21245
21284
21444
21246
21285
21445
21247
21286
21446
21248
21287
21447
21249
21288
21448
21250
21289
21449
21251
21290
21450
21252
21291
21451
21253
21292
21452
21254
21293
21453
21255
21294
21454
21256
21295
21455
21257
21296
21456
21258
21297
21457
21259
21298
21458
21260
21299
21459
21261
21300
21460
21262
21301
21461
21263
21302
21462
21264
21303
21463
21265
21304
21464
21266
21305
21465
21267
21306
21466
21268
21307
21467
21269
21308
21468
21270
21309
21469
21271
21310
21470
21272
21311
21471
21273
21312
21472
21274
21313
21473
21275
21314
21474
21276
21315
21475
21277
21316
21476
21278
21317
21477
21279
21318
21478
21319
21479
21281
21320
21480
21282
21321
21481
21283
21322
21482
21284
21323
21483
21285
21324
21484
21286
21325
21485
21287
21326
21486
21288
21327
21487
21289
21328
21488
21290
21329
21489
21291
21330
21490
21292
21331
21491
21293
21332
21492
21294
21333
21493
21295
21334
21494
21296
21335
21495
21297
21336
21496
21298
21337
21497
21299
21338
21498
21300
21339
21499
21301
21340
21500
21302
21341
21501
21303
21342
21502
21304
21343
21503
21305
21344
21504
21306
21345
21505
21307
21346
21506
21308
21347
21507
21309
21348
21508
21310
21349
21509
21311
21350
21510
21312
21351
21511
21313
21352
21512
21314
21353
21513
21315
21354
21514
21316
21355
21515
21317
21356
21516
21318
21357
21517
21319
21358
21518
21359
21519
21321
21360
21520
21322
21361
21521
21323
21362
21522
21324
21363
21523
21325
21364
21524
21326
21365
21525
21327
21366
21526
21328
21367
21527
21329
21368
21528
21330
21369
21529
21331
21370
21530
21332
21371
21531
21333
21372
21532
21334
21373
21533
21335
21374
21534
21336
21375
21535
21337
21376
21536
21338
21377
21537
21339
21378
21538
21340
21379
21539
21341
21380
21540
21342
21381
21541
21343
21382
21542
21344
21383
21543
21345
21384
21544
21346
21385
21545
21347
21386
21546
21348
21387
21547
21349
21388
21548
21350
21389
21549
21351
21390
21550
21352
21391
21551
21353
21392
21552
21354
21393
21553
21355
21394
21554
21356
21395
21555
21357
21396
21556
21358
21397
21557
21359
21398
21558
21399
21559
21361
21560
21362
21561
21363
21562
21364
21563
21365
21564
21366
21565
21367
21566
21368
21567
21369
21568
21370
21569
21371
21570
21372
21571
21373
21572
21374
21573
21375
21574
21376
21575
21377
21576
21378
21577
21379
21578
21380
21579
21381
21580
21382
21581
21383
21582
21384
21583
21385
21584
21386
21585
21387
21586
21388
21587
21389
21588
21390
21589
21391
21590
21392
21591
21393
21592
21394
21593
21395
21594
21396
21595
21397
21596
21398
21597
21399
21598
21599
21401
21440
21600
21402
21441
21601
21403
21442
21602
21404
21443
21603
21405
21444
21604
21406
21445
21605
21407
21446
21606
21408
21447
21607
21409
21448
21608
21410
21449
21609
21411
21450
21610
21412
21451
21611
21413
21452
21612
21414
21453
21613
21415
21454
21614
21416
21455
21615
21417
21456
21616
21418
21457
21617
21419
21458
21618
21420
21459
21619
21421
21460
21620
21422
21461
21621
21423
21462
21622
21424
21463
21623
21425
21464
21624
21426
21465
21625
21427
21466
21626
21428
21467
21627
21429
21468
21628
21430
21469
21629
21431
21470
21630
21432
21471
21631
21433
21472
21632
21434
21473
21633
21435
21474
21634
21436
21475
21635
21437
21476
21636
21438
21477
21637
21439
21478
21638
21479
21639
21441
21480
21640
21442
21481
21641
21443
21482
21642
21444
21483
21643
21445
21484
21644
21446
21485
21645
21447
21486
21646
21448
21487
21647
21449
21488
21648
21450
21489
21649
21451
21490
21650
21452
21491
21651
21453
21492
21652
21454
21493
21653
21455
21494
21654
21456
21495
21655
21457
21496
21656
21458
21497
21657
21459
21498
21658
21460
21499
21659
21461
21500
21660
21462
21501
21661
21463
21502
21662
21464
21503
21663
21465
21504
21664
21466
21505
21665
21467
21506
21666
21468
21507
21667
21469
21508
21668
21470
21509
21669
21471
21510
21670
21472
21511
21671
21473
21512
21672
21474
21513
21673
21475
21514
21674
21476
21515
21675
21477
21516
21676
21478
21517
21677
21479
21518
21678
21519
21679
21481
21520
21680
21482
21521
21681
21483
21522
21682
21484
21523
21683
21485
21524
21684
21486
21525
21685
21487
21526
21686
21488
21527
21687
21489
21528
21688
21490
21529
21689
21491
21530
21690
21492
21531
21691
21493
21532
21692
21494
21533
21693
21495
21534
21694
21496
21535
21695
21497
21536
21696
21498
21537
21697
21499
21538
21698
21500
21539
21699
21501
21540
21700
21502
21541
21701
21503
21542
21702
21504
21543
21703
21505
21544
21704
21506
21545
21705
21507
21546
21706
21508
21547
21707
21509
21548
21708
21510
21549
21709
21511
21550
21710
21512
21551
21711
21513
21552
21712
21514
21553
21713
21515
21554
21714
21516
21555
21715
21517
21556
21716
21518
21557
21717
21519
21558
21718
21559
21719
21521
21560
21720
21522
21561
21721
21523
21562
21722
21524
21563
21723
21525
21564
21724
21526
21565
21725
21527
21566
21726
21528
21567
21727
21529
21568
21728
21530
21569
21729
21531
21570
21730
21532
21571
21731
21533
21572
21732
21534
21573
21733
21535
21574
21734
21536
21575
21735
21537
21576
21736
21538
21577
21737
21539
21578
21738
21540
21579
21739
21541
21580
21740
21542
21581
21741
21543
21582
21742
21544
21583
21743
21545
21584
21744
21546
21585
21745
21547
21586
21746
21548
21587
21747
21549
21588
21748
21550
21589
21749
21551
21590
21750
21552
21591
21751
21553
21592
21752
21554
21593
21753
21555
21594
21754
21556
21595
21755
21557
21596
21756
21558
21597
21757
21559
21598
21758
21599
21759
21561
21760
21562
21761
21563
21762
21564
21763
21565
21764
21566
21765
21567
21766
21568
21767
21569
21768
21570
21769
21571
21770
21572
21771
21573
21772
21574
21773
21575
21774
21576
21775
21577
21776
21578
21777
21579
21778
21580
21779
21581
21780
21582
21781
21583
21782
21584
21783
21585
21784
21586
21785
21587
21786
21588
21787
21589
21788
21590
21789
21591
21790
21592
21791
21593
21792
21594
21793
21595
21794
21596
21795
21597
21796
21598
21797
21599
21798
21799
21601
21640
21800
21602
21641
21801
21603
21642
21802
21604
21643
21803
21605
21644
21804
21606
21645
21805
21607
21646
21806
21608
21647
21807
21609
21648
21808
21610
21649
21809
21611
21650
21810
21612
21651
21811
21613
21652
21812
21614
21653
21813
21615
21654
21814
21616
21655
21815
21617
21656
21816
21618
21657
21817
21619
21658
21818
21620
21659
21819
21621
21660
21820
21622
21661
21821
21623
21662
21822
21624
21663
21823
21625
21664
21824
21626
21665
21825
21627
21666
21826
21628
21667
21827
21629
21668
21828
21630
21669
21829
21631
21670
21830
21632
21671
21831
21633
21672
21832
21634
21673
21833
21635
21674
21834
21636
21675
21835
21637
21676
21836
21638
21677
21837
21639
21678
21838
21679
21839
21641
21680
21840
21642
21681
21841
21643
21682
21842
21644
21683
21843
21645
21684
21844
21646
21685
21845
21647
21686
21846
21648
21687
21847
21649
21688
21848
21650
21689
21849
21651
21690
21850
21652
21691
21851
21653
21692
21852
21654
21693
21853
21655
21694
21854
21656
21695
21855
21657
21696
21856
21658
21697
21857
21659
21698
21858
21660
21699
21859
21661
21700
21860
21662
21701
21861
21663
21702
21862
21664
21703
21863
21665
21704
21864
21666
21705
21865
21667
21706
21866
21668
21707
21867
21669
21708
21868
21670
21709
21869
21671
21710
21870
21672
21711
21871
21673
21712
21872
21674
21713
21873
21675
21714
21874
21676
21715
21875
21677
21716
21876
21678
21717
21877
21679
21718
21878
21719
21879
21681
21720
21880
21682
21721
21881
21683
21722
21882
21684
21723
21883
21685
21724
21884
21686
21725
21885
21687
21726
21886
21688
21727
21887
21689
21728
21888
21690
21729
21889
21691
21730
21890
21692
21731
21891
21693
21732
21892
21694
21733
21893
21695
21734
21894
21696
21735
21895
21697
21736
21896
21698
21737
21897
21699
21738
21898
21700
21739
21899
21701
21740
21900
21702
21741
21901
21703
21742
21902
21704
21743
21903
21705
21744
21904
21706
21745
21905
21707
21746
21906
21708
21747
21907
21709
21748
21908
21710
21749
21909
21711
21750
21910
21712
21751
21911
21713
21752
21912
21714
21753
21913
21715
21754
21914
21716
21755
21915
21717
21756
21916
21718
21757
21917
21719
21758
21918
21759
21919
21721
21760
21920
21722
21761
21921
21723
21762
21922
21724
21763
21923
21725
21764
21924
21726
21765
21925
21727
21766
21926
21728
21767
21927
21729
21768
21928
21730
21769
21929
21731
21770
21930
21732
21771
21931
21733
21772
21932
21734
21773
21933
21735
21774
21934
21736
21775
21935
21737
21776
21936
21738
21777
21937
21739
21778
21938
21740
21779
21939
21741
21780
21940
21742
21781
21941
21743
21782
21942
21744
21783
21943
21745
21784
21944
21746
21785
21945
21747
21786
21946
21748
21787
21947
21749
21788
21948
21750
21789
21949
21751
21790
21950
21752
21791
21951
21753
21792
21952
21754
21793
21953
21755
21794
21954
21756
21795
21955
21757
21796
21956
21758
21797
21957
21759
21798
21958
21799
21959
21761
21960
21762
21961
21763
21962
21764
21963
21765
21964
21766
21965
21767
21966
21768
21967
21769
21968
21770
21969
21771
21970
21772
21971
21773
21972
21774
21973
21775
21974
21776
21975
21777
21976
21778
21977
21779
21978
21780
21979
21781
21980
21782
21981
21783
21982
21784
21983
21785
21984
21786
21985
21787
21986
21788
21987
21789
21988
21790
21989
21791
21990
21792
21991
21793
21992
21794
21993
21795
21994
21796
21995
21797
21996
21798
21997
21799
21998
21999
21801
21840
22000
21802
21841
22001
21803
21842
22002
21804
21843
22003
21805
21844
22004
21806
21845
22005
21807
21846
22006
21808
21847
22007
21809
21848
22008
21810
21849
22009
21811
21850
22010
21812
21851
22011
21813
21852
22012
21814
21853
22013
21815
21854
22014
21816
21855
22015
21817
21856
22016
21818
21857
22017
21819
21858
22018
21820
21859
22019
21821
21860
22020
21822
21861
22021
21823
21862
22022
21824
21863
22023
21825
21864
22024
21826
21865
22025
21827
21866
22026
21828
21867
22027
21829
21868
22028
21830
21869
22029
21831
21870
22030
21832
21871
22031
21833
21872
22032
21834
21873
22033
21835
21874
22034
21836
21875
22035
21837
21876
22036
21838
21877
22037
21839
21878
22038
21879
22039
21841
21880
22040
21842
21881
22041
21843
21882
22042
21844
21883
22043
21845
21884
22044
21846
21885
22045
21847
21886
22046
21848
21887
22047
21849
21888
22048
21850
21889
22049
21851
21890
22050
21852
21891
22051
21853
21892
22052
21854
21893
22053
21855
21894
22054
21856
21895
22055
21857
21896
22056
21858
21897
22057
21859
21898
22058
21860
21899
22059
21861
21900
22060
21862
21901
22061
21863
21902
22062
21864
21903
22063
21865
21904
22064
21866
21905
22065
21867
21906
22066
21868
21907
22067
21869
21908
22068
21870
21909
22069
21871
21910
22070
21872
21911
22071
21873
21912
22072
21874
21913
22073
21875
21914
22074
21876
21915
22075
21877
21916
22076
21878
21917
22077
21879
21918
22078
21919
22079
21881
21920
22080
21882
21921
22081
21883
21922
22082
21884
21923
22083
21885
21924
22084
21886
21925
22085
21887
21926
22086
21888
21927
22087
21889
21928
22088
21890
21929
22089
21891
21930
22090
21892
21931
22091
21893
21932
22092
21894
21933
22093
21895
21934
22094
21896
21935
22095
21897
21936
22096
21898
21937
22097
21899
21938
22098
21900
21939
22099
21901
21940
22100
21902
21941
22101
21903
21942
22102
21904
21943
22103
21905
21944
22104
21906
21945
22105
21907
21946
22106
21908
21947
22107
21909
21948
22108
21910
21949
22109
21911
21950
22110
21912
21951
22111
21913
21952
22112
21914
21953
22113
21915
21954
22114
21916
21955
22115
21917
21956
22116
21918
21957
22117
21919
21958
22118
21959
22119
21921
21960
22120
21922
21961
22121
21923
21962
22122
21924
21963
22123
21925
21964
22124
21926
21965
22125
21927
21966
22126
21928
21967
22127
21929
21968
22128
21930
21969
22129
21931
21970
22130
21932
21971
22131
21933
21972
22132
21934
21973
22133
21935
21974
22134
21936
21975
22135
21937
21976
22136
21938
21977
22137
21939
21978
22138
21940
21979
22139
21941
21980
22140
21942
21981
22141
21943
21982
22142
21944
21983
22143
21945
21984
22144
21946
21985
22145
21947
21986
22146
21948
21987
22147
21949
21988
22148
21950
21989
22149
21951
21990
22150
21952
21991
22151
21953
21992
22152
21954
21993
22153
21955
21994
22154
21956
21995
22155
21957
21996
22156
21958
21997
22157
21959
21998
22158
21999
22159
21961
22160
21962
22161
21963
22162
21964
22163
21965
22164
21966
22165
21967
22166
21968
22167
21969
22168
21970
22169
21971
22170
21972
22171
21973
22172
21974
22173
21975
22174
21976
22175
21977
22176
21978
22177
21979
22178
21980
22179
21981
22180
21982
22181
21983
22182
21984
22183
21985
22184
21986
22185
21987
22186
21988
22187
21989
22188
21990
22189
21991
22190
21992
22191
21993
22192
21994
22193
21995
22194
21996
22195
21997
22196
21998
22197
21999
22198
22199
22001
22040
22200
22002
22041
22201
22003
22042
22202
22004
22043
22203
22005
22044
22204
22006
22045
22205
22007
22046
22206
22008
22047
22207
22009
22048
22208
22010
22049
22209
22011
22050
22210
22012
22051
22211
22013
22052
22212
22014
22053
22213
22015
22054
22214
22016
22055
22215
22017
22056
22216
22018
22057
22217
22019
22058
22218
22020
22059
22219
22021
22060
22220
22022
22061
22221
22023
22062
22222
22024
22063
22223
22025
22064
22224
22026
22065
22225
22027
22066
22226
22028
22067
22227
22029
22068
22228
22030
22069
22229
22031
22070
22230
22032
22071
22231
22033
22072
22232
22034
22073
22233
22035
22074
22234
22036
22075
22235
22037
22076
22236
22038
22077
22237
22039
22078
22238
22079
22239
22041
22080
22240
22042
22081
22241
22043
22082
22242
22044
22083
22243
22045
22084
22244
22046
22085
22245
22047
22086
22246
22048
22087
22247
22049
22088
22248
22050
22089
22249
22051
22090
22250
22052
22091
22251
22053
22092
22252
22054
22093
22253
22055
22094
22254
22056
22095
22255
22057
22096
22256
22058
22097
22257
22059
22098
22258
22060
22099
22259
22061
22100
22260
22062
22101
22261
22063
22102
22262
22064
22103
22263
22065
22104
22264
22066
22105
22265
22067
22106
22266
22068
22107
22267
22069
22108
22268
22070
22109
22269
22071
22110
22270
22072
22111
22271
22073
22112
22272
22074
22113
22273
22075
22114
22274
22076
22115
22275
22077
22116
22276
22078
22117
22277
22079
22118
22278
22119
22279
22081
22120
22280
22082
22121
22281
22083
22122
22282
22084
22123
22283
22085
22124
22284
22086
22125
22285
22087
22126
22286
22088
22127
22287
22089
22128
22288
22090
22129
22289
22091
22130
22290
22092
22131
22291
22093
22132
22292
22094
22133
22293
22095
22134
22294
22096
22135
22295
22097
22136
22296
22098
22137
22297
22099
22138
22298
22100
22139
22299
22101
22140
22300
22102
22141
22301
22103
22142
22302
22104
22143
22303
22105
22144
22304
22106
22145
22305
22107
22146
22306
22108
22147
22307
22109
22148
22308
22110
22149
22309
22111
22150
22310
22112
22151
22311
22113
22152
22312
22114
22153
22313
22115
22154
22314
22116
22155
22315
22117
22156
22316
22118
22157
22317
22119
22158
22318
22159
22319
22121
22160
22320
22122
22161
22321
22123
22162
22322
22124
22163
22323
22125
22164
22324
22126
22165
22325
22127
22166
22326
22128
22167
22327
22129
22168
22328
22130
22169
22329
22131
22170
22330
22132
22171
22331
22133
22172
22332
22134
22173
22333
22135
22174
22334
22136
22175
22335
22137
22176
22336
22138
22177
22337
22139
22178
22338
22140
22179
22339
22141
22180
22340
22142
22181
22341
22143
22182
22342
22144
22183
22343
22145
22184
22344
22146
22185
22345
22147
22186
22346
22148
22187
22347
22149
22188
22348
22150
22189
22349
22151
22190
22350
22152
22191
22351
22153
22192
22352
22154
22193
22353
22155
22194
22354
22156
22195
22355
22157
22196
22356
22158
22197
22357
22159
22198
22358
22199
22359
22161
22360
22162
22361
22163
22362
22164
22363
22165
22364
22166
22365
22167
22366
22168
22367
22169
22368
22170
22369
22171
22370
22172
22371
22173
22372
22174
22373
22175
22374
22176
22375
22177
22376
22178
22377
22179
22378
22180
22379
22181
22380
22182
22381
22183
22382
22184
22383
22185
22384
22186
22385
22187
22386
22188
22387
22189
22388
22190
22389
22191
22390
22192
22391
22193
22392
22194
22393
22195
22394
22196
22395
22197
22396
22198
22397
22199
22398
22399
22201
22240
22400
22202
22241
22401
22203
22242
22402
22204
22243
22403
22205
22244
22404
22206
22245
22405
22207
22246
22406
22208
22247
22407
22209
22248
22408
22210
22249
22409
22211
22250
22410
22212
22251
22411
22213
22252
22412
22214
22253
22413
22215
22254
22414
22216
22255
22415
22217
22256
22416
22218
22257
22417
22219
22258
22418
22220
22259
22419
22221
22260
22420
22222
22261
22421
22223
22262
22422
22224
22263
22423
22225
22264
22424
22226
22265
22425
22227
22266
22426
22228
22267
22427
22229
22268
22428
22230
22269
22429
22231
22270
22430
22232
22271
22431
22233
22272
22432
22234
22273
22433
22235
22274
22434
22236
22275
22435
22237
22276
22436
22238
22277
22437
22239
22278
22438
22279
22439
22241
22280
22440
22242
22281
22441
22243
22282
22442
22244
22283
22443
22245
22284
22444
22246
22285
22445
22247
22286
22446
22248
22287
22447
22249
22288
22448
22250
22289
22449
22251
22290
22450
22252
22291
22451
22253
22292
22452
22254
22293
22453
22255
22294
22454
22256
22295
22455
22257
22296
22456
22258
22297
22457
22259
22298
22458
22260
22299
22459
22261
22300
22460
22262
22301
22461
22263
22302
22462
22264
22303
22463
22265
22304
22464
22266
22305
22465
22267
22306
22466
22268
22307
22467
22269
22308
22468
22270
22309
22469
22271
22310
22470
22272
22311
22471
22273
22312
22472
22274
22313
22473
22275
22314
22474
22276
22315
22475
22277
22316
22476
22278
22317
22477
22279
22318
22478
22319
22479
22281
22320
22480
22282
22321
22481
22283
22322
22482
22284
22323
22483
22285
22324
22484
22286
22325
22485
22287
22326
22486
22288
22327
22487
22289
22328
22488
22290
22329
22489
22291
22330
22490
22292
22331
22491
22293
22332
22492
22294
22333
22493
22295
22334
22494
22296
22335
22495
22297
22336
22496
22298
22337
22497
22299
22338
22498
22300
22339
22499
22301
22340
22500
22302
22341
22501
22303
22342
22502
22304
22343
22503
22305
22344
22504
22306
22345
22505
22307
22346
22506
22308
22347
22507
22309
22348
22508
22310
22349
22509
22311
22350
22510
22312
22351
22511
22313
22352
22512
22314
22353
22513
22315
22354
22514
22316
22355
22515
22317
22356
22516
22318
22357
22517
22319
22358
22518
22359
22519
22321
22360
22520
22322
22361
22521
22323
22362
22522
22324
22363
22523
22325
22364
22524
22326
22365
22525
22327
22366
22526
22328
22367
22527
22329
22368
22528
22330
22369
22529
22331
22370
22530
22332
22371
22531
22333
22372
22532
22334
22373
22533
22335
22374
22534
22336
22375
22535
22337
22376
22536
22338
22377
22537
22339
22378
22538
22340
22379
22539
22341
22380
22540
22342
22381
22541
22343
22382
22542
22344
22383
22543
22345
22384
22544
22346
22385
22545
22347
22386
22546
22348
22387
22547
22349
22388
22548
22350
22389
22549
22351
22390
22550
22352
22391
22551
22353
22392
22552
22354
22393
22553
22355
22394
22554
22356
22395
22555
22357
22396
22556
22358
22397
22557
22359
22398
22558
22399
22559
22361
22560
22362
22561
22363
22562
22364
22563
22365
22564
22366
22565
22367
22566
22368
22567
22369
22568
22370
22569
22371
22570
22372
22571
22373
22572
22374
22573
22375
22574
22376
22575
22377
22576
22378
22577
22379
22578
22380
22579
22381
22580
22382
22581
22383
22582
22384
22583
22385
22584
22386
22585
22387
22586
22388
22587
22389
22588
22390
22589
22391
22590
22392
22591
22393
22592
22394
22593
22395
22594
22396
22595
22397
22596
22398
22597
22399
22598
22599
22401
22440
22600
22402
22441
22601
22403
22442
22602
22404
22443
22603
22405
22444
22604
22406
22445
22605
22407
22446
22606
22408
22447
22607
22409
22448
22608
22410
22449
22609
22411
22450
22610
22412
22451
22611
22413
22452
22612
22414
22453
22613
22415
22454
22614
22416
22455
22615
22417
22456
22616
22418
22457
22617
22419
22458
22618
22420
22459
22619
22421
22460
22620
22422
22461
22621
22423
22462
22622
22424
22463
22623
22425
22464
22624
22426
22465
22625
22427
22466
22626
22428
22467
22627
22429
22468
22628
22430
22469
22629
22431
22470
22630
22432
22471
22631
22433
22472
22632
22434
22473
22633
22435
22474
22634
22436
22475
22635
22437
22476
22636
22438
22477
22637
22439
22478
22638
22479
22639
22441
22480
22640
22442
22481
22641
22443
22482
22642
22444
22483
22643
22445
22484
22644
22446
22485
22645
22447
22486
22646
22448
22487
22647
22449
22488
22648
22450
22489
22649
22451
22490
22650
22452
22491
22651
22453
22492
22652
22454
22493
22653
22455
22494
22654
22456
22495
22655
22457
22496
22656
22458
22497
22657
22459
22498
22658
22460
22499
22659
22461
22500
22660
22462
22501
22661
22463
22502
22662
22464
22503
22663
22465
22504
22664
22466
22505
22665
22467
22506
22666
22468
22507
22667
22469
22508
22668
22470
22509
22669
22471
22510
22670
22472
22511
22671
22473
22512
22672
22474
22513
22673
22475
22514
22674
22476
22515
22675
22477
22516
22676
22478
22517
22677
22479
22518
22678
22519
22679
22481
22520
22680
22482
22521
22681
22483
22522
22682
22484
22523
22683
22485
22524
22684
22486
22525
22685
22487
22526
22686
22488
22527
22687
22489
22528
22688
22490
22529
22689
22491
22530
22690
22492
22531
22691
22493
22532
22692
22494
22533
22693
22495
22534
22694
22496
22535
22695
22497
22536
22696
22498
22537
22697
22499
22538
22698
22500
22539
22699
22501
22540
22700
22502
22541
22701
22503
22542
22702
22504
22543
22703
22505
22544
22704
22506
22545
22705
22507
22546
22706
22508
22547
22707
22509
22548
22708
22510
22549
22709
22511
22550
22710
22512
22551
22711
22513
22552
22712
22514
22553
22713
22515
22554
22714
22516
22555
22715
22517
22556
22716
22518
22557
22717
22519
22558
22718
22559
22719
22521
22560
22720
22522
22561
22721
22523
22562
22722
22524
22563
22723
22525
22564
22724
22526
22565
22725
22527
22566
22726
22528
22567
22727
22529
22568
22728
22530
22569
22729
22531
22570
22730
22532
22571
22731
22533
22572
22732
22534
22573
22733
22535
22574
22734
22536
22575
22735
22537
22576
22736
22538
22577
22737
22539
22578
22738
22540
22579
22739
22541
22580
22740
22542
22581
22741
22543
22582
22742
22544
22583
22743
22545
22584
22744
22546
22585
22745
22547
22586
22746
22548
22587
22747
22549
22588
22748
22550
22589
22749
22551
22590
22750
22552
22591
22751
22553
22592
22752
22554
22593
22753
22555
22594
22754
22556
22595
22755
22557
22596
22756
22558
22597
22757
22559
22598
22758
22599
22759
22561
22760
22562
22761
22563
22762
22564
22763
22565
22764
22566
22765
22567
22766
22568
22767
22569
22768
22570
22769
22571
22770
22572
22771
22573
22772
22574
22773
22575
22774
22576
22775
22577
22776
22578
22777
22579
22778
22580
22779
22581
22780
22582
22781
22583
22782
22584
22783
22585
22784
22586
22785
22587
22786
22588
22787
22589
22788
22590
22789
22591
22790
22592
22791
22593
22792
22594
22793
22595
22794
22596
22795
22597
22796
22598
22797
22599
22798
22799
22601
22640
22800
22602
22641
22801
22603
22642
22802
22604
22643
22803
22605
22644
22804
22606
22645
22805
22607
22646
22806
22608
22647
22807
22609
22648
22808
22610
22649
22809
22611
22650
22810
22612
22651
22811
22613
22652
22812
22614
22653
22813
22615
22654
22814
22616
22655
22815
22617
22656
22816
22618
22657
22817
22619
22658
22818
22620
22659
22819
22621
22660
22820
22622
22661
22821
22623
22662
22822
22624
22663
22823
22625
22664
22824
22626
22665
22825
22627
22666
22826
22628
22667
22827
22629
22668
22828
22630
22669
22829
22631
22670
22830
22632
22671
22831
22633
22672
22832
22634
22673
22833
22635
22674
22834
22636
22675
22835
22637
22676
22836
22638
22677
22837
22639
22678
22838
22679
22839
22641
22680
22840
22642
22681
22841
22643
22682
22842
22644
22683
22843
22645
22684
22844
22646
22685
22845
22647
22686
22846
22648
22687
22847
22649
22688
22848
22650
22689
22849
22651
22690
22850
22652
22691
22851
22653
22692
22852
22654
22693
22853
22655
22694
22854
22656
22695
22855
22657
22696
22856
22658
22697
22857
22659
22698
22858
22660
22699
22859
22661
22700
22860
22662
22701
22861
22663
22702
22862
22664
22703
22863
22665
22704
22864
22666
22705
22865
22667
22706
22866
22668
22707
22867
22669
22708
22868
22670
22709
22869
22671
22710
22870
22672
22711
22871
22673
22712
22872
22674
22713
22873
22675
22714
22874
22676
22715
22875
22677
22716
22876
22678
22717
22877
22679
22718
22878
22719
22879
22681
22720
22880
22682
22721
22881
22683
22722
22882
22684
22723
22883
22685
22724
22884
22686
22725
22885
22687
22726
22886
22688
22727
22887
22689
22728
22888
22690
22729
22889
22691
22730
22890
22692
22731
22891
22693
22732
22892
22694
22733
22893
22695
22734
22894
22696
22735
22895
22697
22736
22896
22698
22737
22897
22699
22738
22898
22700
22739
22899
22701
22740
22900
22702
22741
22901
22703
22742
22902
22704
22743
22903
22705
22744
22904
22706
22745
22905
22707
22746
22906
22708
22747
22907
22709
22748
22908
22710
22749
22909
22711
22750
22910
22712
22751
22911
22713
22752
22912
22714
22753
22913
22715
22754
22914
22716
22755
22915
22717
22756
22916
22718
22757
22917
22719
22758
22918
22759
22919
22721
22760
22920
22722
22761
22921
22723
22762
22922
22724
22763
22923
22725
22764
22924
22726
22765
22925
22727
22766
22926
22728
22767
22927
22729
22768
22928
22730
22769
22929
22731
22770
22930
22732
22771
22931
22733
22772
22932
22734
22773
22933
22735
22774
22934
22736
22775
22935
22737
22776
22936
22738
22777
22937
22739
22778
22938
22740
22779
22939
22741
22780
22940
22742
22781
22941
22743
22782
22942
22744
22783
22943
22745
22784
22944
22746
22785
22945
22747
22786
22946
22748
22787
22947
22749
22788
22948
22750
22789
22949
22751
22790
22950
22752
22791
22951
22753
22792
22952
22754
22793
22953
22755
22794
22954
22756
22795
22955
22757
22796
22956
22758
22797
22957
22759
22798
22958
22799
22959
22761
22960
22762
22961
22763
22962
22764
22963
22765
22964
22766
22965
22767
22966
22768
22967
22769
22968
22770
22969
22771
22970
22772
22971
22773
22972
22774
22973
22775
22974
22776
22975
22777
22976
22778
22977
22779
22978
22780
22979
22781
22980
22782
22981
22783
22982
22784
22983
22785
22984
22786
22985
22787
22986
22788
22987
22789
22988
22790
22989
22791
22990
22792
22991
22793
22992
22794
22993
22795
22994
22796
22995
22797
22996
22798
22997
22799
22998
22999
22801
22840
23000
22802
22841
23001
22803
22842
23002
22804
22843
23003
22805
22844
23004
22806
22845
23005
22807
22846
23006
22808
22847
23007
22809
22848
23008
22810
22849
23009
22811
22850
23010
22812
22851
23011
22813
22852
23012
22814
22853
23013
22815
22854
23014
22816
22855
23015
22817
22856
23016
22818
22857
23017
22819
22858
23018
22820
22859
23019
22821
22860
23020
22822
22861
23021
22823
22862
23022
22824
22863
23023
22825
22864
23024
22826
22865
23025
22827
22866
23026
22828
22867
23027
22829
22868
23028
22830
22869
23029
22831
22870
23030
22832
22871
23031
22833
22872
23032
22834
22873
23033
22835
22874
23034
22836
22875
23035
22837
22876
23036
22838
22877
23037
22839
22878
23038
22879
23039
22841
22880
23040
22842
22881
23041
22843
22882
23042
22844
22883
23043
22845
22884
23044
22846
22885
23045
22847
22886
23046
22848
22887
23047
22849
22888
23048
22850
22889
23049
22851
22890
23050
22852
22891
23051
22853
22892
23052
22854
22893
23053
22855
22894
23054
22856
22895
23055
22857
22896
23056
22858
22897
23057
22859
22898
23058
22860
22899
23059
22861
22900
23060
22862
22901
23061
22863
22902
23062
22864
22903
23063
22865
22904
23064
22866
22905
23065
22867
22906
23066
22868
22907
23067
22869
22908
23068
22870
22909
23069
22871
22910
23070
22872
22911
23071
22873
22912
23072
22874
22913
23073
22875
22914
23074
22876
22915
23075
22877
22916
23076
22878
22917
23077
22879
22918
23078
22919
23079
22881
22920
23080
22882
22921
23081
22883
22922
23082
22884
22923
23083
22885
22924
23084
22886
22925
23085
22887
22926
23086
22888
22927
23087
22889
22928
23088
22890
22929
23089
22891
22930
23090
22892
22931
23091
22893
22932
23092
22894
22933
23093
22895
22934
23094
22896
22935
23095
22897
22936
23096
22898
22937
23097
22899
22938
23098
22900
22939
23099
22901
22940
23100
22902
22941
23101
22903
22942
23102
22904
22943
23103
22905
22944
23104
22906
22945
23105
22907
22946
23106
22908
22947
23107
22909
22948
23108
22910
22949
23109
22911
22950
23110
22912
22951
23111
22913
22952
23112
22914
22953
23113
22915
22954
23114
22916
22955
23115
22917
22956
23116
22918
22957
23117
22919
22958
23118
22959
23119
22921
22960
23120
22922
22961
23121
22923
22962
23122
22924
22963
23123
22925
22964
23124
22926
22965
23125
22927
22966
23126
22928
22967
23127
22929
22968
23128
22930
22969
23129
22931
22970
23130
22932
22971
23131
22933
22972
23132
22934
22973
23133
22935
22974
23134
22936
22975
23135
22937
22976
23136
22938
22977
23137
22939
22978
23138
22940
22979
23139
22941
22980
23140
22942
22981
23141
22943
22982
23142
22944
22983
23143
22945
22984
23144
22946
22985
23145
22947
22986
23146
22948
22987
23147
22949
22988
23148
22950
22989
23149
22951
22990
23150
22952
22991
23151
22953
22992
23152
22954
22993
23153
22955
22994
23154
22956
22995
23155
22957
22996
23156
22958
22997
23157
22959
22998
23158
22999
23159
22961
23160
22962
23161
22963
23162
22964
23163
22965
23164
22966
23165
22967
23166
22968
23167
22969
23168
22970
23169
22971
23170
22972
23171
22973
23172
22974
23173
22975
23174
22976
23175
22977
23176
22978
23177
22979
23178
22980
23179
22981
23180
22982
23181
22983
23182
22984
23183
22985
23184
22986
23185
22987
23186
22988
23187
22989
23188
22990
23189
22991
23190
22992
23191
22993
23192
22994
23193
22995
23194
22996
23195
22997
23196
22998
23197
22999
23198
23199
23001
23040
23200
23002
23041
23201
23003
23042
23202
23004
23043
23203
23005
23044
23204
23006
23045
23205
23007
23046
23206
23008
23047
23207
23009
23048
23208
23010
23049
23209
23011
23050
23210
23012
23051
23211
23013
23052
23212
23014
23053
23213
23015
23054
23214
23016
23055
23215
23017
23056
23216
23018
23057
23217
23019
23058
23218
23020
23059
23219
23021
23060
23220
23022
23061
23221
23023
23062
23222
23024
23063
23223
23025
23064
23224
23026
23065
23225
23027
23066
23226
23028
23067
23227
23029
23068
23228
23030
23069
23229
23031
23070
23230
23032
23071
23231
23033
23072
23232
23034
23073
23233
23035
23074
23234
23036
23075
23235
23037
23076
23236
23038
23077
23237
23039
23078
23238
23079
23239
23041
23080
23240
23042
23081
23241
23043
23082
23242
23044
23083
23243
23045
23084
23244
23046
23085
23245
23047
23086
23246
23048
23087
23247
23049
23088
23248
23050
23089
23249
23051
23090
23250
23052
23091
23251
23053
23092
23252
23054
23093
23253
23055
23094
23254
23056
23095
23255
23057
23096
23256
23058
23097
23257
23059
23098
23258
23060
23099
23259
23061
23100
23260
23062
23101
23261
23063
23102
23262
23064
23103
23263
23065
23104
23264
23066
23105
23265
23067
23106
23266
23068
23107
23267
23069
23108
23268
23070
23109
23269
23071
23110
23270
23072
23111
23271
23073
23112
23272
23074
23113
23273
23075
23114
23274
23076
23115
23275
23077
23116
23276
23078
23117
23277
23079
23118
23278
23119
23279
23081
23120
23280
23082
23121
23281
23083
23122
23282
23084
23123
23283
23085
23124
23284
23086
23125
23285
23087
23126
23286
23088
23127
23287
23089
23128
23288
23090
23129
23289
23091
23130
23290
23092
23131
23291
23093
23132
23292
23094
23133
23293
23095
23134
23294
23096
23135
23295
23097
23136
23296
23098
23137
23297
23099
23138
23298
23100
23139
23299
23101
23140
23300
23102
23141
23301
23103
23142
23302
23104
23143
23303
23105
23144
23304
23106
23145
23305
23107
23146
23306
23108
23147
23307
23109
23148
23308
23110
23149
23309
23111
23150
23310
23112
23151
23311
23113
23152
23312
23114
23153
23313
23115
23154
23314
23116
23155
23315
23117
23156
23316
23118
23157
23317
23119
23158
23318
23159
23319
23121
23160
23320
23122
23161
23321
23123
23162
23322
23124
23163
23323
23125
23164
23324
23126
23165
23325
23127
23166
23326
23128
23167
23327
23129
23168
23328
23130
23169
23329
23131
23170
23330
23132
23171
23331
23133
23172
23332
23134
23173
23333
23135
23174
23334
23136
23175
23335
23137
23176
23336
23138
23177
23337
23139
23178
23338
23140
23179
23339
23141
23180
23340
23142
23181
23341
23143
23182
23342
23144
23183
23343
23145
23184
23344
23146
23185
23345
23147
23186
23346
23148
23187
23347
23149
23188
23348
23150
23189
23349
23151
23190
23350
23152
23191
23351
23153
23192
23352
23154
23193
23353
23155
23194
23354
23156
23195
23355
23157
23196
23356
23158
23197
23357
23159
23198
23358
23199
23359
23161
23360
23162
23361
23163
23362
23164
23363
23165
23364
23166
23365
23167
23366
23168
23367
23169
23368
23170
23369
23171
23370
23172
23371
23173
23372
23174
23373
23175
23374
23176
23375
23177
23376
23178
23377
23179
23378
23180
23379
23181
23380
23182
23381
23183
23382
23184
23383
23185
23384
23186
23385
23187
23386
23188
23387
23189
23388
23190
23389
23191
23390
23192
23391
23193
23392
23194
23393
23195
23394
23196
23395
23197
23396
23198
23397
23199
23398
23399
23201
23240
23400
23202
23241
23401
23203
23242
23402
23204
23243
23403
23205
23244
23404
23206
23245
23405
23207
23246
23406
23208
23247
23407
23209
23248
23408
23210
23249
23409
23211
23250
23410
23212
23251
23411
23213
23252
23412
23214
23253
23413
23215
23254
23414
23216
23255
23415
23217
23256
23416
23218
23257
23417
23219
23258
23418
23220
23259
23419
23221
23260
23420
23222
23261
23421
23223
23262
23422
23224
23263
23423
23225
23264
23424
23226
23265
23425
23227
23266
23426
23228
23267
23427
23229
23268
23428
23230
23269
23429
23231
23270
23430
23232
23271
23431
23233
23272
23432
23234
23273
23433
23235
23274
23434
23236
23275
23435
23237
23276
23436
23238
23277
23437
23239
23278
23438
23279
23439
23241
23280
23440
23242
23281
23441
23243
23282
23442
23244
23283
23443
23245
23284
23444
23246
23285
23445
23247
23286
23446
23248
23287
23447
23249
23288
23448
23250
23289
23449
23251
23290
23450
23252
23291
23451
23253
23292
23452
23254
23293
23453
23255
23294
23454
23256
23295
23455
23257
23296
23456
23258
23297
23457
23259
23298
23458
23260
23299
23459
23261
23300
23460
23262
23301
23461
23263
23302
23462
23264
23303
23463
23265
23304
23464
23266
23305
23465
23267
23306
23466
23268
23307
23467
23269
23308
23468
23270
23309
23469
23271
23310
23470
23272
23311
23471
23273
23312
23472
23274
23313
23473
23275
23314
23474
23276
23315
23475
23277
23316
23476
23278
23317
23477
23279
23318
23478
23319
23479
23281
23320
23480
23282
23321
23481
23283
23322
23482
23284
23323
23483
23285
23324
23484
23286
23325
23485
23287
23326
23486
23288
23327
23487
23289
23328
23488
23290
23329
23489
23291
23330
23490
23292
23331
23491
23293
23332
23492
23294
23333
23493
23295
23334
23494
23296
23335
23495
23297
23336
23496
23298
23337
23497
23299
23338
23498
23300
23339
23499
23301
23340
23500
23302
23341
23501
23303
23342
23502
23304
23343
23503
23305
23344
23504
23306
23345
23505
23307
23346
23506
23308
23347
23507
23309
23348
23508
23310
23349
23509
23311
23350
23510
23312
23351
23511
23313
23352
23512
23314
23353
23513
23315
23354
23514
23316
23355
23515
23317
23356
23516
23318
23357
23517
23319
23358
23518
23359
23519
23321
23360
23520
23322
23361
23521
23323
23362
23522
23324
23363
23523
23325
23364
23524
23326
23365
23525
23327
23366
23526
23328
23367
23527
23329
23368
23528
23330
23369
23529
23331
23370
23530
23332
23371
23531
23333
23372
23532
23334
23373
23533
23335
23374
23534
23336
23375
23535
23337
23376
23536
23338
23377
23537
23339
23378
23538
23340
23379
23539
23341
23380
23540
23342
23381
23541
23343
23382
23542
23344
23383
23543
23345
23384
23544
23346
23385
23545
23347
23386
23546
23348
23387
23547
23349
23388
23548
23350
23389
23549
23351
23390
23550
23352
23391
23551
23353
23392
23552
23354
23393
23553
23355
23394
23554
23356
23395
23555
23357
23396
23556
23358
23397
23557
23359
23398
23558
23399
23559
23361
23560
23362
23561
23363
23562
23364
23563
23365
23564
23366
23565
23367
23566
23368
23567
23369
23568
23370
23569
23371
23570
23372
23571
23373
23572
23374
23573
23375
23574
23376
23575
23377
23576
23378
23577
23379
23578
23380
23579
23381
23580
23382
23581
23383
23582
23384
23583
23385
23584
23386
23585
23387
23586
23388
23587
23389
23588
23390
23589
23391
23590
23392
23591
23393
23592
23394
23593
23395
23594
23396
23595
23397
23596
23398
23597
23399
23598
23599
23401
23440
23600
23402
23441
23601
23403
23442
23602
23404
23443
23603
23405
23444
23604
23406
23445
23605
23407
23446
23606
23408
23447
23607
23409
23448
23608
23410
23449
23609
23411
23450
23610
23412
23451
23611
23413
23452
23612
23414
23453
23613
23415
23454
23614
23416
23455
23615
23417
23456
23616
23418
23457
23617
23419
23458
23618
23420
23459
23619
23421
23460
23620
23422
23461
23621
23423
23462
23622
23424
23463
23623
23425
23464
23624
23426
23465
23625
23427
23466
23626
23428
23467
23627
23429
23468
23628
23430
23469
23629
23431
23470
23630
23432
23471
23631
23433
23472
23632
23434
23473
23633
23435
23474
23634
23436
23475
23635
23437
23476
23636
23438
23477
23637
23439
23478
23638
23479
23639
23441
23480
23640
23442
23481
23641
23443
23482
23642
23444
23483
23643
23445
23484
23644
23446
23485
23645
23447
23486
23646
23448
23487
23647
23449
23488
23648
23450
23489
23649
23451
23490
23650
23452
23491
23651
23453
23492
23652
23454
23493
23653
23455
23494
23654
23456
23495
23655
23457
23496
23656
23458
23497
23657
23459
23498
23658
23460
23499
23659
23461
23500
23660
23462
23501
23661
23463
23502
23662
23464
23503
23663
23465
23504
23664
23466
23505
23665
23467
23506
23666
23468
23507
23667
23469
23508
23668
23470
23509
23669
23471
23510
23670
23472
23511
23671
23473
23512
23672
23474
23513
23673
23475
23514
23674
23476
23515
23675
23477
23516
23676
23478
23517
23677
23479
23518
23678
23519
23679
23481
23520
23680
23482
23521
23681
23483
23522
23682
23484
23523
23683
23485
23524
23684
23486
23525
23685
23487
23526
23686
23488
23527
23687
23489
23528
23688
23490
23529
23689
23491
23530
23690
23492
23531
23691
23493
23532
23692
23494
23533
23693
23495
23534
23694
23496
23535
23695
23497
23536
23696
23498
23537
23697
23499
23538
23698
23500
23539
23699
23501
23540
23700
23502
23541
23701
23503
23542
23702
23504
23543
23703
23505
23544
23704
23506
23545
23705
23507
23546
23706
23508
23547
23707
23509
23548
23708
23510
23549
23709
23511
23550
23710
23512
23551
23711
23513
23552
23712
23514
23553
23713
23515
23554
23714
23516
23555
23715
23517
23556
23716
23518
23557
23717
23519
23558
23718
23559
23719
23521
23560
23720
23522
23561
23721
23523
23562
23722
23524
23563
23723
23525
23564
23724
23526
23565
23725
23527
23566
23726
23528
23567
23727
23529
23568
23728
23530
23569
23729
23531
23570
23730
23532
23571
23731
23533
23572
23732
23534
23573
23733
23535
23574
23734
23536
23575
23735
23537
23576
23736
23538
23577
23737
23539
23578
23738
23540
23579
23739
23541
23580
23740
23542
23581
23741
23543
23582
23742
23544
23583
23743
23545
23584
23744
23546
23585
23745
23547
23586
23746
23548
23587
23747
23549
23588
23748
23550
23589
23749
23551
23590
23750
23552
23591
23751
23553
23592
23752
23554
23593
23753
23555
23594
23754
23556
23595
23755
23557
23596
23756
23558
23597
23757
23559
23598
23758
23599
23759
23561
23760
23562
23761
23563
23762
23564
23763
23565
23764
23566
23765
23567
23766
23568
23767
23569
23768
23570
23769
23571
23770
23572
23771
23573
23772
23574
23773
23575
23774
23576
23775
23577
23776
23578
23777
23579
23778
23580
23779
23581
23780
23582
23781
23583
23782
23584
23783
23585
23784
23586
23785
23587
23786
23588
23787
23589
23788
23590
23789
23591
23790
23592
23791
23593
23792
23594
23793
23595
23794
23596
23795
23597
23796
23598
23797
23599
23798
23799
23601
23640
23800
23602
23641
23801
23603
23642
23802
23604
23643
23803
23605
23644
23804
23606
23645
23805
23607
23646
23806
23608
23647
23807
23609
23648
23808
23610
23649
23809
23611
23650
23810
23612
23651
23811
23613
23652
23812
23614
23653
23813
23615
23654
23814
23616
23655
23815
23617
23656
23816
23618
23657
23817
23619
23658
23818
23620
23659
23819
23621
23660
23820
23622
23661
23821
23623
23662
23822
23624
23663
23823
23625
23664
23824
23626
23665
23825
23627
23666
23826
23628
23667
23827
23629
23668
23828
23630
23669
23829
23631
23670
23830
23632
23671
23831
23633
23672
23832
23634
23673
23833
23635
23674
23834
23636
23675
23835
23637
23676
23836
23638
23677
23837
23639
23678
23838
23679
23839
23641
23680
23840
23642
23681
23841
23643
23682
23842
23644
23683
23843
23645
23684
23844
23646
23685
23845
23647
23686
23846
23648
23687
23847
23649
23688
23848
23650
23689
23849
23651
23690
23850
23652
23691
23851
23653
23692
23852
23654
23693
23853
23655
23694
23854
23656
23695
23855
23657
23696
23856
23658
23697
23857
23659
23698
23858
23660
23699
23859
23661
23700
23860
23662
23701
23861
23663
23702
23862
23664
23703
23863
23665
23704
23864
23666
23705
23865
23667
23706
23866
23668
23707
23867
23669
23708
23868
23670
23709
23869
23671
23710
23870
23672
23711
23871
23673
23712
23872
23674
23713
23873
23675
23714
23874
23676
23715
23875
23677
23716
23876
23678
23717
23877
23679
23718
23878
23719
23879
23681
23720
23880
23682
23721
23881
23683
23722
23882
23684
23723
23883
23685
23724
23884
23686
23725
23885
23687
23726
23886
23688
23727
23887
23689
23728
23888
23690
23729
23889
23691
23730
23890
23692
23731
23891
23693
23732
23892
23694
23733
23893
23695
23734
23894
23696
23735
23895
23697
23736
23896
23698
23737
23897
23699
23738
23898
23700
23739
23899
23701
23740
23900
23702
23741
23901
23703
23742
23902
23704
23743
23903
23705
23744
23904
23706
23745
23905
23707
23746
23906
23708
23747
23907
23709
23748
23908
23710
23749
23909
23711
23750
23910
23712
23751
23911
23713
23752
23912
23714
23753
23913
23715
23754
23914
23716
23755
23915
23717
23756
23916
23718
23757
23917
23719
23758
23918
23759
23919
23721
23760
23920
23722
23761
23921
23723
23762
23922
23724
23763
23923
23725
23764
23924
23726
23765
23925
23727
23766
23926
23728
23767
23927
23729
23768
23928
23730
23769
23929
23731
23770
23930
23732
23771
23931
23733
23772
23932
23734
23773
23933
23735
23774
23934
23736
23775
23935
23737
23776
23936
23738
23777
23937
23739
23778
23938
23740
23779
23939
23741
23780
23940
23742
23781
23941
23743
23782
23942
23744
23783
23943
23745
23784
23944
23746
23785
23945
23747
23786
23946
23748
23787
23947
23749
23788
23948
23750
23789
23949
23751
23790
23950
23752
23791
23951
23753
23792
23952
23754
23793
23953
23755
23794
23954
23756
23795
23955
23757
23796
23956
23758
23797
23957
23759
23798
23958
23799
23959
23761
23960
23762
23961
23763
23962
23764
23963
23765
23964
23766
23965
23767
23966
23768
23967
23769
23968
23770
23969
23771
23970
23772
23971
23773
23972
23774
23973
23775
23974
23776
23975
23777
23976
23778
23977
23779
23978
23780
23979
23781
23980
23782
23981
23783
23982
23784
23983
23785
23984
23786
23985
23787
23986
23788
23987
23789
23988
23790
23989
23791
23990
23792
23991
23793
23992
23794
23993
23795
23994
23796
23995
23797
23996
23798
23997
23799
23998
23999
23801
23840
24000
23802
23841
24001
23803
23842
24002
23804
23843
24003
23805
23844
24004
23806
23845
24005
23807
23846
24006
23808
23847
24007
23809
23848
24008
23810
23849
24009
23811
23850
24010
23812
23851
24011
23813
23852
24012
23814
23853
24013
23815
23854
24014
23816
23855
24015
23817
23856
24016
23818
23857
24017
23819
23858
24018
23820
23859
24019
23821
23860
24020
23822
23861
24021
23823
23862
24022
23824
23863
24023
23825
23864
24024
23826
23865
24025
23827
23866
24026
23828
23867
24027
23829
23868
24028
23830
23869
24029
23831
23870
24030
23832
23871
24031
23833
23872
24032
23834
23873
24033
23835
23874
24034
23836
23875
24035
23837
23876
24036
23838
23877
24037
23839
23878
24038
23879
24039
23841
23880
24040
23842
23881
24041
23843
23882
24042
23844
23883
24043
23845
23884
24044
23846
23885
24045
23847
23886
24046
23848
23887
24047
23849
23888
24048
23850
23889
24049
23851
23890
24050
23852
23891
24051
23853
23892
24052
23854
23893
24053
23855
23894
24054
23856
23895
24055
23857
23896
24056
23858
23897
24057
23859
23898
24058
23860
23899
24059
23861
23900
24060
23862
23901
24061
23863
23902
24062
23864
23903
24063
23865
23904
24064
23866
23905
24065
23867
23906
24066
23868
23907
24067
23869
23908
24068
23870
23909
24069
23871
23910
24070
23872
23911
24071
23873
23912
24072
23874
23913
24073
23875
23914
24074
23876
23915
24075
23877
23916
24076
23878
23917
24077
23879
23918
24078
23919
24079
23881
23920
24080
23882
23921
24081
23883
23922
24082
23884
23923
24083
23885
23924
24084
23886
23925
24085
23887
23926
24086
23888
23927
24087
23889
23928
24088
23890
23929
24089
23891
23930
24090
23892
23931
24091
23893
23932
24092
23894
23933
24093
23895
23934
24094
23896
23935
24095
23897
23936
24096
23898
23937
24097
23899
23938
24098
23900
23939
24099
23901
23940
24100
23902
23941
24101
23903
23942
24102
23904
23943
24103
23905
23944
24104
23906
23945
24105
23907
23946
24106
23908
23947
24107
23909
23948
24108
23910
23949
24109
23911
23950
24110
23912
23951
24111
23913
23952
24112
23914
23953
24113
23915
23954
24114
23916
23955
24115
23917
23956
24116
23918
23957
24117
23919
23958
24118
23959
24119
23921
23960
24120
23922
23961
24121
23923
23962
24122
23924
23963
24123
23925
23964
24124
23926
23965
24125
23927
23966
24126
23928
23967
24127
23929
23968
24128
23930
23969
24129
23931
23970
24130
23932
23971
24131
23933
23972
24132
23934
23973
24133
23935
23974
24134
23936
23975
24135
23937
23976
24136
23938
23977
24137
23939
23978
24138
23940
23979
24139
23941
23980
24140
23942
23981
24141
23943
23982
24142
23944
23983
24143
23945
23984
24144
23946
23985
24145
23947
23986
24146
23948
23987
24147
23949
23988
24148
23950
23989
24149
23951
23990
24150
23952
23991
24151
23953
23992
24152
23954
23993
24153
23955
23994
24154
23956
23995
24155
23957
23996
24156
23958
23997
24157
23959
23998
24158
23999
24159
23961
24160
23962
24161
23963
24162
23964
24163
23965
24164
23966
24165
23967
24166
23968
24167
23969
24168
23970
24169
23971
24170
23972
24171
23973
24172
23974
24173
23975
24174
23976
24175
23977
24176
23978
24177
23979
24178
23980
24179
23981
24180
23982
24181
23983
24182
23984
24183
23985
24184
23986
24185
23987
24186
23988
24187
23989
24188
23990
24189
23991
24190
23992
24191
23993
24192
23994
24193
23995
24194
23996
24195
23997
24196
23998
24197
23999
24198
24199
24001
24040
24200
24002
24041
24201
24003
24042
24202
24004
24043
24203
24005
24044
24204
24006
24045
24205
24007
24046
24206
24008
24047
24207
24009
24048
24208
24010
24049
24209
24011
24050
24210
24012
24051
24211
24013
24052
24212
24014
24053
24213
24015
24054
24214
24016
24055
24215
24017
24056
24216
24018
24057
24217
24019
24058
24218
24020
24059
24219
24021
24060
24220
24022
24061
24221
24023
24062
24222
24024
24063
24223
24025
24064
24224
24026
24065
24225
24027
24066
24226
24028
24067
24227
24029
24068
24228
24030
24069
24229
24031
24070
24230
24032
24071
24231
24033
24072
24232
24034
24073
24233
24035
24074
24234
24036
24075
24235
24037
24076
24236
24038
24077
24237
24039
24078
24238
24079
24239
24041
24080
24240
24042
24081
24241
24043
24082
24242
24044
24083
24243
24045
24084
24244
24046
24085
24245
24047
24086
24246
24048
24087
24247
24049
24088
24248
24050
24089
24249
24051
24090
24250
24052
24091
24251
24053
24092
24252
24054
24093
24253
24055
24094
24254
24056
24095
24255
24057
24096
24256
24058
24097
24257
24059
24098
24258
24060
24099
24259
24061
24100
24260
24062
24101
24261
24063
24102
24262
24064
24103
24263
24065
24104
24264
24066
24105
24265
24067
24106
24266
24068
24107
24267
24069
24108
24268
24070
24109
24269
24071
24110
24270
24072
24111
24271
24073
24112
24272
24074
24113
24273
24075
24114
24274
24076
24115
24275
24077
24116
24276
24078
24117
24277
24079
24118
24278
24119
24279
24081
24120
24280
24082
24121
24281
24083
24122
24282
24084
24123
24283
24085
24124
24284
24086
24125
24285
24087
24126
24286
24088
24127
24287
24089
24128
24288
24090
24129
24289
24091
24130
24290
24092
24131
24291
24093
24132
24292
24094
24133
24293
24095
24134
24294
24096
24135
24295
24097
24136
24296
24098
24137
24297
24099
24138
24298
24100
24139
24299
24101
24140
24300
24102
24141
24301
24103
24142
24302
24104
24143
24303
24105
24144
24304
24106
24145
24305
24107
24146
24306
24108
24147
24307
24109
24148
24308
24110
24149
24309
24111
24150
24310
24112
24151
24311
24113
24152
24312
24114
24153
24313
24115
24154
24314
24116
24155
24315
24117
24156
24316
24118
24157
24317
24119
24158
24318
24159
24319
24121
24160
24320
24122
24161
24321
24123
24162
24322
24124
24163
24323
24125
24164
24324
24126
24165
24325
24127
24166
24326
24128
24167
24327
24129
24168
24328
24130
24169
24329
24131
24170
24330
24132
24171
24331
24133
24172
24332
24134
24173
24333
24135
24174
24334
24136
24175
24335
24137
24176
24336
24138
24177
24337
24139
24178
24338
24140
24179
24339
24141
24180
24340
24142
24181
24341
24143
24182
24342
24144
24183
24343
24145
24184
24344
24146
24185
24345
24147
24186
24346
24148
24187
24347
24149
24188
24348
24150
24189
24349
24151
24190
24350
24152
24191
24351
24153
24192
24352
24154
24193
24353
24155
24194
24354
24156
24195
24355
24157
24196
24356
24158
24197
24357
24159
24198
24358
24199
24359
24161
24360
24162
24361
24163
24362
24164
24363
24165
24364
24166
24365
24167
24366
24168
24367
24169
24368
24170
24369
24171
24370
24172
24371
24173
24372
24174
24373
24175
24374
24176
24375
24177
24376
24178
24377
24179
24378
24180
24379
24181
24380
24182
24381
24183
24382
24184
24383
24185
24384
24186
24385
24187
24386
24188
24387
24189
24388
24190
24389
24191
24390
24192
24391
24193
24392
24194
24393
24195
24394
24196
24395
24197
24396
24198
24397
24199
24398
24399
24201
24240
24400
24202
24241
24401
24203
24242
24402
24204
24243
24403
24205
24244
24404
24206
24245
24405
24207
24246
24406
24208
24247
24407
24209
24248
24408
24210
24249
24409
24211
24250
24410
24212
24251
24411
24213
24252
24412
24214
24253
24413
24215
24254
24414
24216
24255
24415
24217
24256
24416
24218
24257
24417
24219
24258
24418
24220
24259
24419
24221
24260
24420
24222
24261
24421
24223
24262
24422
24224
24263
24423
24225
24264
24424
24226
24265
24425
24227
24266
24426
24228
24267
24427
24229
24268
24428
24230
24269
24429
24231
24270
24430
24232
24271
24431
24233
24272
24432
24234
24273
24433
24235
24274
24434
24236
24275
24435
24237
24276
24436
24238
24277
24437
24239
24278
24438
24279
24439
24241
24280
24440
24242
24281
24441
24243
24282
24442
24244
24283
24443
24245
24284
24444
24246
24285
24445
24247
24286
24446
24248
24287
24447
24249
24288
24448
24250
24289
24449
24251
24290
24450
24252
24291
24451
24253
24292
24452
24254
24293
24453
24255
24294
24454
24256
24295
24455
24257
24296
24456
24258
24297
24457
24259
24298
24458
24260
24299
24459
24261
24300
24460
24262
24301
24461
24263
24302
24462
24264
24303
24463
24265
24304
24464
24266
24305
24465
24267
24306
24466
24268
24307
24467
24269
24308
24468
24270
24309
24469
24271
24310
24470
24272
24311
24471
24273
24312
24472
24274
24313
24473
24275
24314
24474
24276
24315
24475
24277
24316
24476
24278
24317
24477
24279
24318
24478
24319
24479
24281
24320
24480
24282
24321
24481
24283
24322
24482
24284
24323
24483
24285
24324
24484
24286
24325
24485
24287
24326
24486
24288
24327
24487
24289
24328
24488
24290
24329
24489
24291
24330
24490
24292
24331
24491
24293
24332
24492
24294
24333
24493
24295
24334
24494
24296
24335
24495
24297
24336
24496
24298
24337
24497
24299
24338
24498
24300
24339
24499
24301
24340
24500
24302
24341
24501
24303
24342
24502
24304
24343
24503
24305
24344
24504
24306
24345
24505
24307
24346
24506
24308
24347
24507
24309
24348
24508
24310
24349
24509
24311
24350
24510
24312
24351
24511
24313
24352
24512
24314
24353
24513
24315
24354
24514
24316
24355
24515
24317
24356
24516
24318
24357
24517
24319
24358
24518
24359
24519
24321
24360
24520
24322
24361
24521
24323
24362
24522
24324
24363
24523
24325
24364
24524
24326
24365
24525
24327
24366
24526
24328
24367
24527
24329
24368
24528
24330
24369
24529
24331
24370
24530
24332
24371
24531
24333
24372
24532
24334
24373
24533
24335
24374
24534
24336
24375
24535
24337
24376
24536
24338
24377
24537
24339
24378
24538
24340
24379
24539
24341
24380
24540
24342
24381
24541
24343
24382
24542
24344
24383
24543
24345
24384
24544
24346
24385
24545
24347
24386
24546
24348
24387
24547
24349
24388
24548
24350
24389
24549
24351
24390
24550
24352
24391
24551
24353
24392
24552
24354
24393
24553
24355
24394
24554
24356
24395
24555
24357
24396
24556
24358
24397
24557
24359
24398
24558
24399
24559
24361
24560
24362
24561
24363
24562
24364
24563
24365
24564
24366
24565
24367
24566
24368
24567
24369
24568
24370
24569
24371
24570
24372
24571
24373
24572
24374
24573
24375
24574
24376
24575
24377
24576
24378
24577
24379
24578
24380
24579
24381
24580
24382
24581
24383
24582
24384
24583
24385
24584
24386
24585
24387
24586
24388
24587
24389
24588
24390
24589
24391
24590
24392
24591
24393
24592
24394
24593
24395
24594
24396
24595
24397
24596
24398
24597
24399
24598
24599
24401
24440
24600
24402
24441
24601
24403
24442
24602
24404
24443
24603
24405
24444
24604
24406
24445
24605
24407
24446
24606
24408
24447
24607
24409
24448
24608
24410
24449
24609
24411
24450
24610
24412
24451
24611
24413
24452
24612
24414
24453
24613
24415
24454
24614
24416
24455
24615
24417
24456
24616
24418
24457
24617
24419
24458
24618
24420
24459
24619
24421
24460
24620
24422
24461
24621
24423
24462
24622
24424
24463
24623
24425
24464
24624
24426
24465
24625
24427
24466
24626
24428
24467
24627
24429
24468
24628
24430
24469
24629
24431
24470
24630
24432
24471
24631
24433
24472
24632
24434
24473
24633
24435
24474
24634
24436
24475
24635
24437
24476
24636
24438
24477
24637
24439
24478
24638
24479
24639
24441
24480
24640
24442
24481
24641
24443
24482
24642
24444
24483
24643
24445
24484
24644
24446
24485
24645
24447
24486
24646
24448
24487
24647
24449
24488
24648
24450
24489
24649
24451
24490
24650
24452
24491
24651
24453
24492
24652
24454
24493
24653
24455
24494
24654
24456
24495
24655
24457
24496
24656
24458
24497
24657
24459
24498
24658
24460
24499
24659
24461
24500
24660
24462
24501
24661
24463
24502
24662
24464
24503
24663
24465
24504
24664
24466
24505
24665
24467
24506
24666
24468
24507
24667
24469
24508
24668
24470
24509
24669
24471
24510
24670
24472
24511
24671
24473
24512
24672
24474
24513
24673
24475
24514
24674
24476
24515
24675
24477
24516
24676
24478
24517
24677
24479
24518
24678
24519
24679
24481
24520
24680
24482
24521
24681
24483
24522
24682
24484
24523
24683
24485
24524
24684
24486
24525
24685
24487
24526
24686
24488
24527
24687
24489
24528
24688
24490
24529
24689
24491
24530
24690
24492
24531
24691
24493
24532
24692
24494
24533
24693
24495
24534
24694
24496
24535
24695
24497
24536
24696
24498
24537
24697
24499
24538
24698
24500
24539
24699
24501
24540
24700
24502
24541
24701
24503
24542
24702
24504
24543
24703
24505
24544
24704
24506
24545
24705
24507
24546
24706
24508
24547
24707
24509
24548
24708
24510
24549
24709
24511
24550
24710
24512
24551
24711
24513
24552
24712
24514
24553
24713
24515
24554
24714
24516
24555
24715
24517
24556
24716
24518
24557
24717
24519
24558
24718
24559
24719
24521
24560
24720
24522
24561
24721
24523
24562
24722
24524
24563
24723
24525
24564
24724
24526
24565
24725
24527
24566
24726
24528
24567
24727
24529
24568
24728
24530
24569
24729
24531
24570
24730
24532
24571
24731
24533
24572
24732
24534
24573
24733
24535
24574
24734
24536
24575
24735
24537
24576
24736
24538
24577
24737
24539
24578
24738
24540
24579
24739
24541
24580
24740
24542
24581
24741
24543
24582
24742
24544
24583
24743
24545
24584
24744
24546
24585
24745
24547
24586
24746
24548
24587
24747
24549
24588
24748
24550
24589
24749
24551
24590
24750
24552
24591
24751
24553
24592
24752
24554
24593
24753
24555
24594
24754
24556
24595
24755
24557
24596
24756
24558
24597
24757
24559
24598
24758
24599
24759
24561
24760
24562
24761
24563
24762
24564
24763
24565
24764
24566
24765
24567
24766
24568
24767
24569
24768
24570
24769
24571
24770
24572
24771
24573
24772
24574
24773
24575
24774
24576
24775
24577
24776
24578
24777
24579
24778
24580
24779
24581
24780
24582
24781
24583
24782
24584
24783
24585
24784
24586
24785
24587
24786
24588
24787
24589
24788
24590
24789
24591
24790
24592
24791
24593
24792
24594
24793
24595
24794
24596
24795
24597
24796
24598
24797
24599
24798
24799
24601
24640
24800
24602
24641
24801
24603
24642
24802
24604
24643
24803
24605
24644
24804
24606
24645
24805
24607
24646
24806
24608
24647
24807
24609
24648
24808
24610
24649
24809
24611
24650
24810
24612
24651
24811
24613
24652
24812
24614
24653
24813
24615
24654
24814
24616
24655
24815
24617
24656
24816
24618
24657
24817
24619
24658
24818
24620
24659
24819
24621
24660
24820
24622
24661
24821
24623
24662
24822
24624
24663
24823
24625
24664
24824
24626
24665
24825
24627
24666
24826
24628
24667
24827
24629
24668
24828
24630
24669
24829
24631
24670
24830
24632
24671
24831
24633
24672
24832
24634
24673
24833
24635
24674
24834
24636
24675
24835
24637
24676
24836
24638
24677
24837
24639
24678
24838
24679
24839
24641
24680
24840
24642
24681
24841
24643
24682
24842
24644
24683
24843
24645
24684
24844
24646
24685
24845
24647
24686
24846
24648
24687
24847
24649
24688
24848
24650
24689
24849
24651
24690
24850
24652
24691
24851
24653
24692
24852
24654
24693
24853
24655
24694
24854
24656
24695
24855
24657
24696
24856
24658
24697
24857
24659
24698
24858
24660
24699
24859
24661
24700
24860
24662
24701
24861
24663
24702
24862
24664
24703
24863
24665
24704
24864
24666
24705
24865
24667
24706
24866
24668
24707
24867
24669
24708
24868
24670
24709
24869
24671
24710
24870
24672
24711
24871
24673
24712
24872
24674
24713
24873
24675
24714
24874
24676
24715
24875
24677
24716
24876
24678
24717
24877
24679
24718
24878
24719
24879
24681
24720
24880
24682
24721
24881
24683
24722
24882
24684
24723
24883
24685
24724
24884
24686
24725
24885
24687
24726
24886
24688
24727
24887
24689
24728
24888
24690
24729
24889
24691
24730
24890
24692
24731
24891
24693
24732
24892
24694
24733
24893
24695
24734
24894
24696
24735
24895
24697
24736
24896
24698
24737
24897
24699
24738
24898
24700
24739
24899
24701
24740
24900
24702
24741
24901
24703
24742
24902
24704
24743
24903
24705
24744
24904
24706
24745
24905
24707
24746
24906
24708
24747
24907
24709
24748
24908
24710
24749
24909
24711
24750
24910
24712
24751
24911
24713
24752
24912
24714
24753
24913
24715
24754
24914
24716
24755
24915
24717
24756
24916
24718
24757
24917
24719
24758
24918
24759
24919
24721
24760
24920
24722
24761
24921
24723
24762
24922
24724
24763
24923
24725
24764
24924
24726
24765
24925
24727
24766
24926
24728
24767
24927
24729
24768
24928
24730
24769
24929
24731
24770
24930
24732
24771
24931
24733
24772
24932
24734
24773
24933
24735
24774
24934
24736
24775
24935
24737
24776
24936
24738
24777
24937
24739
24778
24938
24740
24779
24939
24741
24780
24940
24742
24781
24941
24743
24782
24942
24744
24783
24943
24745
24784
24944
24746
24785
24945
24747
24786
24946
24748
24787
24947
24749
24788
24948
24750
24789
24949
24751
24790
24950
24752
24791
24951
24753
24792
24952
24754
24793
24953
24755
24794
24954
24756
24795
24955
24757
24796
24956
24758
24797
24957
24759
24798
24958
24799
24959
24761
24960
24762
24961
24763
24962
24764
24963
24765
24964
24766
24965
24767
24966
24768
24967
24769
24968
24770
24969
24771
24970
24772
24971
24773
24972
24774
24973
24775
24974
24776
24975
24777
24976
24778
24977
24779
24978
24780
24979
24781
24980
24782
24981
24783
24982
24784
24983
24785
24984
24786
24985
24787
24986
24788
24987
24789
24988
24790
24989
24791
24990
24792
24991
24793
24992
24794
24993
24795
24994
24796
24995
24797
24996
24798
24997
24799
24998
24999
24801
24840
25000
24802
24841
25001
24803
24842
25002
24804
24843
25003
24805
24844
25004
24806
24845
25005
24807
24846
25006
24808
24847
25007
24809
24848
25008
24810
24849
25009
24811
24850
25010
24812
24851
25011
24813
24852
25012
24814
24853
25013
24815
24854
25014
24816
24855
25015
24817
24856
25016
24818
24857
25017
24819
24858
25018
24820
24859
25019
24821
24860
25020
24822
24861
25021
24823
24862
25022
24824
24863
25023
24825
24864
25024
24826
24865
25025
24827
24866
25026
24828
24867
25027
24829
24868
25028
24830
24869
25029
24831
24870
25030
24832
24871
25031
24833
24872
25032
24834
24873
25033
24835
24874
25034
24836
24875
25035
24837
24876
25036
24838
24877
25037
24839
24878
25038
24879
25039
24841
24880
25040
24842
24881
25041
24843
24882
25042
24844
24883
25043
24845
24884
25044
24846
24885
25045
24847
24886
25046
24848
24887
25047
24849
24888
25048
24850
24889
25049
24851
24890
25050
24852
24891
25051
24853
24892
25052
24854
24893
25053
24855
24894
25054
24856
24895
25055
24857
24896
25056
24858
24897
25057
24859
24898
25058
24860
24899
25059
24861
24900
25060
24862
24901
25061
24863
24902
25062
24864
24903
25063
24865
24904
25064
24866
24905
25065
24867
24906
25066
24868
24907
25067
24869
24908
25068
24870
24909
25069
24871
24910
25070
24872
24911
25071
24873
24912
25072
24874
24913
25073
24875
24914
25074
24876
24915
25075
24877
24916
25076
24878
24917
25077
24879
24918
25078
24919
25079
24881
24920
25080
24882
24921
25081
24883
24922
25082
24884
24923
25083
24885
24924
25084
24886
24925
25085
24887
24926
25086
24888
24927
25087
24889
24928
25088
24890
24929
25089
24891
24930
25090
24892
24931
25091
24893
24932
25092
24894
24933
25093
24895
24934
25094
24896
24935
25095
24897
24936
25096
24898
24937
25097
24899
24938
25098
24900
24939
25099
24901
24940
25100
24902
24941
25101
24903
24942
25102
24904
24943
25103
24905
24944
25104
24906
24945
25105
24907
24946
25106
24908
24947
25107
24909
24948
25108
24910
24949
25109
24911
24950
25110
24912
24951
25111
24913
24952
25112
24914
24953
25113
24915
24954
25114
24916
24955
25115
24917
24956
25116
24918
24957
25117
24919
24958
25118
24959
25119
24921
24960
25120
24922
24961
25121
24923
24962
25122
24924
24963
25123
24925
24964
25124
24926
24965
25125
24927
24966
25126
24928
24967
25127
24929
24968
25128
24930
24969
25129
24931
24970
25130
24932
24971
25131
24933
24972
25132
24934
24973
25133
24935
24974
25134
24936
24975
25135
24937
24976
25136
24938
24977
25137
24939
24978
25138
24940
24979
25139
24941
24980
25140
24942
24981
25141
24943
24982
25142
24944
24983
25143
24945
24984
25144
24946
24985
25145
24947
24986
25146
24948
24987
25147
24949
24988
25148
24950
24989
25149
24951
24990
25150
24952
24991
25151
24953
24992
25152
24954
24993
25153
24955
24994
25154
24956
24995
25155
24957
24996
25156
24958
24997
25157
24959
24998
25158
24999
25159
24961
25160
24962
25161
24963
25162
24964
25163
24965
25164
24966
25165
24967
25166
24968
25167
24969
25168
24970
25169
24971
25170
24972
25171
24973
25172
24974
25173
24975
25174
24976
25175
24977
25176
24978
25177
24979
25178
24980
25179
24981
25180
24982
25181
24983
25182
24984
25183
24985
25184
24986
25185
24987
25186
24988
25187
24989
25188
24990
25189
24991
25190
24992
25191
24993
25192
24994
25193
24995
25194
24996
25195
24997
25196
24998
25197
24999
25198
25199
25001
25040
25200
25002
25041
25201
25003
25042
25202
25004
25043
25203
25005
25044
25204
25006
25045
25205
25007
25046
25206
25008
25047
25207
25009
25048
25208
25010
25049
25209
25011
25050
25210
25012
25051
25211
25013
25052
25212
25014
25053
25213
25015
25054
25214
25016
25055
25215
25017
25056
25216
25018
25057
25217
25019
25058
25218
25020
25059
25219
25021
25060
25220
25022
25061
25221
25023
25062
25222
25024
25063
25223
25025
25064
25224
25026
25065
25225
25027
25066
25226
25028
25067
25227
25029
25068
25228
25030
25069
25229
25031
25070
25230
25032
25071
25231
25033
25072
25232
25034
25073
25233
25035
25074
25234
25036
25075
25235
25037
25076
25236
25038
25077
25237
25039
25078
25238
25079
25239
25041
25080
25240
25042
25081
25241
25043
25082
25242
25044
25083
25243
25045
25084
25244
25046
25085
25245
25047
25086
25246
25048
25087
25247
25049
25088
25248
25050
25089
25249
25051
25090
25250
25052
25091
25251
25053
25092
25252
25054
25093
25253
25055
25094
25254
25056
25095
25255
25057
25096
25256
25058
25097
25257
25059
25098
25258
25060
25099
25259
25061
25100
25260
25062
25101
25261
25063
25102
25262
25064
25103
25263
25065
25104
25264
25066
25105
25265
25067
25106
25266
25068
25107
25267
25069
25108
25268
25070
25109
25269
25071
25110
25270
25072
25111
25271
25073
25112
25272
25074
25113
25273
25075
25114
25274
25076
25115
25275
25077
25116
25276
25078
25117
25277
25079
25118
25278
25119
25279
25081
25120
25280
25082
25121
25281
25083
25122
25282
25084
25123
25283
25085
25124
25284
25086
25125
25285
25087
25126
25286
25088
25127
25287
25089
25128
25288
25090
25129
25289
25091
25130
25290
25092
25131
25291
25093
25132
25292
25094
25133
25293
25095
25134
25294
25096
25135
25295
25097
25136
25296
25098
25137
25297
25099
25138
25298
25100
25139
25299
25101
25140
25300
25102
25141
25301
25103
25142
25302
25104
25143
25303
25105
25144
25304
25106
25145
25305
25107
25146
25306
25108
25147
25307
25109
25148
25308
25110
25149
25309
25111
25150
25310
25112
25151
25311
25113
25152
25312
25114
25153
25313
25115
25154
25314
25116
25155
25315
25117
25156
25316
25118
25157
25317
25119
25158
25318
25159
25319
25121
25160
25320
25122
25161
25321
25123
25162
25322
25124
25163
25323
25125
25164
25324
25126
25165
25325
25127
25166
25326
25128
25167
25327
25129
25168
25328
25130
25169
25329
25131
25170
25330
25132
25171
25331
25133
25172
25332
25134
25173
25333
25135
25174
25334
25136
25175
25335
25137
25176
25336
25138
25177
25337
25139
25178
25338
25140
25179
25339
25141
25180
25340
25142
25181
25341
25143
25182
25342
25144
25183
25343
25145
25184
25344
25146
25185
25345
25147
25186
25346
25148
25187
25347
25149
25188
25348
25150
25189
25349
25151
25190
25350
25152
25191
25351
25153
25192
25352
25154
25193
25353
25155
25194
25354
25156
25195
25355
25157
25196
25356
25158
25197
25357
25159
25198
25358
25199
25359
25161
25360
25162
25361
25163
25362
25164
25363
25165
25364
25166
25365
25167
25366
25168
25367
25169
25368
25170
25369
25171
25370
25172
25371
25173
25372
25174
25373
25175
25374
25176
25375
25177
25376
25178
25377
25179
25378
25180
25379
25181
25380
25182
25381
25183
25382
25184
25383
25185
25384
25186
25385
25187
25386
25188
25387
25189
25388
25190
25389
25191
25390
25192
25391
25193
25392
25194
25393
25195
25394
25196
25395
25197
25396
25198
25397
25199
25398
25399
25201
25240
25400
25202
25241
25401
25203
25242
25402
25204
25243
25403
25205
25244
25404
25206
25245
25405
25207
25246
25406
25208
25247
25407
25209
25248
25408
25210
25249
25409
25211
25250
25410
25212
25251
25411
25213
25252
25412
25214
25253
25413
25215
25254
25414
25216
25255
25415
25217
25256
25416
25218
25257
25417
25219
25258
25418
25220
25259
25419
25221
25260
25420
25222
25261
25421
25223
25262
25422
25224
25263
25423
25225
25264
25424
25226
25265
25425
25227
25266
25426
25228
25267
25427
25229
25268
25428
25230
25269
25429
25231
25270
25430
25232
25271
25431
25233
25272
25432
25234
25273
25433
25235
25274
25434
25236
25275
25435
25237
25276
25436
25238
25277
25437
25239
25278
25438
25279
25439
25241
25280
25440
25242
25281
25441
25243
25282
25442
25244
25283
25443
25245
25284
25444
25246
25285
25445
25247
25286
25446
25248
25287
25447
25249
25288
25448
25250
25289
25449
25251
25290
25450
25252
25291
25451
25253
25292
25452
25254
25293
25453
25255
25294
25454
25256
25295
25455
25257
25296
25456
25258
25297
25457
25259
25298
25458
25260
25299
25459
25261
25300
25460
25262
25301
25461
25263
25302
25462
25264
25303
25463
25265
25304
25464
25266
25305
25465
25267
25306
25466
25268
25307
25467
25269
25308
25468
25270
25309
25469
25271
25310
25470
25272
25311
25471
25273
25312
25472
25274
25313
25473
25275
25314
25474
25276
25315
25475
25277
25316
25476
25278
25317
25477
25279
25318
25478
25319
25479
25281
25320
25480
25282
25321
25481
25283
25322
25482
25284
25323
25483
25285
25324
25484
25286
25325
25485
25287
25326
25486
25288
25327
25487
25289
25328
25488
25290
25329
25489
25291
25330
25490
25292
25331
25491
25293
25332
25492
25294
25333
25493
25295
25334
25494
25296
25335
25495
25297
25336
25496
25298
25337
25497
25299
25338
25498
25300
25339
25499
25301
25340
25500
25302
25341
25501
25303
25342
25502
25304
25343
25503
25305
25344
25504
25306
25345
25505
25307
25346
25506
25308
25347
25507
25309
25348
25508
25310
25349
25509
25311
25350
25510
25312
25351
25511
25313
25352
25512
25314
25353
25513
25315
25354
25514
25316
25355
25515
25317
25356
25516
25318
25357
25517
25319
25358
25518
25359
25519
25321
25360
25520
25322
25361
25521
25323
25362
25522
25324
25363
25523
25325
25364
25524
25326
25365
25525
25327
25366
25526
25328
25367
25527
25329
25368
25528
25330
25369
25529
25331
25370
25530
25332
25371
25531
25333
25372
25532
25334
25373
25533
25335
25374
25534
25336
25375
25535
25337
25376
25536
25338
25377
25537
25339
25378
25538
25340
25379
25539
25341
25380
25540
25342
25381
25541
25343
25382
25542
25344
25383
25543
25345
25384
25544
25346
25385
25545
25347
25386
25546
25348
25387
25547
25349
25388
25548
25350
25389
25549
25351
25390
25550
25352
25391
25551
25353
25392
25552
25354
25393
25553
25355
25394
25554
25356
25395
25555
25357
25396
25556
25358
25397
25557
25359
25398
25558
25399
25559
25361
25560
25362
25561
25363
25562
25364
25563
25365
25564
25366
25565
25367
25566
25368
25567
25369
25568
25370
25569
25371
25570
25372
25571
25373
25572
25374
25573
25375
25574
25376
25575
25377
25576
25378
25577
25379
25578
25380
25579
25381
25580
25382
25581
25383
25582
25384
25583
25385
25584
25386
25585
25387
25586
25388
25587
25389
25588
25390
25589
25391
25590
25392
25591
25393
25592
25394
25593
25395
25594
25396
25595
25397
25596
25398
25597
25399
25598
25599
25401
25440
25600
25402
25441
25601
25403
25442
25602
25404
25443
25603
25405
25444
25604
25406
25445
25605
25407
25446
25606
25408
25447
25607
25409
25448
25608
25410
25449
25609
25411
25450
25610
25412
25451
25611
25413
25452
25612
25414
25453
25613
25415
25454
25614
25416
25455
25615
25417
25456
25616
25418
25457
25617
25419
25458
25618
25420
25459
25619
25421
25460
25620
25422
25461
25621
25423
25462
25622
25424
25463
25623
25425
25464
25624
25426
25465
25625
25427
25466
25626
25428
25467
25627
25429
25468
25628
25430
25469
25629
25431
25470
25630
25432
25471
25631
25433
25472
25632
25434
25473
25633
25435
25474
25634
25436
25475
25635
25437
25476
25636
25438
25477
25637
25439
25478
25638
25479
25639
25441
25480
25640
25442
25481
25641
25443
25482
25642
25444
25483
25643
25445
25484
25644
25446
25485
25645
25447
25486
25646
25448
25487
25647
25449
25488
25648
25450
25489
25649
25451
25490
25650
25452
25491
25651
25453
25492
25652
25454
25493
25653
25455
25494
25654
25456
25495
25655
25457
25496
25656
25458
25497
25657
25459
25498
25658
25460
25499
25659
25461
25500
25660
25462
25501
25661
25463
25502
25662
25464
25503
25663
25465
25504
25664
25466
25505
25665
25467
25506
25666
25468
25507
25667
25469
25508
25668
25470
25509
25669
25471
25510
25670
25472
25511
25671
25473
25512
25672
25474
25513
25673
25475
25514
25674
25476
25515
25675
25477
25516
25676
25478
25517
25677
25479
25518
25678
25519
25679
25481
25520
25680
25482
25521
25681
25483
25522
25682
25484
25523
25683
25485
25524
25684
25486
25525
25685
25487
25526
25686
25488
25527
25687
25489
25528
25688
25490
25529
25689
25491
25530
25690
25492
25531
25691
25493
25532
25692
25494
25533
25693
25495
25534
25694
25496
25535
25695
25497
25536
25696
25498
25537
25697
25499
25538
25698
25500
25539
25699
25501
25540
25700
25502
25541
25701
25503
25542
25702
25504
25543
25703
25505
25544
25704
25506
25545
25705
25507
25546
25706
25508
25547
25707
25509
25548
25708
25510
25549
25709
25511
25550
25710
25512
25551
25711
25513
25552
25712
25514
25553
25713
25515
25554
25714
25516
25555
25715
25517
25556
25716
25518
25557
25717
25519
25558
25718
25559
25719
25521
25560
25720
25522
25561
25721
25523
25562
25722
25524
25563
25723
25525
25564
25724
25526
25565
25725
25527
25566
25726
25528
25567
25727
25529
25568
25728
25530
25569
25729
25531
25570
25730
25532
25571
25731
25533
25572
25732
25534
25573
25733
25535
25574
25734
25536
25575
25735
25537
25576
25736
25538
25577
25737
25539
25578
25738
25540
25579
25739
25541
25580
25740
25542
25581
25741
25543
25582
25742
25544
25583
25743
25545
25584
25744
25546
25585
25745
25547
25586
25746
25548
25587
25747
25549
25588
25748
25550
25589
25749
25551
25590
25750
25552
25591
25751
25553
25592
25752
25554
25593
25753
25555
25594
25754
25556
25595
25755
25557
25596
25756
25558
25597
25757
25559
25598
25758
25599
25759
25561
25760
25562
25761
25563
25762
25564
25763
25565
25764
25566
25765
25567
25766
25568
25767
25569
25768
25570
25769
25571
25770
25572
25771
25573
25772
25574
25773
25575
25774
25576
25775
25577
25776
25578
25777
25579
25778
25580
25779
25581
25780
25582
25781
25583
25782
25584
25783
25585
25784
25586
25785
25587
25786
25588
25787
25589
25788
25590
25789
25591
25790
25592
25791
25593
25792
25594
25793
25595
25794
25596
25795
25597
25796
25598
25797
25599
25798
25799
25601
25640
25800
25602
25641
25801
25603
25642
25802
25604
25643
25803
25605
25644
25804
25606
25645
25805
25607
25646
25806
25608
25647
25807
25609
25648
25808
25610
25649
25809
25611
25650
25810
25612
25651
25811
25613
25652
25812
25614
25653
25813
25615
25654
25814
25616
25655
25815
25617
25656
25816
25618
25657
25817
25619
25658
25818
25620
25659
25819
25621
25660
25820
25622
25661
25821
25623
25662
25822
25624
25663
25823
25625
25664
25824
25626
25665
25825
25627
25666
25826
25628
25667
25827
25629
25668
25828
25630
25669
25829
25631
25670
25830
25632
25671
25831
25633
25672
25832
25634
25673
25833
25635
25674
25834
25636
25675
25835
25637
25676
25836
25638
25677
25837
25639
25678
25838
25679
25839
25641
25680
25840
25642
25681
25841
25643
25682
25842
25644
25683
25843
25645
25684
25844
25646
25685
25845
25647
25686
25846
25648
25687
25847
25649
25688
25848
25650
25689
25849
25651
25690
25850
25652
25691
25851
25653
25692
25852
25654
25693
25853
25655
25694
25854
25656
25695
25855
25657
25696
25856
25658
25697
25857
25659
25698
25858
25660
25699
25859
25661
25700
25860
25662
25701
25861
25663
25702
25862
25664
25703
25863
25665
25704
25864
25666
25705
25865
25667
25706
25866
25668
25707
25867
25669
25708
25868
25670
25709
25869
25671
25710
25870
25672
25711
25871
25673
25712
25872
25674
25713
25873
25675
25714
25874
25676
25715
25875
25677
25716
25876
25678
25717
25877
25679
25718
25878
25719
25879
25681
25720
25880
25682
25721
25881
25683
25722
25882
25684
25723
25883
25685
25724
25884
25686
25725
25885
25687
25726
25886
25688
25727
25887
25689
25728
25888
25690
25729
25889
25691
25730
25890
25692
25731
25891
25693
25732
25892
25694
25733
25893
25695
25734
25894
25696
25735
25895
25697
25736
25896
25698
25737
25897
25699
25738
25898
25700
25739
25899
25701
25740
25900
25702
25741
25901
25703
25742
25902
25704
25743
25903
25705
25744
25904
25706
25745
25905
25707
25746
25906
25708
25747
25907
25709
25748
25908
25710
25749
25909
25711
25750
25910
25712
25751
25911
25713
25752
25912
25714
25753
25913
25715
25754
25914
25716
25755
25915
25717
25756
25916
25718
25757
25917
25719
25758
25918
25759
25919
25721
25760
25920
25722
25761
25921
25723
25762
25922
25724
25763
25923
25725
25764
25924
25726
25765
25925
25727
25766
25926
25728
25767
25927
25729
25768
25928
25730
25769
25929
25731
25770
25930
25732
25771
25931
25733
25772
25932
25734
25773
25933
25735
25774
25934
25736
25775
25935
25737
25776
25936
25738
25777
25937
25739
25778
25938
25740
25779
25939
25741
25780
25940
25742
25781
25941
25743
25782
25942
25744
25783
25943
25745
25784
25944
25746
25785
25945
25747
25786
25946
25748
25787
25947
25749
25788
25948
25750
25789
25949
25751
25790
25950
25752
25791
25951
25753
25792
25952
25754
25793
25953
25755
25794
25954
25756
25795
25955
25757
25796
25956
25758
25797
25957
25759
25798
25958
25799
25959
25761
25960
25762
25961
25763
25962
25764
25963
25765
25964
25766
25965
25767
25966
25768
25967
25769
25968
25770
25969
25771
25970
25772
25971
25773
25972
25774
25973
25775
25974
25776
25975
25777
25976
25778
25977
25779
25978
25780
25979
25781
25980
25782
25981
25783
25982
25784
25983
25785
25984
25786
25985
25787
25986
25788
25987
25789
25988
25790
25989
25791
25990
25792
25991
25793
25992
25794
25993
25795
25994
25796
25995
25797
25996
25798
25997
25799
25998
25999
25801
25840
26000
25802
25841
26001
25803
25842
26002
25804
25843
26003
25805
25844
26004
25806
25845
26005
25807
25846
26006
25808
25847
26007
25809
25848
26008
25810
25849
26009
25811
25850
26010
25812
25851
26011
25813
25852
26012
25814
25853
26013
25815
25854
26014
25816
25855
26015
25817
25856
26016
25818
25857
26017
25819
25858
26018
25820
25859
26019
25821
25860
26020
25822
25861
26021
25823
25862
26022
25824
25863
26023
25825
25864
26024
25826
25865
26025
25827
25866
26026
25828
25867
26027
25829
25868
26028
25830
25869
26029
25831
25870
26030
25832
25871
26031
25833
25872
26032
25834
25873
26033
25835
25874
26034
25836
25875
26035
25837
25876
26036
25838
25877
26037
25839
25878
26038
25879
26039
25841
25880
26040
25842
25881
26041
25843
25882
26042
25844
25883
26043
25845
25884
26044
25846
25885
26045
25847
25886
26046
25848
25887
26047
25849
25888
26048
25850
25889
26049
25851
25890
26050
25852
25891
26051
25853
25892
26052
25854
25893
26053
25855
25894
26054
25856
25895
26055
25857
25896
26056
25858
25897
26057
25859
25898
26058
25860
25899
26059
25861
25900
26060
25862
25901
26061
25863
25902
26062
25864
25903
26063
25865
25904
26064
25866
25905
26065
25867
25906
26066
25868
25907
26067
25869
25908
26068
25870
25909
26069
25871
25910
26070
25872
25911
26071
25873
25912
26072
25874
25913
26073
25875
25914
26074
25876
25915
26075
25877
25916
26076
25878
25917
26077
25879
25918
26078
25919
26079
25881
25920
26080
25882
25921
26081
25883
25922
26082
25884
25923
26083
25885
25924
26084
25886
25925
26085
25887
25926
26086
25888
25927
26087
25889
25928
26088
25890
25929
26089
25891
25930
26090
25892
25931
26091
25893
25932
26092
25894
25933
26093
25895
25934
26094
25896
25935
26095
25897
25936
26096
25898
25937
26097
25899
25938
26098
25900
25939
26099
25901
25940
26100
25902
25941
26101
25903
25942
26102
25904
25943
26103
25905
25944
26104
25906
25945
26105
25907
25946
26106
25908
25947
26107
25909
25948
26108
25910
25949
26109
25911
25950
26110
25912
25951
26111
25913
25952
26112
25914
25953
26113
25915
25954
26114
25916
25955
26115
25917
25956
26116
25918
25957
26117
25919
25958
26118
25959
26119
25921
25960
26120
25922
25961
26121
25923
25962
26122
25924
25963
26123
25925
25964
26124
25926
25965
26125
25927
25966
26126
25928
25967
26127
25929
25968
26128
25930
25969
26129
25931
25970
26130
25932
25971
26131
25933
25972
26132
25934
25973
26133
25935
25974
26134
25936
25975
26135
25937
25976
26136
25938
25977
26137
25939
25978
26138
25940
25979
26139
25941
25980
26140
25942
25981
26141
25943
25982
26142
25944
25983
26143
25945
25984
26144
25946
25985
26145
25947
25986
26146
25948
25987
26147
25949
25988
26148
25950
25989
26149
25951
25990
26150
25952
25991
26151
25953
25992
26152
25954
25993
26153
25955
25994
26154
25956
25995
26155
25957
25996
26156
25958
25997
26157
25959
25998
26158
25999
26159
25961
26160
25962
26161
25963
26162
25964
26163
25965
26164
25966
26165
25967
26166
25968
26167
25969
26168
25970
26169
25971
26170
25972
26171
25973
26172
25974
26173
25975
26174
25976
26175
25977
26176
25978
26177
25979
26178
25980
26179
25981
26180
25982
26181
25983
26182
25984
26183
25985
26184
25986
26185
25987
26186
25988
26187
25989
26188
25990
26189
25991
26190
25992
26191
25993
26192
25994
26193
25995
26194
25996
26195
25997
26196
25998
26197
25999
26198
26199
26001
26040
26200
26002
26041
26201
26003
26042
26202
26004
26043
26203
26005
26044
26204
26006
26045
26205
26007
26046
26206
26008
26047
26207
26009
26048
26208
26010
26049
26209
26011
26050
26210
26012
26051
26211
26013
26052
26212
26014
26053
26213
26015
26054
26214
26016
26055
26215
26017
26056
26216
26018
26057
26217
26019
26058
26218
26020
26059
26219
26021
26060
26220
26022
26061
26221
26023
26062
26222
26024
26063
26223
26025
26064
26224
26026
26065
26225
26027
26066
26226
26028
26067
26227
26029
26068
26228
26030
26069
26229
26031
26070
26230
26032
26071
26231
26033
26072
26232
26034
26073
26233
26035
26074
26234
26036
26075
26235
26037
26076
26236
26038
26077
26237
26039
26078
26238
26079
26239
26041
26080
26240
26042
26081
26241
26043
26082
26242
26044
26083
26243
26045
26084
26244
26046
26085
26245
26047
26086
26246
26048
26087
26247
26049
26088
26248
26050
26089
26249
26051
26090
26250
26052
26091
26251
26053
26092
26252
26054
26093
26253
26055
26094
26254
26056
26095
26255
26057
26096
26256
26058
26097
26257
26059
26098
26258
26060
26099
26259
26061
26100
26260
26062
26101
26261
26063
26102
26262
26064
26103
26263
26065
26104
26264
26066
26105
26265
26067
26106
26266
26068
26107
26267
26069
26108
26268
26070
26109
26269
26071
26110
26270
26072
26111
26271
26073
26112
26272
26074
26113
26273
26075
26114
26274
26076
26115
26275
26077
26116
26276
26078
26117
26277
26079
26118
26278
26119
26279
26081
26120
26280
26082
26121
26281
26083
26122
26282
26084
26123
26283
26085
26124
26284
26086
26125
26285
26087
26126
26286
26088
26127
26287
26089
26128
26288
26090
26129
26289
26091
26130
26290
26092
26131
26291
26093
26132
26292
26094
26133
26293
26095
26134
26294
26096
26135
26295
26097
26136
26296
26098
26137
26297
26099
26138
26298
26100
26139
26299
26101
26140
26300
26102
26141
26301
26103
26142
26302
26104
26143
26303
26105
26144
26304
26106
26145
26305
26107
26146
26306
26108
26147
26307
26109
26148
26308
26110
26149
26309
26111
26150
26310
26112
26151
26311
26113
26152
26312
26114
26153
26313
26115
26154
26314
26116
26155
26315
26117
26156
26316
26118
26157
26317
26119
26158
26318
26159
26319
26121
26160
26320
26122
26161
26321
26123
26162
26322
26124
26163
26323
26125
26164
26324
26126
26165
26325
26127
26166
26326
26128
26167
26327
26129
26168
26328
26130
26169
26329
26131
26170
26330
26132
26171
26331
26133
26172
26332
26134
26173
26333
26135
26174
26334
26136
26175
26335
26137
26176
26336
26138
26177
26337
26139
26178
26338
26140
26179
26339
26141
26180
26340
26142
26181
26341
26143
26182
26342
26144
26183
26343
26145
26184
26344
26146
26185
26345
26147
26186
26346
26148
26187
26347
26149
26188
26348
26150
26189
26349
26151
26190
26350
26152
26191
26351
26153
26192
26352
26154
26193
26353
26155
26194
26354
26156
26195
26355
26157
26196
26356
26158
26197
26357
26159
26198
26358
26199
26359
26161
26360
26162
26361
26163
26362
26164
26363
26165
26364
26166
26365
26167
26366
26168
26367
26169
26368
26170
26369
26171
26370
26172
26371
26173
26372
26174
26373
26175
26374
26176
26375
26177
26376
26178
26377
26179
26378
26180
26379
26181
26380
26182
26381
26183
26382
26184
26383
26185
26384
26186
26385
26187
26386
26188
26387
26189
26388
26190
26389
26191
26390
26192
26391
26193
26392
26194
26393
26195
26394
26196
26395
26197
26396
26198
26397
26199
26398
26399
26201
26240
26400
26202
26241
26401
26203
26242
26402
26204
26243
26403
26205
26244
26404
26206
26245
26405
26207
26246
26406
26208
26247
26407
26209
26248
26408
26210
26249
26409
26211
26250
26410
26212
26251
26411
26213
26252
26412
26214
26253
26413
26215
26254
26414
26216
26255
26415
26217
26256
26416
26218
26257
26417
26219
26258
26418
26220
26259
26419
26221
26260
26420
26222
26261
26421
26223
26262
26422
26224
26263
26423
26225
26264
26424
26226
26265
26425
26227
26266
26426
26228
26267
26427
26229
26268
26428
26230
26269
26429
26231
26270
26430
26232
26271
26431
26233
26272
26432
26234
26273
26433
26235
26274
26434
26236
26275
26435
26237
26276
26436
26238
26277
26437
26239
26278
26438
26279
26439
26241
26280
26440
26242
26281
26441
26243
26282
26442
26244
26283
26443
26245
26284
26444
26246
26285
26445
26247
26286
26446
26248
26287
26447
26249
26288
26448
26250
26289
26449
26251
26290
26450
26252
26291
26451
26253
26292
26452
26254
26293
26453
26255
26294
26454
26256
26295
26455
26257
26296
26456
26258
26297
26457
26259
26298
26458
26260
26299
26459
26261
26300
26460
26262
26301
26461
26263
26302
26462
26264
26303
26463
26265
26304
26464
26266
26305
26465
26267
26306
26466
26268
26307
26467
26269
26308
26468
26270
26309
26469
26271
26310
26470
26272
26311
26471
26273
26312
26472
26274
26313
26473
26275
26314
26474
26276
26315
26475
26277
26316
26476
26278
26317
26477
26279
26318
26478
26319
26479
26281
26320
26480
26282
26321
26481
26283
26322
26482
26284
26323
26483
26285
26324
26484
26286
26325
26485
26287
26326
26486
26288
26327
26487
26289
26328
26488
26290
26329
26489
26291
26330
26490
26292
26331
26491
26293
26332
26492
26294
26333
26493
26295
26334
26494
26296
26335
26495
26297
26336
26496
26298
26337
26497
26299
26338
26498
26300
26339
26499
26301
26340
26500
26302
26341
26501
26303
26342
26502
26304
26343
26503
26305
26344
26504
26306
26345
26505
26307
26346
26506
26308
26347
26507
26309
26348
26508
26310
26349
26509
26311
26350
26510
26312
26351
26511
26313
26352
26512
26314
26353
26513
26315
26354
26514
26316
26355
26515
26317
26356
26516
26318
26357
26517
26319
26358
26518
26359
26519
26321
26360
26520
26322
26361
26521
26323
26362
26522
26324
26363
26523
26325
26364
26524
26326
26365
26525
26327
26366
26526
26328
26367
26527
26329
26368
26528
26330
26369
26529
26331
26370
26530
26332
26371
26531
26333
26372
26532
26334
26373
26533
26335
26374
26534
26336
26375
26535
26337
26376
26536
26338
26377
26537
26339
26378
26538
26340
26379
26539
26341
26380
26540
26342
26381
26541
26343
26382
26542
26344
26383
26543
26345
26384
26544
26346
26385
26545
26347
26386
26546
26348
26387
26547
26349
26388
26548
26350
26389
26549
26351
26390
26550
26352
26391
26551
26353
26392
26552
26354
26393
26553
26355
26394
26554
26356
26395
26555
26357
26396
26556
26358
26397
26557
26359
26398
26558
26399
26559
26361
26560
26362
26561
26363
26562
26364
26563
26365
26564
26366
26565
26367
26566
26368
26567
26369
26568
26370
26569
26371
26570
26372
26571
26373
26572
26374
26573
26375
26574
26376
26575
26377
26576
26378
26577
26379
26578
26380
26579
26381
26580
26382
26581
26383
26582
26384
26583
26385
26584
26386
26585
26387
26586
26388
26587
26389
26588
26390
26589
26391
26590
26392
26591
26393
26592
26394
26593
26395
26594
26396
26595
26397
26596
26398
26597
26399
26598
26599
26401
26440
26600
26402
26441
26601
26403
26442
26602
26404
26443
26603
26405
26444
26604
26406
26445
26605
26407
26446
26606
26408
26447
26607
26409
26448
26608
26410
26449
26609
26411
26450
26610
26412
26451
26611
26413
26452
26612
26414
26453
26613
26415
26454
26614
26416
26455
26615
26417
26456
26616
26418
26457
26617
26419
26458
26618
26420
26459
26619
26421
26460
26620
26422
26461
26621
26423
26462
26622
26424
26463
26623
26425
26464
26624
26426
26465
26625
26427
26466
26626
26428
26467
26627
26429
26468
26628
26430
26469
26629
26431
26470
26630
26432
26471
26631
26433
26472
26632
26434
26473
26633
26435
26474
26634
26436
26475
26635
26437
26476
26636
26438
26477
26637
26439
26478
26638
26479
26639
26441
26480
26640
26442
26481
26641
26443
26482
26642
26444
26483
26643
26445
26484
26644
26446
26485
26645
26447
26486
26646
26448
26487
26647
26449
26488
26648
26450
26489
26649
26451
26490
26650
26452
26491
26651
26453
26492
26652
26454
26493
26653
26455
26494
26654
26456
26495
26655
26457
26496
26656
26458
26497
26657
26459
26498
26658
26460
26499
26659
26461
26500
26660
26462
26501
26661
26463
26502
26662
26464
26503
26663
26465
26504
26664
26466
26505
26665
26467
26506
26666
26468
26507
26667
26469
26508
26668
26470
26509
26669
26471
26510
26670
26472
26511
26671
26473
26512
26672
26474
26513
26673
26475
26514
26674
26476
26515
26675
26477
26516
26676
26478
26517
26677
26479
26518
26678
26519
26679
26481
26520
26680
26482
26521
26681
26483
26522
26682
26484
26523
26683
26485
26524
26684
26486
26525
26685
26487
26526
26686
26488
26527
26687
26489
26528
26688
26490
26529
26689
26491
26530
26690
26492
26531
26691
26493
26532
26692
26494
26533
26693
26495
26534
26694
26496
26535
26695
26497
26536
26696
26498
26537
26697
26499
26538
26698
26500
26539
26699
26501
26540
26700
26502
26541
26701
26503
26542
26702
26504
26543
26703
26505
26544
26704
26506
26545
26705
26507
26546
26706
26508
26547
26707
26509
26548
26708
26510
26549
26709
26511
26550
26710
26512
26551
26711
26513
26552
26712
26514
26553
26713
26515
26554
26714
26516
26555
26715
26517
26556
26716
26518
26557
26717
26519
26558
26718
26559
26719
26521
26560
26720
26522
26561
26721
26523
26562
26722
26524
26563
26723
26525
26564
26724
26526
26565
26725
26527
26566
26726
26528
26567
26727
26529
26568
26728
26530
26569
26729
26531
26570
26730
26532
26571
26731
26533
26572
26732
26534
26573
26733
26535
26574
26734
26536
26575
26735
26537
26576
26736
26538
26577
26737
26539
26578
26738
26540
26579
26739
26541
26580
26740
26542
26581
26741
26543
26582
26742
26544
26583
26743
26545
26584
26744
26546
26585
26745
26547
26586
26746
26548
26587
26747
26549
26588
26748
26550
26589
26749
26551
26590
26750
26552
26591
26751
26553
26592
26752
26554
26593
26753
26555
26594
26754
26556
26595
26755
26557
26596
26756
26558
26597
26757
26559
26598
26758
26599
26759
26561
26760
26562
26761
26563
26762
26564
26763
26565
26764
26566
26765
26567
26766
26568
26767
26569
26768
26570
26769
26571
26770
26572
26771
26573
26772
26574
26773
26575
26774
26576
26775
26577
26776
26578
26777
26579
26778
26580
26779
26581
26780
26582
26781
26583
26782
26584
26783
26585
26784
26586
26785
26587
26786
26588
26787
26589
26788
26590
26789
26591
26790
26592
26791
26593
26792
26594
26793
26595
26794
26596
26795
26597
26796
26598
26797
26599
26798
26799
26601
26640
26800
26602
26641
26801
26603
26642
26802
26604
26643
26803
26605
26644
26804
26606
26645
26805
26607
26646
26806
26608
26647
26807
26609
26648
26808
26610
26649
26809
26611
26650
26810
26612
26651
26811
26613
26652
26812
26614
26653
26813
26615
26654
26814
26616
26655
26815
26617
26656
26816
26618
26657
26817
26619
26658
26818
26620
26659
26819
26621
26660
26820
26622
26661
26821
26623
26662
26822
26624
26663
26823
26625
26664
26824
26626
26665
26825
26627
26666
26826
26628
26667
26827
26629
26668
26828
26630
26669
26829
26631
26670
26830
26632
26671
26831
26633
26672
26832
26634
26673
26833
26635
26674
26834
26636
26675
26835
26637
26676
26836
26638
26677
26837
26639
26678
26838
26679
26839
26641
26680
26840
26642
26681
26841
26643
26682
26842
26644
26683
26843
26645
26684
26844
26646
26685
26845
26647
26686
26846
26648
26687
26847
26649
26688
26848
26650
26689
26849
26651
26690
26850
26652
26691
26851
26653
26692
26852
26654
26693
26853
26655
26694
26854
26656
26695
26855
26657
26696
26856
26658
26697
26857
26659
26698
26858
26660
26699
26859
26661
26700
26860
26662
26701
26861
26663
26702
26862
26664
26703
26863
26665
26704
26864
26666
26705
26865
26667
26706
26866
26668
26707
26867
26669
26708
26868
26670
26709
26869
26671
26710
26870
26672
26711
26871
26673
26712
26872
26674
26713
26873
26675
26714
26874
26676
26715
26875
26677
26716
26876
26678
26717
26877
26679
26718
26878
26719
26879
26681
26720
26880
26682
26721
26881
26683
26722
26882
26684
26723
26883
26685
26724
26884
26686
26725
26885
26687
26726
26886
26688
26727
26887
26689
26728
26888
26690
26729
26889
26691
26730
26890
26692
26731
26891
26693
26732
26892
26694
26733
26893
26695
26734
26894
26696
26735
26895
26697
26736
26896
26698
26737
26897
26699
26738
26898
26700
26739
26899
26701
26740
26900
26702
26741
26901
26703
26742
26902
26704
26743
26903
26705
26744
26904
26706
26745
26905
26707
26746
26906
26708
26747
26907
26709
26748
26908
26710
26749
26909
26711
26750
26910
26712
26751
26911
26713
26752
26912
26714
26753
26913
26715
26754
26914
26716
26755
26915
26717
26756
26916
26718
26757
26917
26719
26758
26918
26759
26919
26721
26760
26920
26722
26761
26921
26723
26762
26922
26724
26763
26923
26725
26764
26924
26726
26765
26925
26727
26766
26926
26728
26767
26927
26729
26768
26928
26730
26769
26929
26731
26770
26930
26732
26771
26931
26733
26772
26932
26734
26773
26933
26735
26774
26934
26736
26775
26935
26737
26776
26936
26738
26777
26937
26739
26778
26938
26740
26779
26939
26741
26780
26940
26742
26781
26941
26743
26782
26942
26744
26783
26943
26745
26784
26944
26746
26785
26945
26747
26786
26946
26748
26787
26947
26749
26788
26948
26750
26789
26949
26751
26790
26950
26752
26791
26951
26753
26792
26952
26754
26793
26953
26755
26794
26954
26756
26795
26955
26757
26796
26956
26758
26797
26957
26759
26798
26958
26799
26959
26761
26960
26762
26961
26763
26962
26764
26963
26765
26964
26766
26965
26767
26966
26768
26967
26769
26968
26770
26969
26771
26970
26772
26971
26773
26972
26774
26973
26775
26974
26776
26975
26777
26976
26778
26977
26779
26978
26780
26979
26781
26980
26782
26981
26783
26982
26784
26983
26785
26984
26786
26985
26787
26986
26788
26987
26789
26988
26790
26989
26791
26990
26792
26991
26793
26992
26794
26993
26795
26994
26796
26995
26797
26996
26798
26997
26799
26998
26999
26801
26840
27000
26802
26841
27001
26803
26842
27002
26804
26843
27003
26805
26844
27004
26806
26845
27005
26807
26846
27006
26808
26847
27007
26809
26848
27008
26810
26849
27009
26811
26850
27010
26812
26851
27011
26813
26852
27012
26814
26853
27013
26815
26854
27014
26816
26855
27015
26817
26856
27016
26818
26857
27017
26819
26858
27018
26820
26859
27019
26821
26860
27020
26822
26861
27021
26823
26862
27022
26824
26863
27023
26825
26864
27024
26826
26865
27025
26827
26866
27026
26828
26867
27027
26829
26868
27028
26830
26869
27029
26831
26870
27030
26832
26871
27031
26833
26872
27032
26834
26873
27033
26835
26874
27034
26836
26875
27035
26837
26876
27036
26838
26877
27037
26839
26878
27038
26879
27039
26841
26880
27040
26842
26881
27041
26843
26882
27042
26844
26883
27043
26845
26884
27044
26846
26885
27045
26847
26886
27046
26848
26887
27047
26849
26888
27048
26850
26889
27049
26851
26890
27050
26852
26891
27051
26853
26892
27052
26854
26893
27053
26855
26894
27054
26856
26895
27055
26857
26896
27056
26858
26897
27057
26859
26898
27058
26860
26899
27059
26861
26900
27060
26862
26901
27061
26863
26902
27062
26864
26903
27063
26865
26904
27064
26866
26905
27065
26867
26906
27066
26868
26907
27067
26869
26908
27068
26870
26909
27069
26871
26910
27070
26872
26911
27071
26873
26912
27072
26874
26913
27073
26875
26914
27074
26876
26915
27075
26877
26916
27076
26878
26917
27077
26879
26918
27078
26919
27079
26881
26920
27080
26882
26921
27081
26883
26922
27082
26884
26923
27083
26885
26924
27084
26886
26925
27085
26887
26926
27086
26888
26927
27087
26889
26928
27088
26890
26929
27089
26891
26930
27090
26892
26931
27091
26893
26932
27092
26894
26933
27093
26895
26934
27094
26896
26935
27095
26897
26936
27096
26898
26937
27097
26899
26938
27098
26900
26939
27099
26901
26940
27100
26902
26941
27101
26903
26942
27102
26904
26943
27103
26905
26944
27104
26906
26945
27105
26907
26946
27106
26908
26947
27107
26909
26948
27108
26910
26949
27109
26911
26950
27110
26912
26951
27111
26913
26952
27112
26914
26953
27113
26915
26954
27114
26916
26955
27115
26917
26956
27116
26918
26957
27117
26919
26958
27118
26959
27119
26921
26960
27120
26922
26961
27121
26923
26962
27122
26924
26963
27123
26925
26964
27124
26926
26965
27125
26927
26966
27126
26928
26967
27127
26929
26968
27128
26930
26969
27129
26931
26970
27130
26932
26971
27131
26933
26972
27132
26934
26973
27133
26935
26974
27134
26936
26975
27135
26937
26976
27136
26938
26977
27137
26939
26978
27138
26940
26979
27139
26941
26980
27140
26942
26981
27141
26943
26982
27142
26944
26983
27143
26945
26984
27144
26946
26985
27145
26947
26986
27146
26948
26987
27147
26949
26988
27148
26950
26989
27149
26951
26990
27150
26952
26991
27151
26953
26992
27152
26954
26993
27153
26955
26994
27154
26956
26995
27155
26957
26996
27156
26958
26997
27157
26959
26998
27158
26999
27159
26961
27160
26962
27161
26963
27162
26964
27163
26965
27164
26966
27165
26967
27166
26968
27167
26969
27168
26970
27169
26971
27170
26972
27171
26973
27172
26974
27173
26975
27174
26976
27175
26977
27176
26978
27177
26979
27178
26980
27179
26981
27180
26982
27181
26983
27182
26984
27183
26985
27184
26986
27185
26987
27186
26988
27187
26989
27188
26990
27189
26991
27190
26992
27191
26993
27192
26994
27193
26995
27194
26996
27195
26997
27196
26998
27197
26999
27198
27199
27001
27040
27200
27002
27041
27201
27003
27042
27202
27004
27043
27203
27005
27044
27204
27006
27045
27205
27007
27046
27206
27008
27047
27207
27009
27048
27208
27010
27049
27209
27011
27050
27210
27012
27051
27211
27013
27052
27212
27014
27053
27213
27015
27054
27214
27016
27055
27215
27017
27056
27216
27018
27057
27217
27019
27058
27218
27020
27059
27219
27021
27060
27220
27022
27061
27221
27023
27062
27222
27024
27063
27223
27025
27064
27224
27026
27065
27225
27027
27066
27226
27028
27067
27227
27029
27068
27228
27030
27069
27229
27031
27070
27230
27032
27071
27231
27033
27072
27232
27034
27073
27233
27035
27074
27234
27036
27075
27235
27037
27076
27236
27038
27077
27237
27039
27078
27238
27079
27239
27041
27080
27240
27042
27081
27241
27043
27082
27242
27044
27083
27243
27045
27084
27244
27046
27085
27245
27047
27086
27246
27048
27087
27247
27049
27088
27248
27050
27089
27249
27051
27090
27250
27052
27091
27251
27053
27092
27252
27054
27093
27253
27055
27094
27254
27056
27095
27255
27057
27096
27256
27058
27097
27257
27059
27098
27258
27060
27099
27259
27061
27100
27260
27062
27101
27261
27063
27102
27262
27064
27103
27263
27065
27104
27264
27066
27105
27265
27067
27106
27266
27068
27107
27267
27069
27108
27268
27070
27109
27269
27071
27110
27270
27072
27111
27271
27073
27112
27272
27074
27113
27273
27075
27114
27274
27076
27115
27275
27077
27116
27276
27078
27117
27277
27079
27118
27278
27119
27279
27081
27120
27280
27082
27121
27281
27083
27122
27282
27084
27123
27283
27085
27124
27284
27086
27125
27285
27087
27126
27286
27088
27127
27287
27089
27128
27288
27090
27129
27289
27091
27130
27290
27092
27131
27291
27093
27132
27292
27094
27133
27293
27095
27134
27294
27096
27135
27295
27097
27136
27296
27098
27137
27297
27099
27138
27298
27100
27139
27299
27101
27140
27300
27102
27141
27301
27103
27142
27302
27104
27143
27303
27105
27144
27304
27106
27145
27305
27107
27146
27306
27108
27147
27307
27109
27148
27308
27110
27149
27309
27111
27150
27310
27112
27151
27311
27113
27152
27312
27114
27153
27313
27115
27154
27314
27116
27155
27315
27117
27156
27316
27118
27157
27317
27119
27158
27318
27159
27319
27121
27160
27320
27122
27161
27321
27123
27162
27322
27124
27163
27323
27125
27164
27324
27126
27165
27325
27127
27166
27326
27128
27167
27327
27129
27168
27328
27130
27169
27329
27131
27170
27330
27132
27171
27331
27133
27172
27332
27134
27173
27333
27135
27174
27334
27136
27175
27335
27137
27176
27336
27138
27177
27337
27139
27178
27338
27140
27179
27339
27141
27180
27340
27142
27181
27341
27143
27182
27342
27144
27183
27343
27145
27184
27344
27146
27185
27345
27147
27186
27346
27148
27187
27347
27149
27188
27348
27150
27189
27349
27151
27190
27350
27152
27191
27351
27153
27192
27352
27154
27193
27353
27155
27194
27354
27156
27195
27355
27157
27196
27356
27158
27197
27357
27159
27198
27358
27199
27359
27161
27360
27162
27361
27163
27362
27164
27363
27165
27364
27166
27365
27167
27366
27168
27367
27169
27368
27170
27369
27171
27370
27172
27371
27173
27372
27174
27373
27175
27374
27176
27375
27177
27376
27178
27377
27179
27378
27180
27379
27181
27380
27182
27381
27183
27382
27184
27383
27185
27384
27186
27385
27187
27386
27188
27387
27189
27388
27190
27389
27191
27390
27192
27391
27193
27392
27194
27393
27195
27394
27196
27395
27197
27396
27198
27397
27199
27398
27399
27201
27240
27400
27202
27241
27401
27203
27242
27402
27204
27243
27403
27205
27244
27404
27206
27245
27405
27207
27246
27406
27208
27247
27407
27209
27248
27408
27210
27249
27409
27211
27250
27410
27212
27251
27411
27213
27252
27412
27214
27253
27413
27215
27254
27414
27216
27255
27415
27217
27256
27416
27218
27257
27417
27219
27258
27418
27220
27259
27419
27221
27260
27420
27222
27261
27421
27223
27262
27422
27224
27263
27423
27225
27264
27424
27226
27265
27425
27227
27266
27426
27228
27267
27427
27229
27268
27428
27230
27269
27429
27231
27270
27430
27232
27271
27431
27233
27272
27432
27234
27273
27433
27235
27274
27434
27236
27275
27435
27237
27276
27436
27238
27277
27437
27239
27278
27438
27279
27439
27241
27280
27440
27242
27281
27441
27243
27282
27442
27244
27283
27443
27245
27284
27444
27246
27285
27445
27247
27286
27446
27248
27287
27447
27249
27288
27448
27250
27289
27449
27251
27290
27450
27252
27291
27451
27253
27292
27452
27254
27293
27453
27255
27294
27454
27256
27295
27455
27257
27296
27456
27258
27297
27457
27259
27298
27458
27260
27299
27459
27261
27300
27460
27262
27301
27461
27263
27302
27462
27264
27303
27463
27265
27304
27464
27266
27305
27465
27267
27306
27466
27268
27307
27467
27269
27308
27468
27270
27309
27469
27271
27310
27470
27272
27311
27471
27273
27312
27472
27274
27313
27473
27275
27314
27474
27276
27315
27475
27277
27316
27476
27278
27317
27477
27279
27318
27478
27319
27479
27281
27320
27480
27282
27321
27481
27283
27322
27482
27284
27323
27483
27285
27324
27484
27286
27325
27485
27287
27326
27486
27288
27327
27487
27289
27328
27488
27290
27329
27489
27291
27330
27490
27292
27331
27491
27293
27332
27492
27294
27333
27493
27295
27334
27494
27296
27335
27495
27297
27336
27496
27298
27337
27497
27299
27338
27498
27300
27339
27499
27301
27340
27500
27302
27341
27501
27303
27342
27502
27304
27343
27503
27305
27344
27504
27306
27345
27505
27307
27346
27506
27308
27347
27507
27309
27348
27508
27310
27349
27509
27311
27350
27510
27312
27351
27511
27313
27352
27512
27314
27353
27513
27315
27354
27514
27316
27355
27515
27317
27356
27516
27318
27357
27517
27319
27358
27518
27359
27519
27321
27360
27520
27322
27361
27521
27323
27362
27522
27324
27363
27523
27325
27364
27524
27326
27365
27525
27327
27366
27526
27328
27367
27527
27329
27368
27528
27330
27369
27529
27331
27370
27530
27332
27371
27531
27333
27372
27532
27334
27373
27533
27335
27374
27534
27336
27375
27535
27337
27376
27536
27338
27377
27537
27339
27378
27538
27340
27379
27539
27341
27380
27540
27342
27381
27541
27343
27382
27542
27344
27383
27543
27345
27384
27544
27346
27385
27545
27347
27386
27546
27348
27387
27547
27349
27388
27548
27350
27389
27549
27351
27390
27550
27352
27391
27551
27353
27392
27552
27354
27393
27553
27355
27394
27554
27356
27395
27555
27357
27396
27556
27358
27397
27557
27359
27398
27558
27399
27559
27361
27560
27362
27561
27363
27562
27364
27563
27365
27564
27366
27565
27367
27566
27368
27567
27369
27568
27370
27569
27371
27570
27372
27571
27373
27572
27374
27573
27375
27574
27376
27575
27377
27576
27378
27577
27379
27578
27380
27579
27381
27580
27382
27581
27383
27582
27384
27583
27385
27584
27386
27585
27387
27586
27388
27587
27389
27588
27390
27589
27391
27590
27392
27591
27393
27592
27394
27593
27395
27594
27396
27595
27397
27596
27398
27597
27399
27598
27599
27401
27440
27600
27402
27441
27601
27403
27442
27602
27404
27443
27603
27405
27444
27604
27406
27445
27605
27407
27446
27606
27408
27447
27607
27409
27448
27608
27410
27449
27609
27411
27450
27610
27412
27451
27611
27413
27452
27612
27414
27453
27613
27415
27454
27614
27416
27455
27615
27417
27456
27616
27418
27457
27617
27419
27458
27618
27420
27459
27619
27421
27460
27620
27422
27461
27621
27423
27462
27622
27424
27463
27623
27425
27464
27624
27426
27465
27625
27427
27466
27626
27428
27467
27627
27429
27468
27628
27430
27469
27629
27431
27470
27630
27432
27471
27631
27433
27472
27632
27434
27473
27633
27435
27474
27634
27436
27475
27635
27437
27476
27636
27438
27477
27637
27439
27478
27638
27479
27639
27441
27480
27640
27442
27481
27641
27443
27482
27642
27444
27483
27643
27445
27484
27644
27446
27485
27645
27447
27486
27646
27448
27487
27647
27449
27488
27648
27450
27489
27649
27451
27490
27650
27452
27491
27651
27453
27492
27652
27454
27493
27653
27455
27494
27654
27456
27495
27655
27457
27496
27656
27458
27497
27657
27459
27498
27658
27460
27499
27659
27461
27500
27660
27462
27501
27661
27463
27502
27662
27464
27503
27663
27465
27504
27664
27466
27505
27665
27467
27506
27666
27468
27507
27667
27469
27508
27668
27470
27509
27669
27471
27510
27670
27472
27511
27671
27473
27512
27672
27474
27513
27673
27475
27514
27674
27476
27515
27675
27477
27516
27676
27478
27517
27677
27479
27518
27678
27519
27679
27481
27520
27680
27482
27521
27681
27483
27522
27682
27484
27523
27683
27485
27524
27684
27486
27525
27685
27487
27526
27686
27488
27527
27687
27489
27528
27688
27490
27529
27689
27491
27530
27690
27492
27531
27691
27493
27532
27692
27494
27533
27693
27495
27534
27694
27496
27535
27695
27497
27536
27696
27498
27537
27697
27499
27538
27698
27500
27539
27699
27501
27540
27700
27502
27541
27701
27503
27542
27702
27504
27543
27703
27505
27544
27704
27506
27545
27705
27507
27546
27706
27508
27547
27707
27509
27548
27708
27510
27549
27709
27511
27550
27710
27512
27551
27711
27513
27552
27712
27514
27553
27713
27515
27554
27714
27516
27555
27715
27517
27556
27716
27518
27557
27717
27519
27558
27718
27559
27719
27521
27560
27720
27522
27561
27721
27523
27562
27722
27524
27563
27723
27525
27564
27724
27526
27565
27725
27527
27566
27726
27528
27567
27727
27529
27568
27728
27530
27569
27729
27531
27570
27730
27532
27571
27731
27533
27572
27732
27534
27573
27733
27535
27574
27734
27536
27575
27735
27537
27576
27736
27538
27577
27737
27539
27578
27738
27540
27579
27739
27541
27580
27740
27542
27581
27741
27543
27582
27742
27544
27583
27743
27545
27584
27744
27546
27585
27745
27547
27586
27746
27548
27587
27747
27549
27588
27748
27550
27589
27749
27551
27590
27750
27552
27591
27751
27553
27592
27752
27554
27593
27753
27555
27594
27754
27556
27595
27755
27557
27596
27756
27558
27597
27757
27559
27598
27758
27599
27759
27561
27760
27562
27761
27563
27762
27564
27763
27565
27764
27566
27765
27567
27766
27568
27767
27569
27768
27570
27769
27571
27770
27572
27771
27573
27772
27574
27773
27575
27774
27576
27775
27577
27776
27578
27777
27579
27778
27580
27779
27581
27780
27582
27781
27583
27782
27584
27783
27585
27784
27586
27785
27587
27786
27588
27787
27589
27788
27590
27789
27591
27790
27592
27791
27593
27792
27594
27793
27595
27794
27596
27795
27597
27796
27598
27797
27599
27798
27799
27601
27640
27800
27602
27641
27801
27603
27642
27802
27604
27643
27803
27605
27644
27804
27606
27645
27805
27607
27646
27806
27608
27647
27807
27609
27648
27808
27610
27649
27809
27611
27650
27810
27612
27651
27811
27613
27652
27812
27614
27653
27813
27615
27654
27814
27616
27655
27815
27617
27656
27816
27618
27657
27817
27619
27658
27818
27620
27659
27819
27621
27660
27820
27622
27661
27821
27623
27662
27822
27624
27663
27823
27625
27664
27824
27626
27665
27825
27627
27666
27826
27628
27667
27827
27629
27668
27828
27630
27669
27829
27631
27670
27830
27632
27671
27831
27633
27672
27832
27634
27673
27833
27635
27674
27834
27636
27675
27835
27637
27676
27836
27638
27677
27837
27639
27678
27838
27679
27839
27641
27680
27840
27642
27681
27841
27643
27682
27842
27644
27683
27843
27645
27684
27844
27646
27685
27845
27647
27686
27846
27648
27687
27847
27649
27688
27848
27650
27689
27849
27651
27690
27850
27652
27691
27851
27653
27692
27852
27654
27693
27853
27655
27694
27854
27656
27695
27855
27657
27696
27856
27658
27697
27857
27659
27698
27858
27660
27699
27859
27661
27700
27860
27662
27701
27861
27663
27702
27862
27664
27703
27863
27665
27704
27864
27666
27705
27865
27667
27706
27866
27668
27707
27867
27669
27708
27868
27670
27709
27869
27671
27710
27870
27672
27711
27871
27673
27712
27872
27674
27713
27873
27675
27714
27874
27676
27715
27875
27677
27716
27876
27678
27717
27877
27679
27718
27878
27719
27879
27681
27720
27880
27682
27721
27881
27683
27722
27882
27684
27723
27883
27685
27724
27884
27686
27725
27885
27687
27726
27886
27688
27727
27887
27689
27728
27888
27690
27729
27889
27691
27730
27890
27692
27731
27891
27693
27732
27892
27694
27733
27893
27695
27734
27894
27696
27735
27895
27697
27736
27896
27698
27737
27897
27699
27738
27898
27700
27739
27899
27701
27740
27900
27702
27741
27901
27703
27742
27902
27704
27743
27903
27705
27744
27904
27706
27745
27905
27707
27746
27906
27708
27747
27907
27709
27748
27908
27710
27749
27909
27711
27750
27910
27712
27751
27911
27713
27752
27912
27714
27753
27913
27715
27754
27914
27716
27755
27915
27717
27756
27916
27718
27757
27917
27719
27758
27918
27759
27919
27721
27760
27920
27722
27761
27921
27723
27762
27922
27724
27763
27923
27725
27764
27924
27726
27765
27925
27727
27766
27926
27728
27767
27927
27729
27768
27928
27730
27769
27929
27731
27770
27930
27732
27771
27931
27733
27772
27932
27734
27773
27933
27735
27774
27934
27736
27775
27935
27737
27776
27936
27738
27777
27937
27739
27778
27938
27740
27779
27939
27741
27780
27940
27742
27781
27941
27743
27782
27942
27744
27783
27943
27745
27784
27944
27746
27785
27945
27747
27786
27946
27748
27787
27947
27749
27788
27948
27750
27789
27949
27751
27790
27950
27752
27791
27951
27753
27792
27952
27754
27793
27953
27755
27794
27954
27756
27795
27955
27757
27796
27956
27758
27797
27957
27759
27798
27958
27799
27959
27761
27960
27762
27961
27763
27962
27764
27963
27765
27964
27766
27965
27767
27966
27768
27967
27769
27968
27770
27969
27771
27970
27772
27971
27773
27972
27774
27973
27775
27974
27776
27975
27777
27976
27778
27977
27779
27978
27780
27979
27781
27980
27782
27981
27783
27982
27784
27983
27785
27984
27786
27985
27787
27986
27788
27987
27789
27988
27790
27989
27791
27990
27792
27991
27793
27992
27794
27993
27795
27994
27796
27995
27797
27996
27798
27997
27799
27998
27999
27801
27840
28000
27802
27841
28001
27803
27842
28002
27804
27843
28003
27805
27844
28004
27806
27845
28005
27807
27846
28006
27808
27847
28007
27809
27848
28008
27810
27849
28009
27811
27850
28010
27812
27851
28011
27813
27852
28012
27814
27853
28013
27815
27854
28014
27816
27855
28015
27817
27856
28016
27818
27857
28017
27819
27858
28018
27820
27859
28019
27821
27860
28020
27822
27861
28021
27823
27862
28022
27824
27863
28023
27825
27864
28024
27826
27865
28025
27827
27866
28026
27828
27867
28027
27829
27868
28028
27830
27869
28029
27831
27870
28030
27832
27871
28031
27833
27872
28032
27834
27873
28033
27835
27874
28034
27836
27875
28035
27837
27876
28036
27838
27877
28037
27839
27878
28038
27879
28039
27841
27880
28040
27842
27881
28041
27843
27882
28042
27844
27883
28043
27845
27884
28044
27846
27885
28045
27847
27886
28046
27848
27887
28047
27849
27888
28048
27850
27889
28049
27851
27890
28050
27852
27891
28051
27853
27892
28052
27854
27893
28053
27855
27894
28054
27856
27895
28055
27857
27896
28056
27858
27897
28057
27859
27898
28058
27860
27899
28059
27861
27900
28060
27862
27901
28061
27863
27902
28062
27864
27903
28063
27865
27904
28064
27866
27905
28065
27867
27906
28066
27868
27907
28067
27869
27908
28068
27870
27909
28069
27871
27910
28070
27872
27911
28071
27873
27912
28072
27874
27913
28073
27875
27914
28074
27876
27915
28075
27877
27916
28076
27878
27917
28077
27879
27918
28078
27919
28079
27881
27920
28080
27882
27921
28081
27883
27922
28082
27884
27923
28083
27885
27924
28084
27886
27925
28085
27887
27926
28086
27888
27927
28087
27889
27928
28088
27890
27929
28089
27891
27930
28090
27892
27931
28091
27893
27932
28092
27894
27933
28093
27895
27934
28094
27896
27935
28095
27897
27936
28096
27898
27937
28097
27899
27938
28098
27900
27939
28099
27901
27940
28100
27902
27941
28101
27903
27942
28102
27904
27943
28103
27905
27944
28104
27906
27945
28105
27907
27946
28106
27908
27947
28107
27909
27948
28108
27910
27949
28109
27911
27950
28110
27912
27951
28111
27913
27952
28112
27914
27953
28113
27915
27954
28114
27916
27955
28115
27917
27956
28116
27918
27957
28117
27919
27958
28118
27959
28119
27921
27960
28120
27922
27961
28121
27923
27962
28122
27924
27963
28123
27925
27964
28124
27926
27965
28125
27927
27966
28126
27928
27967
28127
27929
27968
28128
27930
27969
28129
27931
27970
28130
27932
27971
28131
27933
27972
28132
27934
27973
28133
27935
27974
28134
27936
27975
28135
27937
27976
28136
27938
27977
28137
27939
27978
28138
27940
27979
28139
27941
27980
28140
27942
27981
28141
27943
27982
28142
27944
27983
28143
27945
27984
28144
27946
27985
28145
27947
27986
28146
27948
27987
28147
27949
27988
28148
27950
27989
28149
27951
27990
28150
27952
27991
28151
27953
27992
28152
27954
27993
28153
27955
27994
28154
27956
27995
28155
27957
27996
28156
27958
27997
28157
27959
27998
28158
27999
28159
27961
28160
27962
28161
27963
28162
27964
28163
27965
28164
27966
28165
27967
28166
27968
28167
27969
28168
27970
28169
27971
28170
27972
28171
27973
28172
27974
28173
27975
28174
27976
28175
27977
28176
27978
28177
27979
28178
27980
28179
27981
28180
27982
28181
27983
28182
27984
28183
27985
28184
27986
28185
27987
28186
27988
28187
27989
28188
27990
28189
27991
28190
27992
28191
27993
28192
27994
28193
27995
28194
27996
28195
27997
28196
27998
28197
27999
28198
28199
28001
28040
28200
28002
28041
28201
28003
28042
28202
28004
28043
28203
28005
28044
28204
28006
28045
28205
28007
28046
28206
28008
28047
28207
28009
28048
28208
28010
28049
28209
28011
28050
28210
28012
28051
28211
28013
28052
28212
28014
28053
28213
28015
28054
28214
28016
28055
28215
28017
28056
28216
28018
28057
28217
28019
28058
28218
28020
28059
28219
28021
28060
28220
28022
28061
28221
28023
28062
28222
28024
28063
28223
28025
28064
28224
28026
28065
28225
28027
28066
28226
28028
28067
28227
28029
28068
28228
28030
28069
28229
28031
28070
28230
28032
28071
28231
28033
28072
28232
28034
28073
28233
28035
28074
28234
28036
28075
28235
28037
28076
28236
28038
28077
28237
28039
28078
28238
28079
28239
28041
28080
28240
28042
28081
28241
28043
28082
28242
28044
28083
28243
28045
28084
28244
28046
28085
28245
28047
28086
28246
28048
28087
28247
28049
28088
28248
28050
28089
28249
28051
28090
28250
28052
28091
28251
28053
28092
28252
28054
28093
28253
28055
28094
28254
28056
28095
28255
28057
28096
28256
28058
28097
28257
28059
28098
28258
28060
28099
28259
28061
28100
28260
28062
28101
28261
28063
28102
28262
28064
28103
28263
28065
28104
28264
28066
28105
28265
28067
28106
28266
28068
28107
28267
28069
28108
28268
28070
28109
28269
28071
28110
28270
28072
28111
28271
28073
28112
28272
28074
28113
28273
28075
28114
28274
28076
28115
28275
28077
28116
28276
28078
28117
28277
28079
28118
28278
28119
28279
28081
28120
28280
28082
28121
28281
28083
28122
28282
28084
28123
28283
28085
28124
28284
28086
28125
28285
28087
28126
28286
28088
28127
28287
28089
28128
28288
28090
28129
28289
28091
28130
28290
28092
28131
28291
28093
28132
28292
28094
28133
28293
28095
28134
28294
28096
28135
28295
28097
28136
28296
28098
28137
28297
28099
28138
28298
28100
28139
28299
28101
28140
28300
28102
28141
28301
28103
28142
28302
28104
28143
28303
28105
28144
28304
28106
28145
28305
28107
28146
28306
28108
28147
28307
28109
28148
28308
28110
28149
28309
28111
28150
28310
28112
28151
28311
28113
28152
28312
28114
28153
28313
28115
28154
28314
28116
28155
28315
28117
28156
28316
28118
28157
28317
28119
28158
28318
28159
28319
28121
28160
28320
28122
28161
28321
28123
28162
28322
28124
28163
28323
28125
28164
28324
28126
28165
28325
28127
28166
28326
28128
28167
28327
28129
28168
28328
28130
28169
28329
28131
28170
28330
28132
28171
28331
28133
28172
28332
28134
28173
28333
28135
28174
28334
28136
28175
28335
28137
28176
28336
28138
28177
28337
28139
28178
28338
28140
28179
28339
28141
28180
28340
28142
28181
28341
28143
28182
28342
28144
28183
28343
28145
28184
28344
28146
28185
28345
28147
28186
28346
28148
28187
28347
28149
28188
28348
28150
28189
28349
28151
28190
28350
28152
28191
28351
28153
28192
28352
28154
28193
28353
28155
28194
28354
28156
28195
28355
28157
28196
28356
28158
28197
28357
28159
28198
28358
28199
28359
28161
28360
28162
28361
28163
28362
28164
28363
28165
28364
28166
28365
28167
28366
28168
28367
28169
28368
28170
28369
28171
28370
28172
28371
28173
28372
28174
28373
28175
28374
28176
28375
28177
28376
28178
28377
28179
28378
28180
28379
28181
28380
28182
28381
28183
28382
28184
28383
28185
28384
28186
28385
28187
28386
28188
28387
28189
28388
28190
28389
28191
28390
28192
28391
28193
28392
28194
28393
28195
28394
28196
28395
28197
28396
28198
28397
28199
28398
28399
28201
28240
28400
28202
28241
28401
28203
28242
28402
28204
28243
28403
28205
28244
28404
28206
28245
28405
28207
28246
28406
28208
28247
28407
28209
28248
28408
28210
28249
28409
28211
28250
28410
28212
28251
28411
28213
28252
28412
28214
28253
28413
28215
28254
28414
28216
28255
28415
28217
28256
28416
28218
28257
28417
28219
28258
28418
28220
28259
28419
28221
28260
28420
28222
28261
28421
28223
28262
28422
28224
28263
28423
28225
28264
28424
28226
28265
28425
28227
28266
28426
28228
28267
28427
28229
28268
28428
28230
28269
28429
28231
28270
28430
28232
28271
28431
28233
28272
28432
28234
28273
28433
28235
28274
28434
28236
28275
28435
28237
28276
28436
28238
28277
28437
28239
28278
28438
28279
28439
28241
28280
28440
28242
28281
28441
28243
28282
28442
28244
28283
28443
28245
28284
28444
28246
28285
28445
28247
28286
28446
28248
28287
28447
28249
28288
28448
28250
28289
28449
28251
28290
28450
28252
28291
28451
28253
28292
28452
28254
28293
28453
28255
28294
28454
28256
28295
28455
28257
28296
28456
28258
28297
28457
28259
28298
28458
28260
28299
28459
28261
28300
28460
28262
28301
28461
28263
28302
28462
28264
28303
28463
28265
28304
28464
28266
28305
28465
28267
28306
28466
28268
28307
28467
28269
28308
28468
28270
28309
28469
28271
28310
28470
28272
28311
28471
28273
28312
28472
28274
28313
28473
28275
28314
28474
28276
28315
28475
28277
28316
28476
28278
28317
28477
28279
28318
28478
28319
28479
28281
28320
28480
28282
28321
28481
28283
28322
28482
28284
28323
28483
28285
28324
28484
28286
28325
28485
28287
28326
28486
28288
28327
28487
28289
28328
28488
28290
28329
28489
28291
28330
28490
28292
28331
28491
28293
28332
28492
28294
28333
28493
28295
28334
28494
28296
28335
28495
28297
28336
28496
28298
28337
28497
28299
28338
28498
28300
28339
28499
28301
28340
28500
28302
28341
28501
28303
28342
28502
28304
28343
28503
28305
28344
28504
28306
28345
28505
28307
28346
28506
28308
28347
28507
28309
28348
28508
28310
28349
28509
28311
28350
28510
28312
28351
28511
28313
28352
28512
28314
28353
28513
28315
28354
28514
28316
28355
28515
28317
28356
28516
28318
28357
28517
28319
28358
28518
28359
28519
28321
28360
28520
28322
28361
28521
28323
28362
28522
28324
28363
28523
28325
28364
28524
28326
28365
28525
28327
28366
28526
28328
28367
28527
28329
28368
28528
28330
28369
28529
28331
28370
28530
28332
28371
28531
28333
28372
28532
28334
28373
28533
28335
28374
28534
28336
28375
28535
28337
28376
28536
28338
28377
28537
28339
28378
28538
28340
28379
28539
28341
28380
28540
28342
28381
28541
28343
28382
28542
28344
28383
28543
28345
28384
28544
28346
28385
28545
28347
28386
28546
28348
28387
28547
28349
28388
28548
28350
28389
28549
28351
28390
28550
28352
28391
28551
28353
28392
28552
28354
28393
28553
28355
28394
28554
28356
28395
28555
28357
28396
28556
28358
28397
28557
28359
28398
28558
28399
28559
28361
28560
28362
28561
28363
28562
28364
28563
28365
28564
28366
28565
28367
28566
28368
28567
28369
28568
28370
28569
28371
28570
28372
28571
28373
28572
28374
28573
28375
28574
28376
28575
28377
28576
28378
28577
28379
28578
28380
28579
28381
28580
28382
28581
28383
28582
28384
28583
28385
28584
28386
28585
28387
28586
28388
28587
28389
28588
28390
28589
28391
28590
28392
28591
28393
28592
28394
28593
28395
28594
28396
28595
28397
28596
28398
28597
28399
28598
28599
28401
28440
28600
28402
28441
28601
28403
28442
28602
28404
28443
28603
28405
28444
28604
28406
28445
28605
28407
28446
28606
28408
28447
28607
28409
28448
28608
28410
28449
28609
28411
28450
28610
28412
28451
28611
28413
28452
28612
28414
28453
28613
28415
28454
28614
28416
28455
28615
28417
28456
28616
28418
28457
28617
28419
28458
28618
28420
28459
28619
28421
28460
28620
28422
28461
28621
28423
28462
28622
28424
28463
28623
28425
28464
28624
28426
28465
28625
28427
28466
28626
28428
28467
28627
28429
28468
28628
28430
28469
28629
28431
28470
28630
28432
28471
28631
28433
28472
28632
28434
28473
28633
28435
28474
28634
28436
28475
28635
28437
28476
28636
28438
28477
28637
28439
28478
28638
28479
28639
28441
28480
28640
28442
28481
28641
28443
28482
28642
28444
28483
28643
28445
28484
28644
28446
28485
28645
28447
28486
28646
28448
28487
28647
28449
28488
28648
28450
28489
28649
28451
28490
28650
28452
28491
28651
28453
28492
28652
28454
28493
28653
28455
28494
28654
28456
28495
28655
28457
28496
28656
28458
28497
28657
28459
28498
28658
28460
28499
28659
28461
28500
28660
28462
28501
28661
28463
28502
28662
28464
28503
28663
28465
28504
28664
28466
28505
28665
28467
28506
28666
28468
28507
28667
28469
28508
28668
28470
28509
28669
28471
28510
28670
28472
28511
28671
28473
28512
28672
28474
28513
28673
28475
28514
28674
28476
28515
28675
28477
28516
28676
28478
28517
28677
28479
28518
28678
28519
28679
28481
28520
28680
28482
28521
28681
28483
28522
28682
28484
28523
28683
28485
28524
28684
28486
28525
28685
28487
28526
28686
28488
28527
28687
28489
28528
28688
28490
28529
28689
28491
28530
28690
28492
28531
28691
28493
28532
28692
28494
28533
28693
28495
28534
28694
28496
28535
28695
28497
28536
28696
28498
28537
28697
28499
28538
28698
28500
28539
28699
28501
28540
28700
28502
28541
28701
28503
28542
28702
28504
28543
28703
28505
28544
28704
28506
28545
28705
28507
28546
28706
28508
28547
28707
28509
28548
28708
28510
28549
28709
28511
28550
28710
28512
28551
28711
28513
28552
28712
28514
28553
28713
28515
28554
28714
28516
28555
28715
28517
28556
28716
28518
28557
28717
28519
28558
28718
28559
28719
28521
28560
28720
28522
28561
28721
28523
28562
28722
28524
28563
28723
28525
28564
28724
28526
28565
28725
28527
28566
28726
28528
28567
28727
28529
28568
28728
28530
28569
28729
28531
28570
28730
28532
28571
28731
28533
28572
28732
28534
28573
28733
28535
28574
28734
28536
28575
28735
28537
28576
28736
28538
28577
28737
28539
28578
28738
28540
28579
28739
28541
28580
28740
28542
28581
28741
28543
28582
28742
28544
28583
28743
28545
28584
28744
28546
28585
28745
28547
28586
28746
28548
28587
28747
28549
28588
28748
28550
28589
28749
28551
28590
28750
28552
28591
28751
28553
28592
28752
28554
28593
28753
28555
28594
28754
28556
28595
28755
28557
28596
28756
28558
28597
28757
28559
28598
28758
28599
28759
28561
28760
28562
28761
28563
28762
28564
28763
28565
28764
28566
28765
28567
28766
28568
28767
28569
28768
28570
28769
28571
28770
28572
28771
28573
28772
28574
28773
28575
28774
28576
28775
28577
28776
28578
28777
28579
28778
28580
28779
28581
28780
28582
28781
28583
28782
28584
28783
28585
28784
28586
28785
28587
28786
28588
28787
28589
28788
28590
28789
28591
28790
28592
28791
28593
28792
28594
28793
28595
28794
28596
28795
28597
28796
28598
28797
28599
28798
28799
28601
28640
28800
28602
28641
28801
28603
28642
28802
28604
28643
28803
28605
28644
28804
28606
28645
28805
28607
28646
28806
28608
28647
28807
28609
28648
28808
28610
28649
28809
28611
28650
28810
28612
28651
28811
28613
28652
28812
28614
28653
28813
28615
28654
28814
28616
28655
28815
28617
28656
28816
28618
28657
28817
28619
28658
28818
28620
28659
28819
28621
28660
28820
28622
28661
28821
28623
28662
28822
28624
28663
28823
28625
28664
28824
28626
28665
28825
28627
28666
28826
28628
28667
28827
28629
28668
28828
28630
28669
28829
28631
28670
28830
28632
28671
28831
28633
28672
28832
28634
28673
28833
28635
28674
28834
28636
28675
28835
28637
28676
28836
28638
28677
28837
28639
28678
28838
28679
28839
28641
28680
28840
28642
28681
28841
28643
28682
28842
28644
28683
28843
28645
28684
28844
28646
28685
28845
28647
28686
28846
28648
28687
28847
28649
28688
28848
28650
28689
28849
28651
28690
28850
28652
28691
28851
28653
28692
28852
28654
28693
28853
28655
28694
28854
28656
28695
28855
28657
28696
28856
28658
28697
28857
28659
28698
28858
28660
28699
28859
28661
28700
28860
28662
28701
28861
28663
28702
28862
28664
28703
28863
28665
28704
28864
28666
28705
28865
28667
28706
28866
28668
28707
28867
28669
28708
28868
28670
28709
28869
28671
28710
28870
28672
28711
28871
28673
28712
28872
28674
28713
28873
28675
28714
28874
28676
28715
28875
28677
28716
28876
28678
28717
28877
28679
28718
28878
28719
28879
28681
28720
28880
28682
28721
28881
28683
28722
28882
28684
28723
28883
28685
28724
28884
28686
28725
28885
28687
28726
28886
28688
28727
28887
28689
28728
28888
28690
28729
28889
28691
28730
28890
28692
28731
28891
28693
28732
28892
28694
28733
28893
28695
28734
28894
28696
28735
28895
28697
28736
28896
28698
28737
28897
28699
28738
28898
28700
28739
28899
28701
28740
28900
28702
28741
28901
28703
28742
28902
28704
28743
28903
28705
28744
28904
28706
28745
28905
28707
28746
28906
28708
28747
28907
28709
28748
28908
28710
28749
28909
28711
28750
28910
28712
28751
28911
28713
28752
28912
28714
28753
28913
28715
28754
28914
28716
28755
28915
28717
28756
28916
28718
28757
28917
28719
28758
28918
28759
28919
28721
28760
28920
28722
28761
28921
28723
28762
28922
28724
28763
28923
28725
28764
28924
28726
28765
28925
28727
28766
28926
28728
28767
28927
28729
28768
28928
28730
28769
28929
28731
28770
28930
28732
28771
28931
28733
28772
28932
28734
28773
28933
28735
28774
28934
28736
28775
28935
28737
28776
28936
28738
28777
28937
28739
28778
28938
28740
28779
28939
28741
28780
28940
28742
28781
28941
28743
28782
28942
28744
28783
28943
28745
28784
28944
28746
28785
28945
28747
28786
28946
28748
28787
28947
28749
28788
28948
28750
28789
28949
28751
28790
28950
28752
28791
28951
28753
28792
28952
28754
28793
28953
28755
28794
28954
28756
28795
28955
28757
28796
28956
28758
28797
28957
28759
28798
28958
28799
28959
28761
28960
28762
28961
28763
28962
28764
28963
28765
28964
28766
28965
28767
28966
28768
28967
28769
28968
28770
28969
28771
28970
28772
28971
28773
28972
28774
28973
28775
28974
28776
28975
28777
28976
28778
28977
28779
28978
28780
28979
28781
28980
28782
28981
28783
28982
28784
28983
28785
28984
28786
28985
28787
28986
28788
28987
28789
28988
28790
28989
28791
28990
28792
28991
28793
28992
28794
28993
28795
28994
28796
28995
28797
28996
28798
28997
28799
28998
28999
28801
28840
29000
28802
28841
29001
28803
28842
29002
28804
28843
29003
28805
28844
29004
28806
28845
29005
28807
28846
29006
28808
28847
29007
28809
28848
29008
28810
28849
29009
28811
28850
29010
28812
28851
29011
28813
28852
29012
28814
28853
29013
28815
28854
29014
28816
28855
29015
28817
28856
29016
28818
28857
29017
28819
28858
29018
28820
28859
29019
28821
28860
29020
28822
28861
29021
28823
28862
29022
28824
28863
29023
28825
28864
29024
28826
28865
29025
28827
28866
29026
28828
28867
29027
28829
28868
29028
28830
28869
29029
28831
28870
29030
28832
28871
29031
28833
28872
29032
28834
28873
29033
28835
28874
29034
28836
28875
29035
28837
28876
29036
28838
28877
29037
28839
28878
29038
28879
29039
28841
28880
29040
28842
28881
29041
28843
28882
29042
28844
28883
29043
28845
28884
29044
28846
28885
29045
28847
28886
29046
28848
28887
29047
28849
28888
29048
28850
28889
29049
28851
28890
29050
28852
28891
29051
28853
28892
29052
28854
28893
29053
28855
28894
29054
28856
28895
29055
28857
28896
29056
28858
28897
29057
28859
28898
29058
28860
28899
29059
28861
28900
29060
28862
28901
29061
28863
28902
29062
28864
28903
29063
28865
28904
29064
28866
28905
29065
28867
28906
29066
28868
28907
29067
28869
28908
29068
28870
28909
29069
28871
28910
29070
28872
28911
29071
28873
28912
29072
28874
28913
29073
28875
28914
29074
28876
28915
29075
28877
28916
29076
28878
28917
29077
28879
28918
29078
28919
29079
28881
28920
29080
28882
28921
29081
28883
28922
29082
28884
28923
29083
28885
28924
29084
28886
28925
29085
28887
28926
29086
28888
28927
29087
28889
28928
29088
28890
28929
29089
28891
28930
29090
28892
28931
29091
28893
28932
29092
28894
28933
29093
28895
28934
29094
28896
28935
29095
28897
28936
29096
28898
28937
29097
28899
28938
29098
28900
28939
29099
28901
28940
29100
28902
28941
29101
28903
28942
29102
28904
28943
29103
28905
28944
29104
28906
28945
29105
28907
28946
29106
28908
28947
29107
28909
28948
29108
28910
28949
29109
28911
28950
29110
28912
28951
29111
28913
28952
29112
28914
28953
29113
28915
28954
29114
28916
28955
29115
28917
28956
29116
28918
28957
29117
28919
28958
29118
28959
29119
28921
28960
29120
28922
28961
29121
28923
28962
29122
28924
28963
29123
28925
28964
29124
28926
28965
29125
28927
28966
29126
28928
28967
29127
28929
28968
29128
28930
28969
29129
28931
28970
29130
28932
28971
29131
28933
28972
29132
28934
28973
29133
28935
28974
29134
28936
28975
29135
28937
28976
29136
28938
28977
29137
28939
28978
29138
28940
28979
29139
28941
28980
29140
28942
28981
29141
28943
28982
29142
28944
28983
29143
28945
28984
29144
28946
28985
29145
28947
28986
29146
28948
28987
29147
28949
28988
29148
28950
28989
29149
28951
28990
29150
28952
28991
29151
28953
28992
29152
28954
28993
29153
28955
28994
29154
28956
28995
29155
28957
28996
29156
28958
28997
29157
28959
28998
29158
28999
29159
28961
29160
28962
29161
28963
29162
28964
29163
28965
29164
28966
29165
28967
29166
28968
29167
28969
29168
28970
29169
28971
29170
28972
29171
28973
29172
28974
29173
28975
29174
28976
29175
28977
29176
28978
29177
28979
29178
28980
29179
28981
29180
28982
29181
28983
29182
28984
29183
28985
29184
28986
29185
28987
29186
28988
29187
28989
29188
28990
29189
28991
29190
28992
29191
28993
29192
28994
29193
28995
29194
28996
29195
28997
29196
28998
29197
28999
29198
29199
29001
29040
29200
29002
29041
29201
29003
29042
29202
29004
29043
29203
29005
29044
29204
29006
29045
29205
29007
29046
29206
29008
29047
29207
29009
29048
29208
29010
29049
29209
29011
29050
29210
29012
29051
29211
29013
29052
29212
29014
29053
29213
29015
29054
29214
29016
29055
29215
29017
29056
29216
29018
29057
29217
29019
29058
29218
29020
29059
29219
29021
29060
29220
29022
29061
29221
29023
29062
29222
29024
29063
29223
29025
29064
29224
29026
29065
29225
29027
29066
29226
29028
29067
29227
29029
29068
29228
29030
29069
29229
29031
29070
29230
29032
29071
29231
29033
29072
29232
29034
29073
29233
29035
29074
29234
29036
29075
29235
29037
29076
29236
29038
29077
29237
29039
29078
29238
29079
29239
29041
29080
29240
29042
29081
29241
29043
29082
29242
29044
29083
29243
29045
29084
29244
29046
29085
29245
29047
29086
29246
29048
29087
29247
29049
29088
29248
29050
29089
29249
29051
29090
29250
29052
29091
29251
29053
29092
29252
29054
29093
29253
29055
29094
29254
29056
29095
29255
29057
29096
29256
29058
29097
29257
29059
29098
29258
29060
29099
29259
29061
29100
29260
29062
29101
29261
29063
29102
29262
29064
29103
29263
29065
29104
29264
29066
29105
29265
29067
29106
29266
29068
29107
29267
29069
29108
29268
29070
29109
29269
29071
29110
29270
29072
29111
29271
29073
29112
29272
29074
29113
29273
29075
29114
29274
29076
29115
29275
29077
29116
29276
29078
29117
29277
29079
29118
29278
29119
29279
29081
29120
29280
29082
29121
29281
29083
29122
29282
29084
29123
29283
29085
29124
29284
29086
29125
29285
29087
29126
29286
29088
29127
29287
29089
29128
29288
29090
29129
29289
29091
29130
29290
29092
29131
29291
29093
29132
29292
29094
29133
29293
29095
29134
29294
29096
29135
29295
29097
29136
29296
29098
29137
29297
29099
29138
29298
29100
29139
29299
29101
29140
29300
29102
29141
29301
29103
29142
29302
29104
29143
29303
29105
29144
29304
29106
29145
29305
29107
29146
29306
29108
29147
29307
29109
29148
29308
29110
29149
29309
29111
29150
29310
29112
29151
29311
29113
29152
29312
29114
29153
29313
29115
29154
29314
29116
29155
29315
29117
29156
29316
29118
29157
29317
29119
29158
29318
29159
29319
29121
29160
29320
29122
29161
29321
29123
29162
29322
29124
29163
29323
29125
29164
29324
29126
29165
29325
29127
29166
29326
29128
29167
29327
29129
29168
29328
29130
29169
29329
29131
29170
29330
29132
29171
29331
29133
29172
29332
29134
29173
29333
29135
29174
29334
29136
29175
29335
29137
29176
29336
29138
29177
29337
29139
29178
29338
29140
29179
29339
29141
29180
29340
29142
29181
29341
29143
29182
29342
29144
29183
29343
29145
29184
29344
29146
29185
29345
29147
29186
29346
29148
29187
29347
29149
29188
29348
29150
29189
29349
29151
29190
29350
29152
29191
29351
29153
29192
29352
29154
29193
29353
29155
29194
29354
29156
29195
29355
29157
29196
29356
29158
29197
29357
29159
29198
29358
29199
29359
29161
29360
29162
29361
29163
29362
29164
29363
29165
29364
29166
29365
29167
29366
29168
29367
29169
29368
29170
29369
29171
29370
29172
29371
29173
29372
29174
29373
29175
29374
29176
29375
29177
29376
29178
29377
29179
29378
29180
29379
29181
29380
29182
29381
29183
29382
29184
29383
29185
29384
29186
29385
29187
29386
29188
29387
29189
29388
29190
29389
29191
29390
29192
29391
29193
29392
29194
29393
29195
29394
29196
29395
29197
29396
29198
29397
29199
29398
29399
29201
29240
29400
29202
29241
29401
29203
29242
29402
29204
29243
29403
29205
29244
29404
29206
29245
29405
29207
29246
29406
29208
29247
29407
29209
29248
29408
29210
29249
29409
29211
29250
29410
29212
29251
29411
29213
29252
29412
29214
29253
29413
29215
29254
29414
29216
29255
29415
29217
29256
29416
29218
29257
29417
29219
29258
29418
29220
29259
29419
29221
29260
29420
29222
29261
29421
29223
29262
29422
29224
29263
29423
29225
29264
29424
29226
29265
29425
29227
29266
29426
29228
29267
29427
29229
29268
29428
29230
29269
29429
29231
29270
29430
29232
29271
29431
29233
29272
29432
29234
29273
29433
29235
29274
29434
29236
29275
29435
29237
29276
29436
29238
29277
29437
29239
29278
29438
29279
29439
29241
29280
29440
29242
29281
29441
29243
29282
29442
29244
29283
29443
29245
29284
29444
29246
29285
29445
29247
29286
29446
29248
29287
29447
29249
29288
29448
29250
29289
29449
29251
29290
29450
29252
29291
29451
29253
29292
29452
29254
29293
29453
29255
29294
29454
29256
29295
29455
29257
29296
29456
29258
29297
29457
29259
29298
29458
29260
29299
29459
29261
29300
29460
29262
29301
29461
29263
29302
29462
29264
29303
29463
29265
29304
29464
29266
29305
29465
29267
29306
29466
29268
29307
29467
29269
29308
29468
29270
29309
29469
29271
29310
29470
29272
29311
29471
29273
29312
29472
29274
29313
29473
29275
29314
29474
29276
29315
29475
29277
29316
29476
29278
29317
29477
29279
29318
29478
29319
29479
29281
29320
29480
29282
29321
29481
29283
29322
29482
29284
29323
29483
29285
29324
29484
29286
29325
29485
29287
29326
29486
29288
29327
29487
29289
29328
29488
29290
29329
29489
29291
29330
29490
29292
29331
29491
29293
29332
29492
29294
29333
29493
29295
29334
29494
29296
29335
29495
29297
29336
29496
29298
29337
29497
29299
29338
29498
29300
29339
29499
29301
29340
29500
29302
29341
29501
29303
29342
29502
29304
29343
29503
29305
29344
29504
29306
29345
29505
29307
29346
29506
29308
29347
29507
29309
29348
29508
29310
29349
29509
29311
29350
29510
29312
29351
29511
29313
29352
29512
29314
29353
29513
29315
29354
29514
29316
29355
29515
29317
29356
29516
29318
29357
29517
29319
29358
29518
29359
29519
29321
29360
29520
29322
29361
29521
29323
29362
29522
29324
29363
29523
29325
29364
29524
29326
29365
29525
29327
29366
29526
29328
29367
29527
29329
29368
29528
29330
29369
29529
29331
29370
29530
29332
29371
29531
29333
29372
29532
29334
29373
29533
29335
29374
29534
29336
29375
29535
29337
29376
29536
29338
29377
29537
29339
29378
29538
29340
29379
29539
29341
29380
29540
29342
29381
29541
29343
29382
29542
29344
29383
29543
29345
29384
29544
29346
29385
29545
29347
29386
29546
29348
29387
29547
29349
29388
29548
29350
29389
29549
29351
29390
29550
29352
29391
29551
29353
29392
29552
29354
29393
29553
29355
29394
29554
29356
29395
29555
29357
29396
29556
29358
29397
29557
29359
29398
29558
29399
29559
29361
29560
29362
29561
29363
29562
29364
29563
29365
29564
29366
29565
29367
29566
29368
29567
29369
29568
29370
29569
29371
29570
29372
29571
29373
29572
29374
29573
29375
29574
29376
29575
29377
29576
29378
29577
29379
29578
29380
29579
29381
29580
29382
29581
29383
29582
29384
29583
29385
29584
29386
29585
29387
29586
29388
29587
29389
29588
29390
29589
29391
29590
29392
29591
29393
29592
29394
29593
29395
29594
29396
29595
29397
29596
29398
29597
29399
29598
29599
29401
29440
29600
29402
29441
29601
29403
29442
29602
29404
29443
29603
29405
29444
29604
29406
29445
29605
29407
29446
29606
29408
29447
29607
29409
29448
29608
29410
29449
29609
29411
29450
29610
29412
29451
29611
29413
29452
29612
29414
29453
29613
29415
29454
29614
29416
29455
29615
29417
29456
29616
29418
29457
29617
29419
29458
29618
29420
29459
29619
29421
29460
29620
29422
29461
29621
29423
29462
29622
29424
29463
29623
29425
29464
29624
29426
29465
29625
29427
29466
29626
29428
29467
29627
29429
29468
29628
29430
29469
29629
29431
29470
29630
29432
29471
29631
29433
29472
29632
29434
29473
29633
29435
29474
29634
29436
29475
29635
29437
29476
29636
29438
29477
29637
29439
29478
29638
29479
29639
29441
29480
29640
29442
29481
29641
29443
29482
29642
29444
29483
29643
29445
29484
29644
29446
29485
29645
29447
29486
29646
29448
29487
29647
29449
29488
29648
29450
29489
29649
29451
29490
29650
29452
29491
29651
29453
29492
29652
29454
29493
29653
29455
29494
29654
29456
29495
29655
29457
29496
29656
29458
29497
29657
29459
29498
29658
29460
29499
29659
29461
29500
29660
29462
29501
29661
29463
29502
29662
29464
29503
29663
29465
29504
29664
29466
29505
29665
29467
29506
29666
29468
29507
29667
29469
29508
29668
29470
29509
29669
29471
29510
29670
29472
29511
29671
29473
29512
29672
29474
29513
29673
29475
29514
29674
29476
29515
29675
29477
29516
29676
29478
29517
29677
29479
29518
29678
29519
29679
29481
29520
29680
29482
29521
29681
29483
29522
29682
29484
29523
29683
29485
29524
29684
29486
29525
29685
29487
29526
29686
29488
29527
29687
29489
29528
29688
29490
29529
29689
29491
29530
29690
29492
29531
29691
29493
29532
29692
29494
29533
29693
29495
29534
29694
29496
29535
29695
29497
29536
29696
29498
29537
29697
29499
29538
29698
29500
29539
29699
29501
29540
29700
29502
29541
29701
29503
29542
29702
29504
29543
29703
29505
29544
29704
29506
29545
29705
29507
29546
29706
29508
29547
29707
29509
29548
29708
29510
29549
29709
29511
29550
29710
29512
29551
29711
29513
29552
29712
29514
29553
29713
29515
29554
29714
29516
29555
29715
29517
29556
29716
29518
29557
29717
29519
29558
29718
29559
29719
29521
29560
29720
29522
29561
29721
29523
29562
29722
29524
29563
29723
29525
29564
29724
29526
29565
29725
29527
29566
29726
29528
29567
29727
29529
29568
29728
29530
29569
29729
29531
29570
29730
29532
29571
29731
29533
29572
29732
29534
29573
29733
29535
29574
29734
29536
29575
29735
29537
29576
29736
29538
29577
29737
29539
29578
29738
29540
29579
29739
29541
29580
29740
29542
29581
29741
29543
29582
29742
29544
29583
29743
29545
29584
29744
29546
29585
29745
29547
29586
29746
29548
29587
29747
29549
29588
29748
29550
29589
29749
29551
29590
29750
29552
29591
29751
29553
29592
29752
29554
29593
29753
29555
29594
29754
29556
29595
29755
29557
29596
29756
29558
29597
29757
29559
29598
29758
29599
29759
29561
29760
29562
29761
29563
29762
29564
29763
29565
29764
29566
29765
29567
29766
29568
29767
29569
29768
29570
29769
29571
29770
29572
29771
29573
29772
29574
29773
29575
29774
29576
29775
29577
29776
29578
29777
29579
29778
29580
29779
29581
29780
29582
29781
29583
29782
29584
29783
29585
29784
29586
29785
29587
29786
29588
29787
29589
29788
29590
29789
29591
29790
29592
29791
29593
29792
29594
29793
29595
29794
29596
29795
29597
29796
29598
29797
29599
29798
29799
29601
29640
29800
29602
29641
29801
29603
29642
29802
29604
29643
29803
29605
29644
29804
29606
29645
29805
29607
29646
29806
29608
29647
29807
29609
29648
29808
29610
29649
29809
29611
29650
29810
29612
29651
29811
29613
29652
29812
29614
29653
29813
29615
29654
29814
29616
29655
29815
29617
29656
29816
29618
29657
29817
29619
29658
29818
29620
29659
29819
29621
29660
29820
29622
29661
29821
29623
29662
29822
29624
29663
29823
29625
29664
29824
29626
29665
29825
29627
29666
29826
29628
29667
29827
29629
29668
29828
29630
29669
29829
29631
29670
29830
29632
29671
29831
29633
29672
29832
29634
29673
29833
29635
29674
29834
29636
29675
29835
29637
29676
29836
29638
29677
29837
29639
29678
29838
29679
29839
29641
29680
29840
29642
29681
29841
29643
29682
29842
29644
29683
29843
29645
29684
29844
29646
29685
29845
29647
29686
29846
29648
29687
29847
29649
29688
29848
29650
29689
29849
29651
29690
29850
29652
29691
29851
29653
29692
29852
29654
29693
29853
29655
29694
29854
29656
29695
29855
29657
29696
29856
29658
29697
29857
29659
29698
29858
29660
29699
29859
29661
29700
29860
29662
29701
29861
29663
29702
29862
29664
29703
29863
29665
29704
29864
29666
29705
29865
29667
29706
29866
29668
29707
29867
29669
29708
29868
29670
29709
29869
29671
29710
29870
29672
29711
29871
29673
29712
29872
29674
29713
29873
29675
29714
29874
29676
29715
29875
29677
29716
29876
29678
29717
29877
29679
29718
29878
29719
29879
29681
29720
29880
29682
29721
29881
29683
29722
29882
29684
29723
29883
29685
29724
29884
29686
29725
29885
29687
29726
29886
29688
29727
29887
29689
29728
29888
29690
29729
29889
29691
29730
29890
29692
29731
29891
29693
29732
29892
29694
29733
29893
29695
29734
29894
29696
29735
29895
29697
29736
29896
29698
29737
29897
29699
29738
29898
29700
29739
29899
29701
29740
29900
29702
29741
29901
29703
29742
29902
29704
29743
29903
29705
29744
29904
29706
29745
29905
29707
29746
29906
29708
29747
29907
29709
29748
29908
29710
29749
29909
29711
29750
29910
29712
29751
29911
29713
29752
29912
29714
29753
29913
29715
29754
29914
29716
29755
29915
29717
29756
29916
29718
29757
29917
29719
29758
29918
29759
29919
29721
29760
29920
29722
29761
29921
29723
29762
29922
29724
29763
29923
29725
29764
29924
29726
29765
29925
29727
29766
29926
29728
29767
29927
29729
29768
29928
29730
29769
29929
29731
29770
29930
29732
29771
29931
29733
29772
29932
29734
29773
29933
29735
29774
29934
29736
29775
29935
29737
29776
29936
29738
29777
29937
29739
29778
29938
29740
29779
29939
29741
29780
29940
29742
29781
29941
29743
29782
29942
29744
29783
29943
29745
29784
29944
29746
29785
29945
29747
29786
29946
29748
29787
29947
29749
29788
29948
29750
29789
29949
29751
29790
29950
29752
29791
29951
29753
29792
29952
29754
29793
29953
29755
29794
29954
29756
29795
29955
29757
29796
29956
29758
29797
29957
29759
29798
29958
29799
29959
29761
29960
29762
29961
29763
29962
29764
29963
29765
29964
29766
29965
29767
29966
29768
29967
29769
29968
29770
29969
29771
29970
29772
29971
29773
29972
29774
29973
29775
29974
29776
29975
29777
29976
29778
29977
29779
29978
29780
29979
29781
29980
29782
29981
29783
29982
29784
29983
29785
29984
29786
29985
29787
29986
29788
29987
29789
29988
29790
29989
29791
29990
29792
29991
29793
29992
29794
29993
29795
29994
29796
29995
29797
29996
29798
29997
29799
29998
29999
29801
29840
30000
29802
29841
30001
29803
29842
30002
29804
29843
30003
29805
29844
30004
29806
29845
30005
29807
29846
30006
29808
29847
30007
29809
29848
30008
29810
29849
30009
29811
29850
30010
29812
29851
30011
29813
29852
30012
29814
29853
30013
29815
29854
30014
29816
29855
30015
29817
29856
30016
29818
29857
30017
29819
29858
30018
29820
29859
30019
29821
29860
30020
29822
29861
30021
29823
29862
30022
29824
29863
30023
29825
29864
30024
29826
29865
30025
29827
29866
30026
29828
29867
30027
29829
29868
30028
29830
29869
30029
29831
29870
30030
29832
29871
30031
29833
29872
30032
29834
29873
30033
29835
29874
30034
29836
29875
30035
29837
29876
30036
29838
29877
30037
29839
29878
30038
29879
30039
29841
29880
30040
29842
29881
30041
29843
29882
30042
29844
29883
30043
29845
29884
30044
29846
29885
30045
29847
29886
30046
29848
29887
30047
29849
29888
30048
29850
29889
30049
29851
29890
30050
29852
29891
30051
29853
29892
30052
29854
29893
30053
29855
29894
30054
29856
29895
30055
29857
29896
30056
29858
29897
30057
29859
29898
30058
29860
29899
30059
29861
29900
30060
29862
29901
30061
29863
29902
30062
29864
29903
30063
29865
29904
30064
29866
29905
30065
29867
29906
30066
29868
29907
30067
29869
29908
30068
29870
29909
30069
29871
29910
30070
29872
29911
30071
29873
29912
30072
29874
29913
30073
29875
29914
30074
29876
29915
30075
29877
29916
30076
29878
29917
30077
29879
29918
30078
29919
30079
29881
29920
30080
29882
29921
30081
29883
29922
30082
29884
29923
30083
29885
29924
30084
29886
29925
30085
29887
29926
30086
29888
29927
30087
29889
29928
30088
29890
29929
30089
29891
29930
30090
29892
29931
30091
29893
29932
30092
29894
29933
30093
29895
29934
30094
29896
29935
30095
29897
29936
30096
29898
29937
30097
29899
29938
30098
29900
29939
30099
29901
29940
30100
29902
29941
30101
29903
29942
30102
29904
29943
30103
29905
29944
30104
29906
29945
30105
29907
29946
30106
29908
29947
30107
29909
29948
30108
29910
29949
30109
29911
29950
30110
29912
29951
30111
29913
29952
30112
29914
29953
30113
29915
29954
30114
29916
29955
30115
29917
29956
30116
29918
29957
30117
29919
29958
30118
29959
30119
29921
29960
30120
29922
29961
30121
29923
29962
30122
29924
29963
30123
29925
29964
30124
29926
29965
30125
29927
29966
30126
29928
29967
30127
29929
29968
30128
29930
29969
30129
29931
29970
30130
29932
29971
30131
29933
29972
30132
29934
29973
30133
29935
29974
30134
29936
29975
30135
29937
29976
30136
29938
29977
30137
29939
29978
30138
29940
29979
30139
29941
29980
30140
29942
29981
30141
29943
29982
30142
29944
29983
30143
29945
29984
30144
29946
29985
30145
29947
29986
30146
29948
29987
30147
29949
29988
30148
29950
29989
30149
29951
29990
30150
29952
29991
30151
29953
29992
30152
29954
29993
30153
29955
29994
30154
29956
29995
30155
29957
29996
30156
29958
29997
30157
29959
29998
30158
29999
30159
29961
30160
29962
30161
29963
30162
29964
30163
29965
30164
29966
30165
29967
30166
29968
30167
29969
30168
29970
30169
29971
30170
29972
30171
29973
30172
29974
30173
29975
30174
29976
30175
29977
30176
29978
30177
29979
30178
29980
30179
29981
30180
29982
30181
29983
30182
29984
30183
29985
30184
29986
30185
29987
30186
29988
30187
29989
30188
29990
30189
29991
30190
29992
30191
29993
30192
29994
30193
29995
30194
29996
30195
29997
30196
29998
30197
29999
30198
30199
30001
30040
30200
30002
30041
30201
30003
30042
30202
30004
30043
30203
30005
30044
30204
30006
30045
30205
30007
30046
30206
30008
30047
30207
30009
30048
30208
30010
30049
30209
30011
30050
30210
30012
30051
30211
30013
30052
30212
30014
30053
30213
30015
30054
30214
30016
30055
30215
30017
30056
30216
30018
30057
30217
30019
30058
30218
30020
30059
30219
30021
30060
30220
30022
30061
30221
30023
30062
30222
30024
30063
30223
30025
30064
30224
30026
30065
30225
30027
30066
30226
30028
30067
30227
30029
30068
30228
30030
30069
30229
30031
30070
30230
30032
30071
30231
30033
30072
30232
30034
30073
30233
30035
30074
30234
30036
30075
30235
30037
30076
30236
30038
30077
30237
30039
30078
30238
30079
30239
30041
30080
30240
30042
30081
30241
30043
30082
30242
30044
30083
30243
30045
30084
30244
30046
30085
30245
30047
30086
30246
30048
30087
30247
30049
30088
30248
30050
30089
30249
30051
30090
30250
30052
30091
30251
30053
30092
30252
30054
30093
30253
30055
30094
30254
30056
30095
30255
30057
30096
30256
30058
30097
30257
30059
30098
30258
30060
30099
30259
30061
30100
30260
30062
30101
30261
30063
30102
30262
30064
30103
30263
30065
30104
30264
30066
30105
30265
30067
30106
30266
30068
30107
30267
30069
30108
30268
30070
30109
30269
30071
30110
30270
30072
30111
30271
30073
30112
30272
30074
30113
30273
30075
30114
30274
30076
30115
30275
30077
30116
30276
30078
30117
30277
30079
30118
30278
30119
30279
30081
30120
30280
30082
30121
30281
30083
30122
30282
30084
30123
30283
30085
30124
30284
30086
30125
30285
30087
30126
30286
30088
30127
30287
30089
30128
30288
30090
30129
30289
30091
30130
30290
30092
30131
30291
30093
30132
30292
30094
30133
30293
30095
30134
30294
30096
30135
30295
30097
30136
30296
30098
30137
30297
30099
30138
30298
30100
30139
30299
30101
30140
30300
30102
30141
30301
30103
30142
30302
30104
30143
30303
30105
30144
30304
30106
30145
30305
30107
30146
30306
30108
30147
30307
30109
30148
30308
30110
30149
30309
30111
30150
30310
30112
30151
30311
30113
30152
30312
30114
30153
30313
30115
30154
30314
30116
30155
30315
30117
30156
30316
30118
30157
30317
30119
30158
30318
30159
30319
30121
30160
30320
30122
30161
30321
30123
30162
30322
30124
30163
30323
30125
30164
30324
30126
30165
30325
30127
30166
30326
30128
30167
30327
30129
30168
30328
30130
30169
30329
30131
30170
30330
30132
30171
30331
30133
30172
30332
30134
30173
30333
30135
30174
30334
30136
30175
30335
30137
30176
30336
30138
30177
30337
30139
30178
30338
30140
30179
30339
30141
30180
30340
30142
30181
30341
30143
30182
30342
30144
30183
30343
30145
30184
30344
30146
30185
30345
30147
30186
30346
30148
30187
30347
30149
30188
30348
30150
30189
30349
30151
30190
30350
30152
30191
30351
30153
30192
30352
30154
30193
30353
30155
30194
30354
30156
30195
30355
30157
30196
30356
30158
30197
30357
30159
30198
30358
30199
30359
30161
30360
30162
30361
30163
30362
30164
30363
30165
30364
30166
30365
30167
30366
30168
30367
30169
30368
30170
30369
30171
30370
30172
30371
30173
30372
30174
30373
30175
30374
30176
30375
30177
30376
30178
30377
30179
30378
30180
30379
30181
30380
30182
30381
30183
30382
30184
30383
30185
30384
30186
30385
30187
30386
30188
30387
30189
30388
30190
30389
30191
30390
30192
30391
30193
30392
30194
30393
30195
30394
30196
30395
30197
30396
30198
30397
30199
30398
30399
30201
30240
30400
30202
30241
30401
30203
30242
30402
30204
30243
30403
30205
30244
30404
30206
30245
30405
30207
30246
30406
30208
30247
30407
30209
30248
30408
30210
30249
30409
30211
30250
30410
30212
30251
30411
30213
30252
30412
30214
30253
30413
30215
30254
30414
30216
30255
30415
30217
30256
30416
30218
30257
30417
30219
30258
30418
30220
30259
30419
30221
30260
30420
30222
30261
30421
30223
30262
30422
30224
30263
30423
30225
30264
30424
30226
30265
30425
30227
30266
30426
30228
30267
30427
30229
30268
30428
30230
30269
30429
30231
30270
30430
30232
30271
30431
30233
30272
30432
30234
30273
30433
30235
30274
30434
30236
30275
30435
30237
30276
30436
30238
30277
30437
30239
30278
30438
30279
30439
30241
30280
30440
30242
30281
30441
30243
30282
30442
30244
30283
30443
30245
30284
30444
30246
30285
30445
30247
30286
30446
30248
30287
30447
30249
30288
30448
30250
30289
30449
30251
30290
30450
30252
30291
30451
30253
30292
30452
30254
30293
30453
30255
30294
30454
30256
30295
30455
30257
30296
30456
30258
30297
30457
30259
30298
30458
30260
30299
30459
30261
30300
30460
30262
30301
30461
30263
30302
30462
30264
30303
30463
30265
30304
30464
30266
30305
30465
30267
30306
30466
30268
30307
30467
30269
30308
30468
30270
30309
30469
30271
30310
30470
30272
30311
30471
30273
30312
30472
30274
30313
30473
30275
30314
30474
30276
30315
30475
30277
30316
30476
30278
30317
30477
30279
30318
30478
30319
30479
30281
30320
30480
30282
30321
30481
30283
30322
30482
30284
30323
30483
30285
30324
30484
30286
30325
30485
30287
30326
30486
30288
30327
30487
30289
30328
30488
30290
30329
30489
30291
30330
30490
30292
30331
30491
30293
30332
30492
30294
30333
30493
30295
30334
30494
30296
30335
30495
30297
30336
30496
30298
30337
30497
30299
30338
30498
30300
30339
30499
30301
30340
30500
30302
30341
30501
30303
30342
30502
30304
30343
30503
30305
30344
30504
30306
30345
30505
30307
30346
30506
30308
30347
30507
30309
30348
30508
30310
30349
30509
30311
30350
30510
30312
30351
30511
30313
30352
30512
30314
30353
30513
30315
30354
30514
30316
30355
30515
30317
30356
30516
30318
30357
30517
30319
30358
30518
30359
30519
30321
30360
30520
30322
30361
30521
30323
30362
30522
30324
30363
30523
30325
30364
30524
30326
30365
30525
30327
30366
30526
30328
30367
30527
30329
30368
30528
30330
30369
30529
30331
30370
30530
30332
30371
30531
30333
30372
30532
30334
30373
30533
30335
30374
30534
30336
30375
30535
30337
30376
30536
30338
30377
30537
30339
30378
30538
30340
30379
30539
30341
30380
30540
30342
30381
30541
30343
30382
30542
30344
30383
30543
30345
30384
30544
30346
30385
30545
30347
30386
30546
30348
30387
30547
30349
30388
30548
30350
30389
30549
30351
30390
30550
30352
30391
30551
30353
30392
30552
30354
30393
30553
30355
30394
30554
30356
30395
30555
30357
30396
30556
30358
30397
30557
30359
30398
30558
30399
30559
30361
30560
30362
30561
30363
30562
30364
30563
30365
30564
30366
30565
30367
30566
30368
30567
30369
30568
30370
30569
30371
30570
30372
30571
30373
30572
30374
30573
30375
30574
30376
30575
30377
30576
30378
30577
30379
30578
30380
30579
30381
30580
30382
30581
30383
30582
30384
30583
30385
30584
30386
30585
30387
30586
30388
30587
30389
30588
30390
30589
30391
30590
30392
30591
30393
30592
30394
30593
30395
30594
30396
30595
30397
30596
30398
30597
30399
30598
30599
30401
30440
30600
30402
30441
30601
30403
30442
30602
30404
30443
30603
30405
30444
30604
30406
30445
30605
30407
30446
30606
30408
30447
30607
30409
30448
30608
30410
30449
30609
30411
30450
30610
30412
30451
30611
30413
30452
30612
30414
30453
30613
30415
30454
30614
30416
30455
30615
30417
30456
30616
30418
30457
30617
30419
30458
30618
30420
30459
30619
30421
30460
30620
30422
30461
30621
30423
30462
30622
30424
30463
30623
30425
30464
30624
30426
30465
30625
30427
30466
30626
30428
30467
30627
30429
30468
30628
30430
30469
30629
30431
30470
30630
30432
30471
30631
30433
30472
30632
30434
30473
30633
30435
30474
30634
30436
30475
30635
30437
30476
30636
30438
30477
30637
30439
30478
30638
30479
30639
30441
30480
30640
30442
30481
30641
30443
30482
30642
30444
30483
30643
30445
30484
30644
30446
30485
30645
30447
30486
30646
30448
30487
30647
30449
30488
30648
30450
30489
30649
30451
30490
30650
30452
30491
30651
30453
30492
30652
30454
30493
30653
30455
30494
30654
30456
30495
30655
30457
30496
30656
30458
30497
30657
30459
30498
30658
30460
30499
30659
30461
30500
30660
30462
30501
30661
30463
30502
30662
30464
30503
30663
30465
30504
30664
30466
30505
30665
30467
30506
30666
30468
30507
30667
30469
30508
30668
30470
30509
30669
30471
30510
30670
30472
30511
30671
30473
30512
30672
30474
30513
30673
30475
30514
30674
30476
30515
30675
30477
30516
30676
30478
30517
30677
30479
30518
30678
30519
30679
30481
30520
30680
30482
30521
30681
30483
30522
30682
30484
30523
30683
30485
30524
30684
30486
30525
30685
30487
30526
30686
30488
30527
30687
30489
30528
30688
30490
30529
30689
30491
30530
30690
30492
30531
30691
30493
30532
30692
30494
30533
30693
30495
30534
30694
30496
30535
30695
30497
30536
30696
30498
30537
30697
30499
30538
30698
30500
30539
30699
30501
30540
30700
30502
30541
30701
30503
30542
30702
30504
30543
30703
30505
30544
30704
30506
30545
30705
30507
30546
30706
30508
30547
30707
30509
30548
30708
30510
30549
30709
30511
30550
30710
30512
30551
30711
30513
30552
30712
30514
30553
30713
30515
30554
30714
30516
30555
30715
30517
30556
30716
30518
30557
30717
30519
30558
30718
30559
30719
30521
30560
30720
30522
30561
30721
30523
30562
30722
30524
30563
30723
30525
30564
30724
30526
30565
30725
30527
30566
30726
30528
30567
30727
30529
30568
30728
30530
30569
30729
30531
30570
30730
30532
30571
30731
30533
30572
30732
30534
30573
30733
30535
30574
30734
30536
30575
30735
30537
30576
30736
30538
30577
30737
30539
30578
30738
30540
30579
30739
30541
30580
30740
30542
30581
30741
30543
30582
30742
30544
30583
30743
30545
30584
30744
30546
30585
30745
30547
30586
30746
30548
30587
30747
30549
30588
30748
30550
30589
30749
30551
30590
30750
30552
30591
30751
30553
30592
30752
30554
30593
30753
30555
30594
30754
30556
30595
30755
30557
30596
30756
30558
30597
30757
30559
30598
30758
30599
30759
30561
30760
30562
30761
30563
30762
30564
30763
30565
30764
30566
30765
30567
30766
30568
30767
30569
30768
30570
30769
30571
30770
30572
30771
30573
30772
30574
30773
30575
30774
30576
30775
30577
30776
30578
30777
30579
30778
30580
30779
30581
30780
30582
30781
30583
30782
30584
30783
30585
30784
30586
30785
30587
30786
30588
30787
30589
30788
30590
30789
30591
30790
30592
30791
30593
30792
30594
30793
30595
30794
30596
30795
30597
30796
30598
30797
30599
30798
30799
30601
30640
30800
30602
30641
30801
30603
30642
30802
30604
30643
30803
30605
30644
30804
30606
30645
30805
30607
30646
30806
30608
30647
30807
30609
30648
30808
30610
30649
30809
30611
30650
30810
30612
30651
30811
30613
30652
30812
30614
30653
30813
30615
30654
30814
30616
30655
30815
30617
30656
30816
30618
30657
30817
30619
30658
30818
30620
30659
30819
30621
30660
30820
30622
30661
30821
30623
30662
30822
30624
30663
30823
30625
30664
30824
30626
30665
30825
30627
30666
30826
30628
30667
30827
30629
30668
30828
30630
30669
30829
30631
30670
30830
30632
30671
30831
30633
30672
30832
30634
30673
30833
30635
30674
30834
30636
30675
30835
30637
30676
30836
30638
30677
30837
30639
30678
30838
30679
30839
30641
30680
30840
30642
30681
30841
30643
30682
30842
30644
30683
30843
30645
30684
30844
30646
30685
30845
30647
30686
30846
30648
30687
30847
30649
30688
30848
30650
30689
30849
30651
30690
30850
30652
30691
30851
30653
30692
30852
30654
30693
30853
30655
30694
30854
30656
30695
30855
30657
30696
30856
30658
30697
30857
30659
30698
30858
30660
30699
30859
30661
30700
30860
30662
30701
30861
30663
30702
30862
30664
30703
30863
30665
30704
30864
30666
30705
30865
30667
30706
30866
30668
30707
30867
30669
30708
30868
30670
30709
30869
30671
30710
30870
30672
30711
30871
30673
30712
30872
30674
30713
30873
30675
30714
30874
30676
30715
30875
30677
30716
30876
30678
30717
30877
30679
30718
30878
30719
30879
30681
30720
30880
30682
30721
30881
30683
30722
30882
30684
30723
30883
30685
30724
30884
30686
30725
30885
30687
30726
30886
30688
30727
30887
30689
30728
30888
30690
30729
30889
30691
30730
30890
30692
30731
30891
30693
30732
30892
30694
30733
30893
30695
30734
30894
30696
30735
30895
30697
30736
30896
30698
30737
30897
30699
30738
30898
30700
30739
30899
30701
30740
30900
30702
30741
30901
30703
30742
30902
30704
30743
30903
30705
30744
30904
30706
30745
30905
30707
30746
30906
30708
30747
30907
30709
30748
30908
30710
30749
30909
30711
30750
30910
30712
30751
30911
30713
30752
30912
30714
30753
30913
30715
30754
30914
30716
30755
30915
30717
30756
30916
30718
30757
30917
30719
30758
30918
30759
30919
30721
30760
30920
30722
30761
30921
30723
30762
30922
30724
30763
30923
30725
30764
30924
30726
30765
30925
30727
30766
30926
30728
30767
30927
30729
30768
30928
30730
30769
30929
30731
30770
30930
30732
30771
30931
30733
30772
30932
30734
30773
30933
30735
30774
30934
30736
30775
30935
30737
30776
30936
30738
30777
30937
30739
30778
30938
30740
30779
30939
30741
30780
30940
30742
30781
30941
30743
30782
30942
30744
30783
30943
30745
30784
30944
30746
30785
30945
30747
30786
30946
30748
30787
30947
30749
30788
30948
30750
30789
30949
30751
30790
30950
30752
30791
30951
30753
30792
30952
30754
30793
30953
30755
30794
30954
30756
30795
30955
30757
30796
30956
30758
30797
30957
30759
30798
30958
30799
30959
30761
30960
30762
30961
30763
30962
30764
30963
30765
30964
30766
30965
30767
30966
30768
30967
30769
30968
30770
30969
30771
30970
30772
30971
30773
30972
30774
30973
30775
30974
30776
30975
30777
30976
30778
30977
30779
30978
30780
30979
30781
30980
30782
30981
30783
30982
30784
30983
30785
30984
30786
30985
30787
30986
30788
30987
30789
30988
30790
30989
30791
30990
30792
30991
30793
30992
30794
30993
30795
30994
30796
30995
30797
30996
30798
30997
30799
30998
30999
30801
30840
31000
30802
30841
31001
30803
30842
31002
30804
30843
31003
30805
30844
31004
30806
30845
31005
30807
30846
31006
30808
30847
31007
30809
30848
31008
30810
30849
31009
30811
30850
31010
30812
30851
31011
30813
30852
31012
30814
30853
31013
30815
30854
31014
30816
30855
31015
30817
30856
31016
30818
30857
31017
30819
30858
31018
30820
30859
31019
30821
30860
31020
30822
30861
31021
30823
30862
31022
30824
30863
31023
30825
30864
31024
30826
30865
31025
30827
30866
31026
30828
30867
31027
30829
30868
31028
30830
30869
31029
30831
30870
31030
30832
30871
31031
30833
30872
31032
30834
30873
31033
30835
30874
31034
30836
30875
31035
30837
30876
31036
30838
30877
31037
30839
30878
31038
30879
31039
30841
30880
31040
30842
30881
31041
30843
30882
31042
30844
30883
31043
30845
30884
31044
30846
30885
31045
30847
30886
31046
30848
30887
31047
30849
30888
31048
30850
30889
31049
30851
30890
31050
30852
30891
31051
30853
30892
31052
30854
30893
31053
30855
30894
31054
30856
30895
31055
30857
30896
31056
30858
30897
31057
30859
30898
31058
30860
30899
31059
30861
30900
31060
30862
30901
31061
30863
30902
31062
30864
30903
31063
30865
30904
31064
30866
30905
31065
30867
30906
31066
30868
30907
31067
30869
30908
31068
30870
30909
31069
30871
30910
31070
30872
30911
31071
30873
30912
31072
30874
30913
31073
30875
30914
31074
30876
30915
31075
30877
30916
31076
30878
30917
31077
30879
30918
31078
30919
31079
30881
30920
31080
30882
30921
31081
30883
30922
31082
30884
30923
31083
30885
30924
31084
30886
30925
31085
30887
30926
31086
30888
30927
31087
30889
30928
31088
30890
30929
31089
30891
30930
31090
30892
30931
31091
30893
30932
31092
30894
30933
31093
30895
30934
31094
30896
30935
31095
30897
30936
31096
30898
30937
31097
30899
30938
31098
30900
30939
31099
30901
30940
31100
30902
30941
31101
30903
30942
31102
30904
30943
31103
30905
30944
31104
30906
30945
31105
30907
30946
31106
30908
30947
31107
30909
30948
31108
30910
30949
31109
30911
30950
31110
30912
30951
31111
30913
30952
31112
30914
30953
31113
30915
30954
31114
30916
30955
31115
30917
30956
31116
30918
30957
31117
30919
30958
31118
30959
31119
30921
30960
31120
30922
30961
31121
30923
30962
31122
30924
30963
31123
30925
30964
31124
30926
30965
31125
30927
30966
31126
30928
30967
31127
30929
30968
31128
30930
30969
31129
30931
30970
31130
30932
30971
31131
30933
30972
31132
30934
30973
31133
30935
30974
31134
30936
30975
31135
30937
30976
31136
30938
30977
31137
30939
30978
31138
30940
30979
31139
30941
30980
31140
30942
30981
31141
30943
30982
31142
30944
30983
31143
30945
30984
31144
30946
30985
31145
30947
30986
31146
30948
30987
31147
30949
30988
31148
30950
30989
31149
30951
30990
31150
30952
30991
31151
30953
30992
31152
30954
30993
31153
30955
30994
31154
30956
30995
31155
30957
30996
31156
30958
30997
31157
30959
30998
31158
30999
31159
30961
31160
30962
31161
30963
31162
30964
31163
30965
31164
30966
31165
30967
31166
30968
31167
30969
31168
30970
31169
30971
31170
30972
31171
30973
31172
30974
31173
30975
31174
30976
31175
30977
31176
30978
31177
30979
31178
30980
31179
30981
31180
30982
31181
30983
31182
30984
31183
30985
31184
30986
31185
30987
31186
30988
31187
30989
31188
30990
31189
30991
31190
30992
31191
30993
31192
30994
31193
30995
31194
30996
31195
30997
31196
30998
31197
30999
31198
31199
31001
31040
31200
31002
31041
31201
31003
31042
31202
31004
31043
31203
31005
31044
31204
31006
31045
31205
31007
31046
31206
31008
31047
31207
31009
31048
31208
31010
31049
31209
31011
31050
31210
31012
31051
31211
31013
31052
31212
31014
31053
31213
31015
31054
31214
31016
31055
31215
31017
31056
31216
31018
31057
31217
31019
31058
31218
31020
31059
31219
31021
31060
31220
31022
31061
31221
31023
31062
31222
31024
31063
31223
31025
31064
31224
31026
31065
31225
31027
31066
31226
31028
31067
31227
31029
31068
31228
31030
31069
31229
31031
31070
31230
31032
31071
31231
31033
31072
31232
31034
31073
31233
31035
31074
31234
31036
31075
31235
31037
31076
31236
31038
31077
31237
31039
31078
31238
31079
31239
31041
31080
31240
31042
31081
31241
31043
31082
31242
31044
31083
31243
31045
31084
31244
31046
31085
31245
31047
31086
31246
31048
31087
31247
31049
31088
31248
31050
31089
31249
31051
31090
31250
31052
31091
31251
31053
31092
31252
31054
31093
31253
31055
31094
31254
31056
31095
31255
31057
31096
31256
31058
31097
31257
31059
31098
31258
31060
31099
31259
31061
31100
31260
31062
31101
31261
31063
31102
31262
31064
31103
31263
31065
31104
31264
31066
31105
31265
31067
31106
31266
31068
31107
31267
31069
31108
31268
31070
31109
31269
31071
31110
31270
31072
31111
31271
31073
31112
31272
31074
31113
31273
31075
31114
31274
31076
31115
31275
31077
31116
31276
31078
31117
31277
31079
31118
31278
31119
31279
31081
31120
31280
31082
31121
31281
31083
31122
31282
31084
31123
31283
31085
31124
31284
31086
31125
31285
31087
31126
31286
31088
31127
31287
31089
31128
31288
31090
31129
31289
31091
31130
31290
31092
31131
31291
31093
31132
31292
31094
31133
31293
31095
31134
31294
31096
31135
31295
31097
31136
31296
31098
31137
31297
31099
31138
31298
31100
31139
31299
31101
31140
31300
31102
31141
31301
31103
31142
31302
31104
31143
31303
31105
31144
31304
31106
31145
31305
31107
31146
31306
31108
31147
31307
31109
31148
31308
31110
31149
31309
31111
31150
31310
31112
31151
31311
31113
31152
31312
31114
31153
31313
31115
31154
31314
31116
31155
31315
31117
31156
31316
31118
31157
31317
31119
31158
31318
31159
31319
31121
31160
31320
31122
31161
31321
31123
31162
31322
31124
31163
31323
31125
31164
31324
31126
31165
31325
31127
31166
31326
31128
31167
31327
31129
31168
31328
31130
31169
31329
31131
31170
31330
31132
31171
31331
31133
31172
31332
31134
31173
31333
31135
31174
31334
31136
31175
31335
31137
31176
31336
31138
31177
31337
31139
31178
31338
31140
31179
31339
31141
31180
31340
31142
31181
31341
31143
31182
31342
31144
31183
31343
31145
31184
31344
31146
31185
31345
31147
31186
31346
31148
31187
31347
31149
31188
31348
31150
31189
31349
31151
31190
31350
31152
31191
31351
31153
31192
31352
31154
31193
31353
31155
31194
31354
31156
31195
31355
31157
31196
31356
31158
31197
31357
31159
31198
31358
31199
31359
31161
31360
31162
31361
31163
31362
31164
31363
31165
31364
31166
31365
31167
31366
31168
31367
31169
31368
31170
31369
31171
31370
31172
31371
31173
31372
31174
31373
31175
31374
31176
31375
31177
31376
31178
31377
31179
31378
31180
31379
31181
31380
31182
31381
31183
31382
31184
31383
31185
31384
31186
31385
31187
31386
31188
31387
31189
31388
31190
31389
31191
31390
31192
31391
31193
31392
31194
31393
31195
31394
31196
31395
31197
31396
31198
31397
31199
31398
31399
31201
31240
31400
31202
31241
31401
31203
31242
31402
31204
31243
31403
31205
31244
31404
31206
31245
31405
31207
31246
31406
31208
31247
31407
31209
31248
31408
31210
31249
31409
31211
31250
31410
31212
31251
31411
31213
31252
31412
31214
31253
31413
31215
31254
31414
31216
31255
31415
31217
31256
31416
31218
31257
31417
31219
31258
31418
31220
31259
31419
31221
31260
31420
31222
31261
31421
31223
31262
31422
31224
31263
31423
31225
31264
31424
31226
31265
31425
31227
31266
31426
31228
31267
31427
31229
31268
31428
31230
31269
31429
31231
31270
31430
31232
31271
31431
31233
31272
31432
31234
31273
31433
31235
31274
31434
31236
31275
31435
31237
31276
31436
31238
31277
31437
31239
31278
31438
31279
31439
31241
31280
31440
31242
31281
31441
31243
31282
31442
31244
31283
31443
31245
31284
31444
31246
31285
31445
31247
31286
31446
31248
31287
31447
31249
31288
31448
31250
31289
31449
31251
31290
31450
31252
31291
31451
31253
31292
31452
31254
31293
31453
31255
31294
31454
31256
31295
31455
31257
31296
31456
31258
31297
31457
31259
31298
31458
31260
31299
31459
31261
31300
31460
31262
31301
31461
31263
31302
31462
31264
31303
31463
31265
31304
31464
31266
31305
31465
31267
31306
31466
31268
31307
31467
31269
31308
31468
31270
31309
31469
31271
31310
31470
31272
31311
31471
31273
31312
31472
31274
31313
31473
31275
31314
31474
31276
31315
31475
31277
31316
31476
31278
31317
31477
31279
31318
31478
31319
31479
31281
31320
31480
31282
31321
31481
31283
31322
31482
31284
31323
31483
31285
31324
31484
31286
31325
31485
31287
31326
31486
31288
31327
31487
31289
31328
31488
31290
31329
31489
31291
31330
31490
31292
31331
31491
31293
31332
31492
31294
31333
31493
31295
31334
31494
31296
31335
31495
31297
31336
31496
31298
31337
31497
31299
31338
31498
31300
31339
31499
31301
31340
31500
31302
31341
31501
31303
31342
31502
31304
31343
31503
31305
31344
31504
31306
31345
31505
31307
31346
31506
31308
31347
31507
31309
31348
31508
31310
31349
31509
31311
31350
31510
31312
31351
31511
31313
31352
31512
31314
31353
31513
31315
31354
31514
31316
31355
31515
31317
31356
31516
31318
31357
31517
31319
31358
31518
31359
31519
31321
31360
31520
31322
31361
31521
31323
31362
31522
31324
31363
31523
31325
31364
31524
31326
31365
31525
31327
31366
31526
31328
31367
31527
31329
31368
31528
31330
31369
31529
31331
31370
31530
31332
31371
31531
31333
31372
31532
31334
31373
31533
31335
31374
31534
31336
31375
31535
31337
31376
31536
31338
31377
31537
31339
31378
31538
31340
31379
31539
31341
31380
31540
31342
31381
31541
31343
31382
31542
31344
31383
31543
31345
31384
31544
31346
31385
31545
31347
31386
31546
31348
31387
31547
31349
31388
31548
31350
31389
31549
31351
31390
31550
31352
31391
31551
31353
31392
31552
31354
31393
31553
31355
31394
31554
31356
31395
31555
31357
31396
31556
31358
31397
31557
31359
31398
31558
31399
31559
31361
31560
31362
31561
31363
31562
31364
31563
31365
31564
31366
31565
31367
31566
31368
31567
31369
31568
31370
31569
31371
31570
31372
31571
31373
31572
31374
31573
31375
31574
31376
31575
31377
31576
31378
31577
31379
31578
31380
31579
31381
31580
31382
31581
31383
31582
31384
31583
31385
31584
31386
31585
31387
31586
31388
31587
31389
31588
31390
31589
31391
31590
31392
31591
31393
31592
31394
31593
31395
31594
31396
31595
31397
31596
31398
31597
31399
31598
31599
31401
31440
31600
31402
31441
31601
31403
31442
31602
31404
31443
31603
31405
31444
31604
31406
31445
31605
31407
31446
31606
31408
31447
31607
31409
31448
31608
31410
31449
31609
31411
31450
31610
31412
31451
31611
31413
31452
31612
31414
31453
31613
31415
31454
31614
31416
31455
31615
31417
31456
31616
31418
31457
31617
31419
31458
31618
31420
31459
31619
31421
31460
31620
31422
31461
31621
31423
31462
31622
31424
31463
31623
31425
31464
31624
31426
31465
31625
31427
31466
31626
31428
31467
31627
31429
31468
31628
31430
31469
31629
31431
31470
31630
31432
31471
31631
31433
31472
31632
31434
31473
31633
31435
31474
31634
31436
31475
31635
31437
31476
31636
31438
31477
31637
31439
31478
31638
31479
31639
31441
31480
31640
31442
31481
31641
31443
31482
31642
31444
31483
31643
31445
31484
31644
31446
31485
31645
31447
31486
31646
31448
31487
31647
31449
31488
31648
31450
31489
31649
31451
31490
31650
31452
31491
31651
31453
31492
31652
31454
31493
31653
31455
31494
31654
31456
31495
31655
31457
31496
31656
31458
31497
31657
31459
31498
31658
31460
31499
31659
31461
31500
31660
31462
31501
31661
31463
31502
31662
31464
31503
31663
31465
31504
31664
31466
31505
31665
31467
31506
31666
31468
31507
31667
31469
31508
31668
31470
31509
31669
31471
31510
31670
31472
31511
31671
31473
31512
31672
31474
31513
31673
31475
31514
31674
31476
31515
31675
31477
31516
31676
31478
31517
31677
31479
31518
31678
31519
31679
31481
31520
31680
31482
31521
31681
31483
31522
31682
31484
31523
31683
31485
31524
31684
31486
31525
31685
31487
31526
31686
31488
31527
31687
31489
31528
31688
31490
31529
31689
31491
31530
31690
31492
31531
31691
31493
31532
31692
31494
31533
31693
31495
31534
31694
31496
31535
31695
31497
31536
31696
31498
31537
31697
31499
31538
31698
31500
31539
31699
31501
31540
31700
31502
31541
31701
31503
31542
31702
31504
31543
31703
31505
31544
31704
31506
31545
31705
31507
31546
31706
31508
31547
31707
31509
31548
31708
31510
31549
31709
31511
31550
31710
31512
31551
31711
31513
31552
31712
31514
31553
31713
31515
31554
31714
31516
31555
31715
31517
31556
31716
31518
31557
31717
31519
31558
31718
31559
31719
31521
31560
31720
31522
31561
31721
31523
31562
31722
31524
31563
31723
31525
31564
31724
31526
31565
31725
31527
31566
31726
31528
31567
31727
31529
31568
31728
31530
31569
31729
31531
31570
31730
31532
31571
31731
31533
31572
31732
31534
31573
31733
31535
31574
31734
31536
31575
31735
31537
31576
31736
31538
31577
31737
31539
31578
31738
31540
31579
31739
31541
31580
31740
31542
31581
31741
31543
31582
31742
31544
31583
31743
31545
31584
31744
31546
31585
31745
31547
31586
31746
31548
31587
31747
31549
31588
31748
31550
31589
31749
31551
31590
31750
31552
31591
31751
31553
31592
31752
31554
31593
31753
31555
31594
31754
31556
31595
31755
31557
31596
31756
31558
31597
31757
31559
31598
31758
31599
31759
31561
31760
31562
31761
31563
31762
31564
31763
31565
31764
31566
31765
31567
31766
31568
31767
31569
31768
31570
31769
31571
31770
31572
31771
31573
31772
31574
31773
31575
31774
31576
31775
31577
31776
31578
31777
31579
31778
31580
31779
31581
31780
31582
31781
31583
31782
31584
31783
31585
31784
31586
31785
31587
31786
31588
31787
31589
31788
31590
31789
31591
31790
31592
31791
31593
31792
31594
31793
31595
31794
31596
31795
31597
31796
31598
31797
31599
31798
31799
31601
31640
31800
31602
31641
31801
31603
31642
31802
31604
31643
31803
31605
31644
31804
31606
31645
31805
31607
31646
31806
31608
31647
31807
31609
31648
31808
31610
31649
31809
31611
31650
31810
31612
31651
31811
31613
31652
31812
31614
31653
31813
31615
31654
31814
31616
31655
31815
31617
31656
31816
31618
31657
31817
31619
31658
31818
31620
31659
31819
31621
31660
31820
31622
31661
31821
31623
31662
31822
31624
31663
31823
31625
31664
31824
31626
31665
31825
31627
31666
31826
31628
31667
31827
31629
31668
31828
31630
31669
31829
31631
31670
31830
31632
31671
31831
31633
31672
31832
31634
31673
31833
31635
31674
31834
31636
31675
31835
31637
31676
31836
31638
31677
31837
31639
31678
31838
31679
31839
31641
31680
31840
31642
31681
31841
31643
31682
31842
31644
31683
31843
31645
31684
31844
31646
31685
31845
31647
31686
31846
31648
31687
31847
31649
31688
31848
31650
31689
31849
31651
31690
31850
31652
31691
31851
31653
31692
31852
31654
31693
31853
31655
31694
31854
31656
31695
31855
31657
31696
31856
31658
31697
31857
31659
31698
31858
31660
31699
31859
31661
31700
31860
31662
31701
31861
31663
31702
31862
31664
31703
31863
31665
31704
31864
31666
31705
31865
31667
31706
31866
31668
31707
31867
31669
31708
31868
31670
31709
31869
31671
31710
31870
31672
31711
31871
31673
31712
31872
31674
31713
31873
31675
31714
31874
31676
31715
31875
31677
31716
31876
31678
31717
31877
31679
31718
31878
31719
31879
31681
31720
31880
31682
31721
31881
31683
31722
31882
31684
31723
31883
31685
31724
31884
31686
31725
31885
31687
31726
31886
31688
31727
31887
31689
31728
31888
31690
31729
31889
31691
31730
31890
31692
31731
31891
31693
31732
31892
31694
31733
31893
31695
31734
31894
31696
31735
31895
31697
31736
31896
31698
31737
31897
31699
31738
31898
31700
31739
31899
31701
31740
31900
31702
31741
31901
31703
31742
31902
31704
31743
31903
31705
31744
31904
31706
31745
31905
31707
31746
31906
31708
31747
31907
31709
31748
31908
31710
31749
31909
31711
31750
31910
31712
31751
31911
31713
31752
31912
31714
31753
31913
31715
31754
31914
31716
31755
31915
31717
31756
31916
31718
31757
31917
31719
31758
31918
31759
31919
31721
31760
31920
31722
31761
31921
31723
31762
31922
31724
31763
31923
31725
31764
31924
31726
31765
31925
31727
31766
31926
31728
31767
31927
31729
31768
31928
31730
31769
31929
31731
31770
31930
31732
31771
31931
31733
31772
31932
31734
31773
31933
31735
31774
31934
31736
31775
31935
31737
31776
31936
31738
31777
31937
31739
31778
31938
31740
31779
31939
31741
31780
31940
31742
31781
31941
31743
31782
31942
31744
31783
31943
31745
31784
31944
31746
31785
31945
31747
31786
31946
31748
31787
31947
31749
31788
31948
31750
31789
31949
31751
31790
31950
31752
31791
31951
31753
31792
31952
31754
31793
31953
31755
31794
31954
31756
31795
31955
31757
31796
31956
31758
31797
31957
31759
31798
31958
31799
31959
31761
31960
31762
31961
31763
31962
31764
31963
31765
31964
31766
31965
31767
31966
31768
31967
31769
31968
31770
31969
31771
31970
31772
31971
31773
31972
31774
31973
31775
31974
31776
31975
31777
31976
31778
31977
31779
31978
31780
31979
31781
31980
31782
31981
31783
31982
31784
31983
31785
31984
31786
31985
31787
31986
31788
31987
31789
31988
31790
31989
31791
31990
31792
31991
31793
31992
31794
31993
31795
31994
31796
31995
31797
31996
31798
31997
31799
31998
31999
31801
31840
32000
31802
31841
32001
31803
31842
32002
31804
31843
32003
31805
31844
32004
31806
31845
32005
31807
31846
32006
31808
31847
32007
31809
31848
32008
31810
31849
32009
31811
31850
32010
31812
31851
32011
31813
31852
32012
31814
31853
32013
31815
31854
32014
31816
31855
32015
31817
31856
32016
31818
31857
32017
31819
31858
32018
31820
31859
32019
31821
31860
32020
31822
31861
32021
31823
31862
32022
31824
31863
32023
31825
31864
32024
31826
31865
32025
31827
31866
32026
31828
31867
32027
31829
31868
32028
31830
31869
32029
31831
31870
32030
31832
31871
32031
31833
31872
32032
31834
31873
32033
31835
31874
32034
31836
31875
32035
31837
31876
32036
31838
31877
32037
31839
31878
32038
31879
32039
31841
31880
32040
31842
31881
32041
31843
31882
32042
31844
31883
32043
31845
31884
32044
31846
31885
32045
31847
31886
32046
31848
31887
32047
31849
31888
32048
31850
31889
32049
31851
31890
32050
31852
31891
32051
31853
31892
32052
31854
31893
32053
31855
31894
32054
31856
31895
32055
31857
31896
32056
31858
31897
32057
31859
31898
32058
31860
31899
32059
31861
31900
32060
31862
31901
32061
31863
31902
32062
31864
31903
32063
31865
31904
32064
31866
31905
32065
31867
31906
32066
31868
31907
32067
31869
31908
32068
31870
31909
32069
31871
31910
32070
31872
31911
32071
31873
31912
32072
31874
31913
32073
31875
31914
32074
31876
31915
32075
31877
31916
32076
31878
31917
32077
31879
31918
32078
31919
32079
31881
31920
32080
31882
31921
32081
31883
31922
32082
31884
31923
32083
31885
31924
32084
31886
31925
32085
31887
31926
32086
31888
31927
32087
31889
31928
32088
31890
31929
32089
31891
31930
32090
31892
31931
32091
31893
31932
32092
31894
31933
32093
31895
31934
32094
31896
31935
32095
31897
31936
32096
31898
31937
32097
31899
31938
32098
31900
31939
32099
31901
31940
32100
31902
31941
32101
31903
31942
32102
31904
31943
32103
31905
31944
32104
31906
31945
32105
31907
31946
32106
31908
31947
32107
31909
31948
32108
31910
31949
32109
31911
31950
32110
31912
31951
32111
31913
31952
32112
31914
31953
32113
31915
31954
32114
31916
31955
32115
31917
31956
32116
31918
31957
32117
31919
31958
32118
31959
32119
31921
31960
32120
31922
31961
32121
31923
31962
32122
31924
31963
32123
31925
31964
32124
31926
31965
32125
31927
31966
32126
31928
31967
32127
31929
31968
32128
31930
31969
32129
31931
31970
32130
31932
31971
32131
31933
31972
32132
31934
31973
32133
31935
31974
32134
31936
31975
32135
31937
31976
32136
31938
31977
32137
31939
31978
32138
31940
31979
32139
31941
31980
32140
31942
31981
32141
31943
31982
32142
31944
31983
32143
31945
31984
32144
31946
31985
32145
31947
31986
32146
31948
31987
32147
31949
31988
32148
31950
31989
32149
31951
31990
32150
31952
31991
32151
31953
31992
32152
31954
31993
32153
31955
31994
32154
31956
31995
32155
31957
31996
32156
31958
31997
32157
31959
31998
32158
31999
32159
31961
32160
31962
32161
31963
32162
31964
32163
31965
32164
31966
32165
31967
32166
31968
32167
31969
32168
31970
32169
31971
32170
31972
32171
31973
32172
31974
32173
31975
32174
31976
32175
31977
32176
31978
32177
31979
32178
31980
32179
31981
32180
31982
32181
31983
32182
31984
32183
31985
32184
31986
32185
31987
32186
31988
32187
31989
32188
31990
32189
31991
32190
31992
32191
31993
32192
31994
32193
31995
32194
31996
32195
31997
32196
31998
32197
31999
32198
32199
32001
32040
32200
32002
32041
32201
32003
32042
32202
32004
32043
32203
32005
32044
32204
32006
32045
32205
32007
32046
32206
32008
32047
32207
32009
32048
32208
32010
32049
32209
32011
32050
32210
32012
32051
32211
32013
32052
32212
32014
32053
32213
32015
32054
32214
32016
32055
32215
32017
32056
32216
32018
32057
32217
32019
32058
32218
32020
32059
32219
32021
32060
32220
32022
32061
32221
32023
32062
32222
32024
32063
32223
32025
32064
32224
32026
32065
32225
32027
32066
32226
32028
32067
32227
32029
32068
32228
32030
32069
32229
32031
32070
32230
32032
32071
32231
32033
32072
32232
32034
32073
32233
32035
32074
32234
32036
32075
32235
32037
32076
32236
32038
32077
32237
32039
32078
32238
32079
32239
32041
32080
32240
32042
32081
32241
32043
32082
32242
32044
32083
32243
32045
32084
32244
32046
32085
32245
32047
32086
32246
32048
32087
32247
32049
32088
32248
32050
32089
32249
32051
32090
32250
32052
32091
32251
32053
32092
32252
32054
32093
32253
32055
32094
32254
32056
32095
32255
32057
32096
32256
32058
32097
32257
32059
32098
32258
32060
32099
32259
32061
32100
32260
32062
32101
32261
32063
32102
32262
32064
32103
32263
32065
32104
32264
32066
32105
32265
32067
32106
32266
32068
32107
32267
32069
32108
32268
32070
32109
32269
32071
32110
32270
32072
32111
32271
32073
32112
32272
32074
32113
32273
32075
32114
32274
32076
32115
32275
32077
32116
32276
32078
32117
32277
32079
32118
32278
32119
32279
32081
32120
32280
32082
32121
32281
32083
32122
32282
32084
32123
32283
32085
32124
32284
32086
32125
32285
32087
32126
32286
32088
32127
32287
32089
32128
32288
32090
32129
32289
32091
32130
32290
32092
32131
32291
32093
32132
32292
32094
32133
32293
32095
32134
32294
32096
32135
32295
32097
32136
32296
32098
32137
32297
32099
32138
32298
32100
32139
32299
32101
32140
32300
32102
32141
32301
32103
32142
32302
32104
32143
32303
32105
32144
32304
32106
32145
32305
32107
32146
32306
32108
32147
32307
32109
32148
32308
32110
32149
32309
32111
32150
32310
32112
32151
32311
32113
32152
32312
32114
32153
32313
32115
32154
32314
32116
32155
32315
32117
32156
32316
32118
32157
32317
32119
32158
32318
32159
32319
32121
32160
32320
32122
32161
32321
32123
32162
32322
32124
32163
32323
32125
32164
32324
32126
32165
32325
32127
32166
32326
32128
32167
32327
32129
32168
32328
32130
32169
32329
32131
32170
32330
32132
32171
32331
32133
32172
32332
32134
32173
32333
32135
32174
32334
32136
32175
32335
32137
32176
32336
32138
32177
32337
32139
32178
32338
32140
32179
32339
32141
32180
32340
32142
32181
32341
32143
32182
32342
32144
32183
32343
32145
32184
32344
32146
32185
32345
32147
32186
32346
32148
32187
32347
32149
32188
32348
32150
32189
32349
32151
32190
32350
32152
32191
32351
32153
32192
32352
32154
32193
32353
32155
32194
32354
32156
32195
32355
32157
32196
32356
32158
32197
32357
32159
32198
32358
32199
32359
32161
32360
32162
32361
32163
32362
32164
32363
32165
32364
32166
32365
32167
32366
32168
32367
32169
32368
32170
32369
32171
32370
32172
32371
32173
32372
32174
32373
32175
32374
32176
32375
32177
32376
32178
32377
32179
32378
32180
32379
32181
32380
32182
32381
32183
32382
32184
32383
32185
32384
32186
32385
32187
32386
32188
32387
32189
32388
32190
32389
32191
32390
32192
32391
32193
32392
32194
32393
32195
32394
32196
32395
32197
32396
32198
32397
32199
32398
32399
32201
32240
32400
32202
32241
32401
32203
32242
32402
32204
32243
32403
32205
32244
32404
32206
32245
32405
32207
32246
32406
32208
32247
32407
32209
32248
32408
32210
32249
32409
32211
32250
32410
32212
32251
32411
32213
32252
32412
32214
32253
32413
32215
32254
32414
32216
32255
32415
32217
32256
32416
32218
32257
32417
32219
32258
32418
32220
32259
32419
32221
32260
32420
32222
32261
32421
32223
32262
32422
32224
32263
32423
32225
32264
32424
32226
32265
32425
32227
32266
32426
32228
32267
32427
32229
32268
32428
32230
32269
32429
32231
32270
32430
32232
32271
32431
32233
32272
32432
32234
32273
32433
32235
32274
32434
32236
32275
32435
32237
32276
32436
32238
32277
32437
32239
32278
32438
32279
32439
32241
32280
32440
32242
32281
32441
32243
32282
32442
32244
32283
32443
32245
32284
32444
32246
32285
32445
32247
32286
32446
32248
32287
32447
32249
32288
32448
32250
32289
32449
32251
32290
32450
32252
32291
32451
32253
32292
32452
32254
32293
32453
32255
32294
32454
32256
32295
32455
32257
32296
32456
32258
32297
32457
32259
32298
32458
32260
32299
32459
32261
32300
32460
32262
32301
32461
32263
32302
32462
32264
32303
32463
32265
32304
32464
32266
32305
32465
32267
32306
32466
32268
32307
32467
32269
32308
32468
32270
32309
32469
32271
32310
32470
32272
32311
32471
32273
32312
32472
32274
32313
32473
32275
32314
32474
32276
32315
32475
32277
32316
32476
32278
32317
32477
32279
32318
32478
32319
32479
32281
32320
32480
32282
32321
32481
32283
32322
32482
32284
32323
32483
32285
32324
32484
32286
32325
32485
32287
32326
32486
32288
32327
32487
32289
32328
32488
32290
32329
32489
32291
32330
32490
32292
32331
32491
32293
32332
32492
32294
32333
32493
32295
32334
32494
32296
32335
32495
32297
32336
32496
32298
32337
32497
32299
32338
32498
32300
32339
32499
32301
32340
32500
32302
32341
32501
32303
32342
32502
32304
32343
32503
32305
32344
32504
32306
32345
32505
32307
32346
32506
32308
32347
32507
32309
32348
32508
32310
32349
32509
32311
32350
32510
32312
32351
32511
32313
32352
32512
32314
32353
32513
32315
32354
32514
32316
32355
32515
32317
32356
32516
32318
32357
32517
32319
32358
32518
32359
32519
32321
32360
32520
32322
32361
32521
32323
32362
32522
32324
32363
32523
32325
32364
32524
32326
32365
32525
32327
32366
32526
32328
32367
32527
32329
32368
32528
32330
32369
32529
32331
32370
32530
32332
32371
32531
32333
32372
32532
32334
32373
32533
32335
32374
32534
32336
32375
32535
32337
32376
32536
32338
32377
32537
32339
32378
32538
32340
32379
32539
32341
32380
32540
32342
32381
32541
32343
32382
32542
32344
32383
32543
32345
32384
32544
32346
32385
32545
32347
32386
32546
32348
32387
32547
32349
32388
32548
32350
32389
32549
32351
32390
32550
32352
32391
32551
32353
32392
32552
32354
32393
32553
32355
32394
32554
32356
32395
32555
32357
32396
32556
32358
32397
32557
32359
32398
32558
32399
32559
32361
32560
32362
32561
32363
32562
32364
32563
32365
32564
32366
32565
32367
32566
32368
32567
32369
32568
32370
32569
32371
32570
32372
32571
32373
32572
32374
32573
32375
32574
32376
32575
32377
32576
32378
32577
32379
32578
32380
32579
32381
32580
32382
32581
32383
32582
32384
32583
32385
32584
32386
32585
32387
32586
32388
32587
32389
32588
32390
32589
32391
32590
32392
32591
32393
32592
32394
32593
32395
32594
32396
32595
32397
32596
32398
32597
32399
32598
32599
32401
32440
32600
32402
32441
32601
32403
32442
32602
32404
32443
32603
32405
32444
32604
32406
32445
32605
32407
32446
32606
32408
32447
32607
32409
32448
32608
32410
32449
32609
32411
32450
32610
32412
32451
32611
32413
32452
32612
32414
32453
32613
32415
32454
32614
32416
32455
32615
32417
32456
32616
32418
32457
32617
32419
32458
32618
32420
32459
32619
32421
32460
32620
32422
32461
32621
32423
32462
32622
32424
32463
32623
32425
32464
32624
32426
32465
32625
32427
32466
32626
32428
32467
32627
32429
32468
32628
32430
32469
32629
32431
32470
32630
32432
32471
32631
32433
32472
32632
32434
32473
32633
32435
32474
32634
32436
32475
32635
32437
32476
32636
32438
32477
32637
32439
32478
32638
32479
32639
32441
32480
32640
32442
32481
32641
32443
32482
32642
32444
32483
32643
32445
32484
32644
32446
32485
32645
32447
32486
32646
32448
32487
32647
32449
32488
32648
32450
32489
32649
32451
32490
32650
32452
32491
32651
32453
32492
32652
32454
32493
32653
32455
32494
32654
32456
32495
32655
32457
32496
32656
32458
32497
32657
32459
32498
32658
32460
32499
32659
32461
32500
32660
32462
32501
32661
32463
32502
32662
32464
32503
32663
32465
32504
32664
32466
32505
32665
32467
32506
32666
32468
32507
32667
32469
32508
32668
32470
32509
32669
32471
32510
32670
32472
32511
32671
32473
32512
32672
32474
32513
32673
32475
32514
32674
32476
32515
32675
32477
32516
32676
32478
32517
32677
32479
32518
32678
32519
32679
32481
32520
32680
32482
32521
32681
32483
32522
32682
32484
32523
32683
32485
32524
32684
32486
32525
32685
32487
32526
32686
32488
32527
32687
32489
32528
32688
32490
32529
32689
32491
32530
32690
32492
32531
32691
32493
32532
32692
32494
32533
32693
32495
32534
32694
32496
32535
32695
32497
32536
32696
32498
32537
32697
32499
32538
32698
32500
32539
32699
32501
32540
32700
32502
32541
32701
32503
32542
32702
32504
32543
32703
32505
32544
32704
32506
32545
32705
32507
32546
32706
32508
32547
32707
32509
32548
32708
32510
32549
32709
32511
32550
32710
32512
32551
32711
32513
32552
32712
32514
32553
32713
32515
32554
32714
32516
32555
32715
32517
32556
32716
32518
32557
32717
32519
32558
32718
32559
32719
32521
32560
32720
32522
32561
32721
32523
32562
32722
32524
32563
32723
32525
32564
32724
32526
32565
32725
32527
32566
32726
32528
32567
32727
32529
32568
32728
32530
32569
32729
32531
32570
32730
32532
32571
32731
32533
32572
32732
32534
32573
32733
32535
32574
32734
32536
32575
32735
32537
32576
32736
32538
32577
32737
32539
32578
32738
32540
32579
32739
32541
32580
32740
32542
32581
32741
32543
32582
32742
32544
32583
32743
32545
32584
32744
32546
32585
32745
32547
32586
32746
32548
32587
32747
32549
32588
32748
32550
32589
32749
32551
32590
32750
32552
32591
32751
32553
32592
32752
32554
32593
32753
32555
32594
32754
32556
32595
32755
32557
32596
32756
32558
32597
32757
32559
32598
32758
32599
32759
32561
32760
32562
32761
32563
32762
32564
32763
32565
32764
32566
32765
32567
32766
32568
32767
32569
32768
32570
32769
32571
32770
32572
32771
32573
32772
32574
32773
32575
32774
32576
32775
32577
32776
32578
32777
32579
32778
32580
32779
32581
32780
32582
32781
32583
32782
32584
32783
32585
32784
32586
32785
32587
32786
32588
32787
32589
32788
32590
32789
32591
32790
32592
32791
32593
32792
32594
32793
32595
32794
32596
32795
32597
32796
32598
32797
32599
32798
32799
32601
32640
32800
32602
32641
32801
32603
32642
32802
32604
32643
32803
32605
32644
32804
32606
32645
32805
32607
32646
32806
32608
32647
32807
32609
32648
32808
32610
32649
32809
32611
32650
32810
32612
32651
32811
32613
32652
32812
32614
32653
32813
32615
32654
32814
32616
32655
32815
32617
32656
32816
32618
32657
32817
32619
32658
32818
32620
32659
32819
32621
32660
32820
32622
32661
32821
32623
32662
32822
32624
32663
32823
32625
32664
32824
32626
32665
32825
32627
32666
32826
32628
32667
32827
32629
32668
32828
32630
32669
32829
32631
32670
32830
32632
32671
32831
32633
32672
32832
32634
32673
32833
32635
32674
32834
32636
32675
32835
32637
32676
32836
32638
32677
32837
32639
32678
32838
32679
32839
32641
32680
32840
32642
32681
32841
32643
32682
32842
32644
32683
32843
32645
32684
32844
32646
32685
32845
32647
32686
32846
32648
32687
32847
32649
32688
32848
32650
32689
32849
32651
32690
32850
32652
32691
32851
32653
32692
32852
32654
32693
32853
32655
32694
32854
32656
32695
32855
32657
32696
32856
32658
32697
32857
32659
32698
32858
32660
32699
32859
32661
32700
32860
32662
32701
32861
32663
32702
32862
32664
32703
32863
32665
32704
32864
32666
32705
32865
32667
32706
32866
32668
32707
32867
32669
32708
32868
32670
32709
32869
32671
32710
32870
32672
32711
32871
32673
32712
32872
32674
32713
32873
32675
32714
32874
32676
32715
32875
32677
32716
32876
32678
32717
32877
32679
32718
32878
32719
32879
32681
32720
32880
32682
32721
32881
32683
32722
32882
32684
32723
32883
32685
32724
32884
32686
32725
32885
32687
32726
32886
32688
32727
32887
32689
32728
32888
32690
32729
32889
32691
32730
32890
32692
32731
32891
32693
32732
32892
32694
32733
32893
32695
32734
32894
32696
32735
32895
32697
32736
32896
32698
32737
32897
32699
32738
32898
32700
32739
32899
32701
32740
32900
32702
32741
32901
32703
32742
32902
32704
32743
32903
32705
32744
32904
32706
32745
32905
32707
32746
32906
32708
32747
32907
32709
32748
32908
32710
32749
32909
32711
32750
32910
32712
32751
32911
32713
32752
32912
32714
32753
32913
32715
32754
32914
32716
32755
32915
32717
32756
32916
32718
32757
32917
32719
32758
32918
32759
32919
32721
32760
32920
32722
32761
32921
32723
32762
32922
32724
32763
32923
32725
32764
32924
32726
32765
32925
32727
32766
32926
32728
32767
32927
32729
32768
32928
32730
32769
32929
32731
32770
32930
32732
32771
32931
32733
32772
32932
32734
32773
32933
32735
32774
32934
32736
32775
32935
32737
32776
32936
32738
32777
32937
32739
32778
32938
32740
32779
32939
32741
32780
32940
32742
32781
32941
32743
32782
32942
32744
32783
32943
32745
32784
32944
32746
32785
32945
32747
32786
32946
32748
32787
32947
32749
32788
32948
32750
32789
32949
32751
32790
32950
32752
32791
32951
32753
32792
32952
32754
32793
32953
32755
32794
32954
32756
32795
32955
32757
32796
32956
32758
32797
32957
32759
32798
32958
32799
32959
32761
32960
32762
32961
32763
32962
32764
32963
32765
32964
32766
32965
32767
32966
32768
32967
32769
32968
32770
32969
32771
32970
32772
32971
32773
32972
32774
32973
32775
32974
32776
32975
32777
32976
32778
32977
32779
32978
32780
32979
32781
32980
32782
32981
32783
32982
32784
32983
32785
32984
32786
32985
32787
32986
32788
32987
32789
32988
32790
32989
32791
32990
32792
32991
32793
32992
32794
32993
32795
32994
32796
32995
32797
32996
32798
32997
32799
32998
32999
32801
32840
33000
32802
32841
33001
32803
32842
33002
32804
32843
33003
32805
32844
33004
32806
32845
33005
32807
32846
33006
32808
32847
33007
32809
32848
33008
32810
32849
33009
32811
32850
33010
32812
32851
33011
32813
32852
33012
32814
32853
33013
32815
32854
33014
32816
32855
33015
32817
32856
33016
32818
32857
33017
32819
32858
33018
32820
32859
33019
32821
32860
33020
32822
32861
33021
32823
32862
33022
32824
32863
33023
32825
32864
33024
32826
32865
33025
32827
32866
33026
32828
32867
33027
32829
32868
33028
32830
32869
33029
32831
32870
33030
32832
32871
33031
32833
32872
33032
32834
32873
33033
32835
32874
33034
32836
32875
33035
32837
32876
33036
32838
32877
33037
32839
32878
33038
32879
33039
32841
32880
33040
32842
32881
33041
32843
32882
33042
32844
32883
33043
32845
32884
33044
32846
32885
33045
32847
32886
33046
32848
32887
33047
32849
32888
33048
32850
32889
33049
32851
32890
33050
32852
32891
33051
32853
32892
33052
32854
32893
33053
32855
32894
33054
32856
32895
33055
32857
32896
33056
32858
32897
33057
32859
32898
33058
32860
32899
33059
32861
32900
33060
32862
32901
33061
32863
32902
33062
32864
32903
33063
32865
32904
33064
32866
32905
33065
32867
32906
33066
32868
32907
33067
32869
32908
33068
32870
32909
33069
32871
32910
33070
32872
32911
33071
32873
32912
33072
32874
32913
33073
32875
32914
33074
32876
32915
33075
32877
32916
33076
32878
32917
33077
32879
32918
33078
32919
33079
32881
32920
33080
32882
32921
33081
32883
32922
33082
32884
32923
33083
32885
32924
33084
32886
32925
33085
32887
32926
33086
32888
32927
33087
32889
32928
33088
32890
32929
33089
32891
32930
33090
32892
32931
33091
32893
32932
33092
32894
32933
33093
32895
32934
33094
32896
32935
33095
32897
32936
33096
32898
32937
33097
32899
32938
33098
32900
32939
33099
32901
32940
33100
32902
32941
33101
32903
32942
33102
32904
32943
33103
32905
32944
33104
32906
32945
33105
32907
32946
33106
32908
32947
33107
32909
32948
33108
32910
32949
33109
32911
32950
33110
32912
32951
33111
32913
32952
33112
32914
32953
33113
32915
32954
33114
32916
32955
33115
32917
32956
33116
32918
32957
33117
32919
32958
33118
32959
33119
32921
32960
33120
32922
32961
33121
32923
32962
33122
32924
32963
33123
32925
32964
33124
32926
32965
33125
32927
32966
33126
32928
32967
33127
32929
32968
33128
32930
32969
33129
32931
32970
33130
32932
32971
33131
32933
32972
33132
32934
32973
33133
32935
32974
33134
32936
32975
33135
32937
32976
33136
32938
32977
33137
32939
32978
33138
32940
32979
33139
32941
32980
33140
32942
32981
33141
32943
32982
33142
32944
32983
33143
32945
32984
33144
32946
32985
33145
32947
32986
33146
32948
32987
33147
32949
32988
33148
32950
32989
33149
32951
32990
33150
32952
32991
33151
32953
32992
33152
32954
32993
33153
32955
32994
33154
32956
32995
33155
32957
32996
33156
32958
32997
33157
32959
32998
33158
32999
33159
32961
33160
32962
33161
32963
33162
32964
33163
32965
33164
32966
33165
32967
33166
32968
33167
32969
33168
32970
33169
32971
33170
32972
33171
32973
33172
32974
33173
32975
33174
32976
33175
32977
33176
32978
33177
32979
33178
32980
33179
32981
33180
32982
33181
32983
33182
32984
33183
32985
33184
32986
33185
32987
33186
32988
33187
32989
33188
32990
33189
32991
33190
32992
33191
32993
33192
32994
33193
32995
33194
32996
33195
32997
33196
32998
33197
32999
33198
33199
33001
33040
33200
33002
33041
33201
33003
33042
33202
33004
33043
33203
33005
33044
33204
33006
33045
33205
33007
33046
33206
33008
33047
33207
33009
33048
33208
33010
33049
33209
33011
33050
33210
33012
33051
33211
33013
33052
33212
33014
33053
33213
33015
33054
33214
33016
33055
33215
33017
33056
33216
33018
33057
33217
33019
33058
33218
33020
33059
33219
33021
33060
33220
33022
33061
33221
33023
33062
33222
33024
33063
33223
33025
33064
33224
33026
33065
33225
33027
33066
33226
33028
33067
33227
33029
33068
33228
33030
33069
33229
33031
33070
33230
33032
33071
33231
33033
33072
33232
33034
33073
33233
33035
33074
33234
33036
33075
33235
33037
33076
33236
33038
33077
33237
33039
33078
33238
33079
33239
33041
33080
33240
33042
33081
33241
33043
33082
33242
33044
33083
33243
33045
33084
33244
33046
33085
33245
33047
33086
33246
33048
33087
33247
33049
33088
33248
33050
33089
33249
33051
33090
33250
33052
33091
33251
33053
33092
33252
33054
33093
33253
33055
33094
33254
33056
33095
33255
33057
33096
33256
33058
33097
33257
33059
33098
33258
33060
33099
33259
33061
33100
33260
33062
33101
33261
33063
33102
33262
33064
33103
33263
33065
33104
33264
33066
33105
33265
33067
33106
33266
33068
33107
33267
33069
33108
33268
33070
33109
33269
33071
33110
33270
33072
33111
33271
33073
33112
33272
33074
33113
33273
33075
33114
33274
33076
33115
33275
33077
33116
33276
33078
33117
33277
33079
33118
33278
33119
33279
33081
33120
33280
33082
33121
33281
33083
33122
33282
33084
33123
33283
33085
33124
33284
33086
33125
33285
33087
33126
33286
33088
33127
33287
33089
33128
33288
33090
33129
33289
33091
33130
33290
33092
33131
33291
33093
33132
33292
33094
33133
33293
33095
33134
33294
33096
33135
33295
33097
33136
33296
33098
33137
33297
33099
33138
33298
33100
33139
33299
33101
33140
33300
33102
33141
33301
33103
33142
33302
33104
33143
33303
33105
33144
33304
33106
33145
33305
33107
33146
33306
33108
33147
33307
33109
33148
33308
33110
33149
33309
33111
33150
33310
33112
33151
33311
33113
33152
33312
33114
33153
33313
33115
33154
33314
33116
33155
33315
33117
33156
33316
33118
33157
33317
33119
33158
33318
33159
33319
33121
33160
33320
33122
33161
33321
33123
33162
33322
33124
33163
33323
33125
33164
33324
33126
33165
33325
33127
33166
33326
33128
33167
33327
33129
33168
33328
33130
33169
33329
33131
33170
33330
33132
33171
33331
33133
33172
33332
33134
33173
33333
33135
33174
33334
33136
33175
33335
33137
33176
33336
33138
33177
33337
33139
33178
33338
33140
33179
33339
33141
33180
33340
33142
33181
33341
33143
33182
33342
33144
33183
33343
33145
33184
33344
33146
33185
33345
33147
33186
33346
33148
33187
33347
33149
33188
33348
33150
33189
33349
33151
33190
33350
33152
33191
33351
33153
33192
33352
33154
33193
33353
33155
33194
33354
33156
33195
33355
33157
33196
33356
33158
33197
33357
33159
33198
33358
33199
33359
33161
33360
33162
33361
33163
33362
33164
33363
33165
33364
33166
33365
33167
33366
33168
33367
33169
33368
33170
33369
33171
33370
33172
33371
33173
33372
33174
33373
33175
33374
33176
33375
33177
33376
33178
33377
33179
33378
33180
33379
33181
33380
33182
33381
33183
33382
33184
33383
33185
33384
33186
33385
33187
33386
33188
33387
33189
33388
33190
33389
33191
33390
33192
33391
33193
33392
33194
33393
33195
33394
33196
33395
33197
33396
33198
33397
33199
33398
33399
33201
33240
33400
33202
33241
33401
33203
33242
33402
33204
33243
33403
33205
33244
33404
33206
33245
33405
33207
33246
33406
33208
33247
33407
33209
33248
33408
33210
33249
33409
33211
33250
33410
33212
33251
33411
33213
33252
33412
33214
33253
33413
33215
33254
33414
33216
33255
33415
33217
33256
33416
33218
33257
33417
33219
33258
33418
33220
33259
33419
33221
33260
33420
33222
33261
33421
33223
33262
33422
33224
33263
33423
33225
33264
33424
33226
33265
33425
33227
33266
33426
33228
33267
33427
33229
33268
33428
33230
33269
33429
33231
33270
33430
33232
33271
33431
33233
33272
33432
33234
33273
33433
33235
33274
33434
33236
33275
33435
33237
33276
33436
33238
33277
33437
33239
33278
33438
33279
33439
33241
33280
33440
33242
33281
33441
33243
33282
33442
33244
33283
33443
33245
33284
33444
33246
33285
33445
33247
33286
33446
33248
33287
33447
33249
33288
33448
33250
33289
33449
33251
33290
33450
33252
33291
33451
33253
33292
33452
33254
33293
33453
33255
33294
33454
33256
33295
33455
33257
33296
33456
33258
33297
33457
33259
33298
33458
33260
33299
33459
33261
33300
33460
33262
33301
33461
33263
33302
33462
33264
33303
33463
33265
33304
33464
33266
33305
33465
33267
33306
33466
33268
33307
33467
33269
33308
33468
33270
33309
33469
33271
33310
33470
33272
33311
33471
33273
33312
33472
33274
33313
33473
33275
33314
33474
33276
33315
33475
33277
33316
33476
33278
33317
33477
33279
33318
33478
33319
33479
33281
33320
33480
33282
33321
33481
33283
33322
33482
33284
33323
33483
33285
33324
33484
33286
33325
33485
33287
33326
33486
33288
33327
33487
33289
33328
33488
33290
33329
33489
33291
33330
33490
33292
33331
33491
33293
33332
33492
33294
33333
33493
33295
33334
33494
33296
33335
33495
33297
33336
33496
33298
33337
33497
33299
33338
33498
33300
33339
33499
33301
33340
33500
33302
33341
33501
33303
33342
33502
33304
33343
33503
33305
33344
33504
33306
33345
33505
33307
33346
33506
33308
33347
33507
33309
33348
33508
33310
33349
33509
33311
33350
33510
33312
33351
33511
33313
33352
33512
33314
33353
33513
33315
33354
33514
33316
33355
33515
33317
33356
33516
33318
33357
33517
33319
33358
33518
33359
33519
33321
33360
33520
33322
33361
33521
33323
33362
33522
33324
33363
33523
33325
33364
33524
33326
33365
33525
33327
33366
33526
33328
33367
33527
33329
33368
33528
33330
33369
33529
33331
33370
33530
33332
33371
33531
33333
33372
33532
33334
33373
33533
33335
33374
33534
33336
33375
33535
33337
33376
33536
33338
33377
33537
33339
33378
33538
33340
33379
33539
33341
33380
33540
33342
33381
33541
33343
33382
33542
33344
33383
33543
33345
33384
33544
33346
33385
33545
33347
33386
33546
33348
33387
33547
33349
33388
33548
33350
33389
33549
33351
33390
33550
33352
33391
33551
33353
33392
33552
33354
33393
33553
33355
33394
33554
33356
33395
33555
33357
33396
33556
33358
33397
33557
33359
33398
33558
33399
33559
33361
33560
33362
33561
33363
33562
33364
33563
33365
33564
33366
33565
33367
33566
33368
33567
33369
33568
33370
33569
33371
33570
33372
33571
33373
33572
33374
33573
33375
33574
33376
33575
33377
33576
33378
33577
33379
33578
33380
33579
33381
33580
33382
33581
33383
33582
33384
33583
33385
33584
33386
33585
33387
33586
33388
33587
33389
33588
33390
33589
33391
33590
33392
33591
33393
33592
33394
33593
33395
33594
33396
33595
33397
33596
33398
33597
33399
33598
33599
33401
33440
33600
33402
33441
33601
33403
33442
33602
33404
33443
33603
33405
33444
33604
33406
33445
33605
33407
33446
33606
33408
33447
33607
33409
33448
33608
33410
33449
33609
33411
33450
33610
33412
33451
33611
33413
33452
33612
33414
33453
33613
33415
33454
33614
33416
33455
33615
33417
33456
33616
33418
33457
33617
33419
33458
33618
33420
33459
33619
33421
33460
33620
33422
33461
33621
33423
33462
33622
33424
33463
33623
33425
33464
33624
33426
33465
33625
33427
33466
33626
33428
33467
33627
33429
33468
33628
33430
33469
33629
33431
33470
33630
33432
33471
33631
33433
33472
33632
33434
33473
33633
33435
33474
33634
33436
33475
33635
33437
33476
33636
33438
33477
33637
33439
33478
33638
33479
33639
33441
33480
33640
33442
33481
33641
33443
33482
33642
33444
33483
33643
33445
33484
33644
33446
33485
33645
33447
33486
33646
33448
33487
33647
33449
33488
33648
33450
33489
33649
33451
33490
33650
33452
33491
33651
33453
33492
33652
33454
33493
33653
33455
33494
33654
33456
33495
33655
33457
33496
33656
33458
33497
33657
33459
33498
33658
33460
33499
33659
33461
33500
33660
33462
33501
33661
33463
33502
33662
33464
33503
33663
33465
33504
33664
33466
33505
33665
33467
33506
33666
33468
33507
33667
33469
33508
33668
33470
33509
33669
33471
33510
33670
33472
33511
33671
33473
33512
33672
33474
33513
33673
33475
33514
33674
33476
33515
33675
33477
33516
33676
33478
33517
33677
33479
33518
33678
33519
33679
33481
33520
33680
33482
33521
33681
33483
33522
33682
33484
33523
33683
33485
33524
33684
33486
33525
33685
33487
33526
33686
33488
33527
33687
33489
33528
33688
33490
33529
33689
33491
33530
33690
33492
33531
33691
33493
33532
33692
33494
33533
33693
33495
33534
33694
33496
33535
33695
33497
33536
33696
33498
33537
33697
33499
33538
33698
33500
33539
33699
33501
33540
33700
33502
33541
33701
33503
33542
33702
33504
33543
33703
33505
33544
33704
33506
33545
33705
33507
33546
33706
33508
33547
33707
33509
33548
33708
33510
33549
33709
33511
33550
33710
33512
33551
33711
33513
33552
33712
33514
33553
33713
33515
33554
33714
33516
33555
33715
33517
33556
33716
33518
33557
33717
33519
33558
33718
33559
33719
33521
33560
33720
33522
33561
33721
33523
33562
33722
33524
33563
33723
33525
33564
33724
33526
33565
33725
33527
33566
33726
33528
33567
33727
33529
33568
33728
33530
33569
33729
33531
33570
33730
33532
33571
33731
33533
33572
33732
33534
33573
33733
33535
33574
33734
33536
33575
33735
33537
33576
33736
33538
33577
33737
33539
33578
33738
33540
33579
33739
33541
33580
33740
33542
33581
33741
33543
33582
33742
33544
33583
33743
33545
33584
33744
33546
33585
33745
33547
33586
33746
33548
33587
33747
33549
33588
33748
33550
33589
33749
33551
33590
33750
33552
33591
33751
33553
33592
33752
33554
33593
33753
33555
33594
33754
33556
33595
33755
33557
33596
33756
33558
33597
33757
33559
33598
33758
33599
33759
33561
33760
33562
33761
33563
33762
33564
33763
33565
33764
33566
33765
33567
33766
33568
33767
33569
33768
33570
33769
33571
33770
33572
33771
33573
33772
33574
33773
33575
33774
33576
33775
33577
33776
33578
33777
33579
33778
33580
33779
33581
33780
33582
33781
33583
33782
33584
33783
33585
33784
33586
33785
33587
33786
33588
33787
33589
33788
33590
33789
33591
33790
33592
33791
33593
33792
33594
33793
33595
33794
33596
33795
33597
33796
33598
33797
33599
33798
33799
33601
33640
33800
33602
33641
33801
33603
33642
33802
33604
33643
33803
33605
33644
33804
33606
33645
33805
33607
33646
33806
33608
33647
33807
33609
33648
33808
33610
33649
33809
33611
33650
33810
33612
33651
33811
33613
33652
33812
33614
33653
33813
33615
33654
33814
33616
33655
33815
33617
33656
33816
33618
33657
33817
33619
33658
33818
33620
33659
33819
33621
33660
33820
33622
33661
33821
33623
33662
33822
33624
33663
33823
33625
33664
33824
33626
33665
33825
33627
33666
33826
33628
33667
33827
33629
33668
33828
33630
33669
33829
33631
33670
33830
33632
33671
33831
33633
33672
33832
33634
33673
33833
33635
33674
33834
33636
33675
33835
33637
33676
33836
33638
33677
33837
33639
33678
33838
33679
33839
33641
33680
33840
33642
33681
33841
33643
33682
33842
33644
33683
33843
33645
33684
33844
33646
33685
33845
33647
33686
33846
33648
33687
33847
33649
33688
33848
33650
33689
33849
33651
33690
33850
33652
33691
33851
33653
33692
33852
33654
33693
33853
33655
33694
33854
33656
33695
33855
33657
33696
33856
33658
33697
33857
33659
33698
33858
33660
33699
33859
33661
33700
33860
33662
33701
33861
33663
33702
33862
33664
33703
33863
33665
33704
33864
33666
33705
33865
33667
33706
33866
33668
33707
33867
33669
33708
33868
33670
33709
33869
33671
33710
33870
33672
33711
33871
33673
33712
33872
33674
33713
33873
33675
33714
33874
33676
33715
33875
33677
33716
33876
33678
33717
33877
33679
33718
33878
33719
33879
33681
33720
33880
33682
33721
33881
33683
33722
33882
33684
33723
33883
33685
33724
33884
33686
33725
33885
33687
33726
33886
33688
33727
33887
33689
33728
33888
33690
33729
33889
33691
33730
33890
33692
33731
33891
33693
33732
33892
33694
33733
33893
33695
33734
33894
33696
33735
33895
33697
33736
33896
33698
33737
33897
33699
33738
33898
33700
33739
33899
33701
33740
33900
33702
33741
33901
33703
33742
33902
33704
33743
33903
33705
33744
33904
33706
33745
33905
33707
33746
33906
33708
33747
33907
33709
33748
33908
33710
33749
33909
33711
33750
33910
33712
33751
33911
33713
33752
33912
33714
33753
33913
33715
33754
33914
33716
33755
33915
33717
33756
33916
33718
33757
33917
33719
33758
33918
33759
33919
33721
33760
33920
33722
33761
33921
33723
33762
33922
33724
33763
33923
33725
33764
33924
33726
33765
33925
33727
33766
33926
33728
33767
33927
33729
33768
33928
33730
33769
33929
33731
33770
33930
33732
33771
33931
33733
33772
33932
33734
33773
33933
33735
33774
33934
33736
33775
33935
33737
33776
33936
33738
33777
33937
33739
33778
33938
33740
33779
33939
33741
33780
33940
33742
33781
33941
33743
33782
33942
33744
33783
33943
33745
33784
33944
33746
33785
33945
33747
33786
33946
33748
33787
33947
33749
33788
33948
33750
33789
33949
33751
33790
33950
33752
33791
33951
33753
33792
33952
33754
33793
33953
33755
33794
33954
33756
33795
33955
33757
33796
33956
33758
33797
33957
33759
33798
33958
33799
33959
33761
33960
33762
33961
33763
33962
33764
33963
33765
33964
33766
33965
33767
33966
33768
33967
33769
33968
33770
33969
33771
33970
33772
33971
33773
33972
33774
33973
33775
33974
33776
33975
33777
33976
33778
33977
33779
33978
33780
33979
33781
33980
33782
33981
33783
33982
33784
33983
33785
33984
33786
33985
33787
33986
33788
33987
33789
33988
33790
33989
33791
33990
33792
33991
33793
33992
33794
33993
33795
33994
33796
33995
33797
33996
33798
33997
33799
33998
33999
33801
33840
34000
33802
33841
34001
33803
33842
34002
33804
33843
34003
33805
33844
34004
33806
33845
34005
33807
33846
34006
33808
33847
34007
33809
33848
34008
33810
33849
34009
33811
33850
34010
33812
33851
34011
33813
33852
34012
33814
33853
34013
33815
33854
34014
33816
33855
34015
33817
33856
34016
33818
33857
34017
33819
33858
34018
33820
33859
34019
33821
33860
34020
33822
33861
34021
33823
33862
34022
33824
33863
34023
33825
33864
34024
33826
33865
34025
33827
33866
34026
33828
33867
34027
33829
33868
34028
33830
33869
34029
33831
33870
34030
33832
33871
34031
33833
33872
34032
33834
33873
34033
33835
33874
34034
33836
33875
34035
33837
33876
34036
33838
33877
34037
33839
33878
34038
33879
34039
33841
33880
34040
33842
33881
34041
33843
33882
34042
33844
33883
34043
33845
33884
34044
33846
33885
34045
33847
33886
34046
33848
33887
34047
33849
33888
34048
33850
33889
34049
33851
33890
34050
33852
33891
34051
33853
33892
34052
33854
33893
34053
33855
33894
34054
33856
33895
34055
33857
33896
34056
33858
33897
34057
33859
33898
34058
33860
33899
34059
33861
33900
34060
33862
33901
34061
33863
33902
34062
33864
33903
34063
33865
33904
34064
33866
33905
34065
33867
33906
34066
33868
33907
34067
33869
33908
34068
33870
33909
34069
33871
33910
34070
33872
33911
34071
33873
33912
34072
33874
33913
34073
33875
33914
34074
33876
33915
34075
33877
33916
34076
33878
33917
34077
33879
33918
34078
33919
34079
33881
33920
34080
33882
33921
34081
33883
33922
34082
33884
33923
34083
33885
33924
34084
33886
33925
34085
33887
33926
34086
33888
33927
34087
33889
33928
34088
33890
33929
34089
33891
33930
34090
33892
33931
34091
33893
33932
34092
33894
33933
34093
33895
33934
34094
33896
33935
34095
33897
33936
34096
33898
33937
34097
33899
33938
34098
33900
33939
34099
33901
33940
34100
33902
33941
34101
33903
33942
34102
33904
33943
34103
33905
33944
34104
33906
33945
34105
33907
33946
34106
33908
33947
34107
33909
33948
34108
33910
33949
34109
33911
33950
34110
33912
33951
34111
33913
33952
34112
33914
33953
34113
33915
33954
34114
33916
33955
34115
33917
33956
34116
33918
33957
34117
33919
33958
34118
33959
34119
33921
33960
34120
33922
33961
34121
33923
33962
34122
33924
33963
34123
33925
33964
34124
33926
33965
34125
33927
33966
34126
33928
33967
34127
33929
33968
34128
33930
33969
34129
33931
33970
34130
33932
33971
34131
33933
33972
34132
33934
33973
34133
33935
33974
34134
33936
33975
34135
33937
33976
34136
33938
33977
34137
33939
33978
34138
33940
33979
34139
33941
33980
34140
33942
33981
34141
33943
33982
34142
33944
33983
34143
33945
33984
34144
33946
33985
34145
33947
33986
34146
33948
33987
34147
33949
33988
34148
33950
33989
34149
33951
33990
34150
33952
33991
34151
33953
33992
34152
33954
33993
34153
33955
33994
34154
33956
33995
34155
33957
33996
34156
33958
33997
34157
33959
33998
34158
33999
34159
33961
34160
33962
34161
33963
34162
33964
34163
33965
34164
33966
34165
33967
34166
33968
34167
33969
34168
33970
34169
33971
34170
33972
34171
33973
34172
33974
34173
33975
34174
33976
34175
33977
34176
33978
34177
33979
34178
33980
34179
33981
34180
33982
34181
33983
34182
33984
34183
33985
34184
33986
34185
33987
34186
33988
34187
33989
34188
33990
34189
33991
34190
33992
34191
33993
34192
33994
34193
33995
34194
33996
34195
33997
34196
33998
34197
33999
34198
34199
34001
34040
34200
34002
34041
34201
34003
34042
34202
34004
34043
34203
34005
34044
34204
34006
34045
34205
34007
34046
34206
34008
34047
34207
34009
34048
34208
34010
34049
34209
34011
34050
34210
34012
34051
34211
34013
34052
34212
34014
34053
34213
34015
34054
34214
34016
34055
34215
34017
34056
34216
34018
34057
34217
34019
34058
34218
34020
34059
34219
34021
34060
34220
34022
34061
34221
34023
34062
34222
34024
34063
34223
34025
34064
34224
34026
34065
34225
34027
34066
34226
34028
34067
34227
34029
34068
34228
34030
34069
34229
34031
34070
34230
34032
34071
34231
34033
34072
34232
34034
34073
34233
34035
34074
34234
34036
34075
34235
34037
34076
34236
34038
34077
34237
34039
34078
34238
34079
34239
34041
34080
34240
34042
34081
34241
34043
34082
34242
34044
34083
34243
34045
34084
34244
34046
34085
34245
34047
34086
34246
34048
34087
34247
34049
34088
34248
34050
34089
34249
34051
34090
34250
34052
34091
34251
34053
34092
34252
34054
34093
34253
34055
34094
34254
34056
34095
34255
34057
34096
34256
34058
34097
34257
34059
34098
34258
34060
34099
34259
34061
34100
34260
34062
34101
34261
34063
34102
34262
34064
34103
34263
34065
34104
34264
34066
34105
34265
34067
34106
34266
34068
34107
34267
34069
34108
34268
34070
34109
34269
34071
34110
34270
34072
34111
34271
34073
34112
34272
34074
34113
34273
34075
34114
34274
34076
34115
34275
34077
34116
34276
34078
34117
34277
34079
34118
34278
34119
34279
34081
34120
34280
34082
34121
34281
34083
34122
34282
34084
34123
34283
34085
34124
34284
34086
34125
34285
34087
34126
34286
34088
34127
34287
34089
34128
34288
34090
34129
34289
34091
34130
34290
34092
34131
34291
34093
34132
34292
34094
34133
34293
34095
34134
34294
34096
34135
34295
34097
34136
34296
34098
34137
34297
34099
34138
34298
34100
34139
34299
34101
34140
34300
34102
34141
34301
34103
34142
34302
34104
34143
34303
34105
34144
34304
34106
34145
34305
34107
34146
34306
34108
34147
34307
34109
34148
34308
34110
34149
34309
34111
34150
34310
34112
34151
34311
34113
34152
34312
34114
34153
34313
34115
34154
34314
34116
34155
34315
34117
34156
34316
34118
34157
34317
34119
34158
34318
34159
34319
34121
34160
34320
34122
34161
34321
34123
34162
34322
34124
34163
34323
34125
34164
34324
34126
34165
34325
34127
34166
34326
34128
34167
34327
34129
34168
34328
34130
34169
34329
34131
34170
34330
34132
34171
34331
34133
34172
34332
34134
34173
34333
34135
34174
34334
34136
34175
34335
34137
34176
34336
34138
34177
34337
34139
34178
34338
34140
34179
34339
34141
34180
34340
34142
34181
34341
34143
34182
34342
34144
34183
34343
34145
34184
34344
34146
34185
34345
34147
34186
34346
34148
34187
34347
34149
34188
34348
34150
34189
34349
34151
34190
34350
34152
34191
34351
34153
34192
34352
34154
34193
34353
34155
34194
34354
34156
34195
34355
34157
34196
34356
34158
34197
34357
34159
34198
34358
34199
34359
34161
34360
34162
34361
34163
34362
34164
34363
34165
34364
34166
34365
34167
34366
34168
34367
34169
34368
34170
34369
34171
34370
34172
34371
34173
34372
34174
34373
34175
34374
34176
34375
34177
34376
34178
34377
34179
34378
34180
34379
34181
34380
34182
34381
34183
34382
34184
34383
34185
34384
34186
34385
34187
34386
34188
34387
34189
34388
34190
34389
34191
34390
34192
34391
34193
34392
34194
34393
34195
34394
34196
34395
34197
34396
34198
34397
34199
34398
34399
34201
34240
34400
34202
34241
34401
34203
34242
34402
34204
34243
34403
34205
34244
34404
34206
34245
34405
34207
34246
34406
34208
34247
34407
34209
34248
34408
34210
34249
34409
34211
34250
34410
34212
34251
34411
34213
34252
34412
34214
34253
34413
34215
34254
34414
34216
34255
34415
34217
34256
34416
34218
34257
34417
34219
34258
34418
34220
34259
34419
34221
34260
34420
34222
34261
34421
34223
34262
34422
34224
34263
34423
34225
34264
34424
34226
34265
34425
34227
34266
34426
34228
34267
34427
34229
34268
34428
34230
34269
34429
34231
34270
34430
34232
34271
34431
34233
34272
34432
34234
34273
34433
34235
34274
34434
34236
34275
34435
34237
34276
34436
34238
34277
34437
34239
34278
34438
34279
34439
34241
34280
34440
34242
34281
34441
34243
34282
34442
34244
34283
34443
34245
34284
34444
34246
34285
34445
34247
34286
34446
34248
34287
34447
34249
34288
34448
34250
34289
34449
34251
34290
34450
34252
34291
34451
34253
34292
34452
34254
34293
34453
34255
34294
34454
34256
34295
34455
34257
34296
34456
34258
34297
34457
34259
34298
34458
34260
34299
34459
34261
34300
34460
34262
34301
34461
34263
34302
34462
34264
34303
34463
34265
34304
34464
34266
34305
34465
34267
34306
34466
34268
34307
34467
34269
34308
34468
34270
34309
34469
34271
34310
34470
34272
34311
34471
34273
34312
34472
34274
34313
34473
34275
34314
34474
34276
34315
34475
34277
34316
34476
34278
34317
34477
34279
34318
34478
34319
34479
34281
34320
34480
34282
34321
34481
34283
34322
34482
34284
34323
34483
34285
34324
34484
34286
34325
34485
34287
34326
34486
34288
34327
34487
34289
34328
34488
34290
34329
34489
34291
34330
34490
34292
34331
34491
34293
34332
34492
34294
34333
34493
34295
34334
34494
34296
34335
34495
34297
34336
34496
34298
34337
34497
34299
34338
34498
34300
34339
34499
34301
34340
34500
34302
34341
34501
34303
34342
34502
34304
34343
34503
34305
34344
34504
34306
34345
34505
34307
34346
34506
34308
34347
34507
34309
34348
34508
34310
34349
34509
34311
34350
34510
34312
34351
34511
34313
34352
34512
34314
34353
34513
34315
34354
34514
34316
34355
34515
34317
34356
34516
34318
34357
34517
34319
34358
34518
34359
34519
34321
34360
34520
34322
34361
34521
34323
34362
34522
34324
34363
34523
34325
34364
34524
34326
34365
34525
34327
34366
34526
34328
34367
34527
34329
34368
34528
34330
34369
34529
34331
34370
34530
34332
34371
34531
34333
34372
34532
34334
34373
34533
34335
34374
34534
34336
34375
34535
34337
34376
34536
34338
34377
34537
34339
34378
34538
34340
34379
34539
34341
34380
34540
34342
34381
34541
34343
34382
34542
34344
34383
34543
34345
34384
34544
34346
34385
34545
34347
34386
34546
34348
34387
34547
34349
34388
34548
34350
34389
34549
34351
34390
34550
34352
34391
34551
34353
34392
34552
34354
34393
34553
34355
34394
34554
34356
34395
34555
34357
34396
34556
34358
34397
34557
34359
34398
34558
34399
34559
34361
34560
34362
34561
34363
34562
34364
34563
34365
34564
34366
34565
34367
34566
34368
34567
34369
34568
34370
34569
34371
34570
34372
34571
34373
34572
34374
34573
34375
34574
34376
34575
34377
34576
34378
34577
34379
34578
34380
34579
34381
34580
34382
34581
34383
34582
34384
34583
34385
34584
34386
34585
34387
34586
34388
34587
34389
34588
34390
34589
34391
34590
34392
34591
34393
34592
34394
34593
34395
34594
34396
34595
34397
34596
34398
34597
34399
34598
34599
34401
34440
34600
34402
34441
34601
34403
34442
34602
34404
34443
34603
34405
34444
34604
34406
34445
34605
34407
34446
34606
34408
34447
34607
34409
34448
34608
34410
34449
34609
34411
34450
34610
34412
34451
34611
34413
34452
34612
34414
34453
34613
34415
34454
34614
34416
34455
34615
34417
34456
34616
34418
34457
34617
34419
34458
34618
34420
34459
34619
34421
34460
34620
34422
34461
34621
34423
34462
34622
34424
34463
34623
34425
34464
34624
34426
34465
34625
34427
34466
34626
34428
34467
34627
34429
34468
34628
34430
34469
34629
34431
34470
34630
34432
34471
34631
34433
34472
34632
34434
34473
34633
34435
34474
34634
34436
34475
34635
34437
34476
34636
34438
34477
34637
34439
34478
34638
34479
34639
34441
34480
34640
34442
34481
34641
34443
34482
34642
34444
34483
34643
34445
34484
34644
34446
34485
34645
34447
34486
34646
34448
34487
34647
34449
34488
34648
34450
34489
34649
34451
34490
34650
34452
34491
34651
34453
34492
34652
34454
34493
34653
34455
34494
34654
34456
34495
34655
34457
34496
34656
34458
34497
34657
34459
34498
34658
34460
34499
34659
34461
34500
34660
34462
34501
34661
34463
34502
34662
34464
34503
34663
34465
34504
34664
34466
34505
34665
34467
34506
34666
34468
34507
34667
34469
34508
34668
34470
34509
34669
34471
34510
34670
34472
34511
34671
34473
34512
34672
34474
34513
34673
34475
34514
34674
34476
34515
34675
34477
34516
34676
34478
34517
34677
34479
34518
34678
34519
34679
34481
34520
34680
34482
34521
34681
34483
34522
34682
34484
34523
34683
34485
34524
34684
34486
34525
34685
34487
34526
34686
34488
34527
34687
34489
34528
34688
34490
34529
34689
34491
34530
34690
34492
34531
34691
34493
34532
34692
34494
34533
34693
34495
34534
34694
34496
34535
34695
34497
34536
34696
34498
34537
34697
34499
34538
34698
34500
34539
34699
34501
34540
34700
34502
34541
34701
34503
34542
34702
34504
34543
34703
34505
34544
34704
34506
34545
34705
34507
34546
34706
34508
34547
34707
34509
34548
34708
34510
34549
34709
34511
34550
34710
34512
34551
34711
34513
34552
34712
34514
34553
34713
34515
34554
34714
34516
34555
34715
34517
34556
34716
34518
34557
34717
34519
34558
34718
34559
34719
34521
34560
34720
34522
34561
34721
34523
34562
34722
34524
34563
34723
34525
34564
34724
34526
34565
34725
34527
34566
34726
34528
34567
34727
34529
34568
34728
34530
34569
34729
34531
34570
34730
34532
34571
34731
34533
34572
34732
34534
34573
34733
34535
34574
34734
34536
34575
34735
34537
34576
34736
34538
34577
34737
34539
34578
34738
34540
34579
34739
34541
34580
34740
34542
34581
34741
34543
34582
34742
34544
34583
34743
34545
34584
34744
34546
34585
34745
34547
34586
34746
34548
34587
34747
34549
34588
34748
34550
34589
34749
34551
34590
34750
34552
34591
34751
34553
34592
34752
34554
34593
34753
34555
34594
34754
34556
34595
34755
34557
34596
34756
34558
34597
34757
34559
34598
34758
34599
34759
34561
34760
34562
34761
34563
34762
34564
34763
34565
34764
34566
34765
34567
34766
34568
34767
34569
34768
34570
34769
34571
34770
34572
34771
34573
34772
34574
34773
34575
34774
34576
34775
34577
34776
34578
34777
34579
34778
34580
34779
34581
34780
34582
34781
34583
34782
34584
34783
34585
34784
34586
34785
34587
34786
34588
34787
34589
34788
34590
34789
34591
34790
34592
34791
34593
34792
34594
34793
34595
34794
34596
34795
34597
34796
34598
34797
34599
34798
34799
34601
34640
34800
34602
34641
34801
34603
34642
34802
34604
34643
34803
34605
34644
34804
34606
34645
34805
34607
34646
34806
34608
34647
34807
34609
34648
34808
34610
34649
34809
34611
34650
34810
34612
34651
34811
34613
34652
34812
34614
34653
34813
34615
34654
34814
34616
34655
34815
34617
34656
34816
34618
34657
34817
34619
34658
34818
34620
34659
34819
34621
34660
34820
34622
34661
34821
34623
34662
34822
34624
34663
34823
34625
34664
34824
34626
34665
34825
34627
34666
34826
34628
34667
34827
34629
34668
34828
34630
34669
34829
34631
34670
34830
34632
34671
34831
34633
34672
34832
34634
34673
34833
34635
34674
34834
34636
34675
34835
34637
34676
34836
34638
34677
34837
34639
34678
34838
34679
34839
34641
34680
34840
34642
34681
34841
34643
34682
34842
34644
34683
34843
34645
34684
34844
34646
34685
34845
34647
34686
34846
34648
34687
34847
34649
34688
34848
34650
34689
34849
34651
34690
34850
34652
34691
34851
34653
34692
34852
34654
34693
34853
34655
34694
34854
34656
34695
34855
34657
34696
34856
34658
34697
34857
34659
34698
34858
34660
34699
34859
34661
34700
34860
34662
34701
34861
34663
34702
34862
34664
34703
34863
34665
34704
34864
34666
34705
34865
34667
34706
34866
34668
34707
34867
34669
34708
34868
34670
34709
34869
34671
34710
34870
34672
34711
34871
34673
34712
34872
34674
34713
34873
34675
34714
34874
34676
34715
34875
34677
34716
34876
34678
34717
34877
34679
34718
34878
34719
34879
34681
34720
34880
34682
34721
34881
34683
34722
34882
34684
34723
34883
34685
34724
34884
34686
34725
34885
34687
34726
34886
34688
34727
34887
34689
34728
34888
34690
34729
34889
34691
34730
34890
34692
34731
34891
34693
34732
34892
34694
34733
34893
34695
34734
34894
34696
34735
34895
34697
34736
34896
34698
34737
34897
34699
34738
34898
34700
34739
34899
34701
34740
34900
34702
34741
34901
34703
34742
34902
34704
34743
34903
34705
34744
34904
34706
34745
34905
34707
34746
34906
34708
34747
34907
34709
34748
34908
34710
34749
34909
34711
34750
34910
34712
34751
34911
34713
34752
34912
34714
34753
34913
34715
34754
34914
34716
34755
34915
34717
34756
34916
34718
34757
34917
34719
34758
34918
34759
34919
34721
34760
34920
34722
34761
34921
34723
34762
34922
34724
34763
34923
34725
34764
34924
34726
34765
34925
34727
34766
34926
34728
34767
34927
34729
34768
34928
34730
34769
34929
34731
34770
34930
34732
34771
34931
34733
34772
34932
34734
34773
34933
34735
34774
34934
34736
34775
34935
34737
34776
34936
34738
34777
34937
34739
34778
34938
34740
34779
34939
34741
34780
34940
34742
34781
34941
34743
34782
34942
34744
34783
34943
34745
34784
34944
34746
34785
34945
34747
34786
34946
34748
34787
34947
34749
34788
34948
34750
34789
34949
34751
34790
34950
34752
34791
34951
34753
34792
34952
34754
34793
34953
34755
34794
34954
34756
34795
34955
34757
34796
34956
34758
34797
34957
34759
34798
34958
34799
34959
34761
34960
34762
34961
34763
34962
34764
34963
34765
34964
34766
34965
34767
34966
34768
34967
34769
34968
34770
34969
34771
34970
34772
34971
34773
34972
34774
34973
34775
34974
34776
34975
34777
34976
34778
34977
34779
34978
34780
34979
34781
34980
34782
34981
34783
34982
34784
34983
34785
34984
34786
34985
34787
34986
34788
34987
34789
34988
34790
34989
34791
34990
34792
34991
34793
34992
34794
34993
34795
34994
34796
34995
34797
34996
34798
34997
34799
34998
34999
34801
34840
35000
34802
34841
35001
34803
34842
35002
34804
34843
35003
34805
34844
35004
34806
34845
35005
34807
34846
35006
34808
34847
35007
34809
34848
35008
34810
34849
35009
34811
34850
35010
34812
34851
35011
34813
34852
35012
34814
34853
35013
34815
34854
35014
34816
34855
35015
34817
34856
35016
34818
34857
35017
34819
34858
35018
34820
34859
35019
34821
34860
35020
34822
34861
35021
34823
34862
35022
34824
34863
35023
34825
34864
35024
34826
34865
35025
34827
34866
35026
34828
34867
35027
34829
34868
35028
34830
34869
35029
34831
34870
35030
34832
34871
35031
34833
34872
35032
34834
34873
35033
34835
34874
35034
34836
34875
35035
34837
34876
35036
34838
34877
35037
34839
34878
35038
34879
35039
34841
34880
35040
34842
34881
35041
34843
34882
35042
34844
34883
35043
34845
34884
35044
34846
34885
35045
34847
34886
35046
34848
34887
35047
34849
34888
35048
34850
34889
35049
34851
34890
35050
34852
34891
35051
34853
34892
35052
34854
34893
35053
34855
34894
35054
34856
34895
35055
34857
34896
35056
34858
34897
35057
34859
34898
35058
34860
34899
35059
34861
34900
35060
34862
34901
35061
34863
34902
35062
34864
34903
35063
34865
34904
35064
34866
34905
35065
34867
34906
35066
34868
34907
35067
34869
34908
35068
34870
34909
35069
34871
34910
35070
34872
34911
35071
34873
34912
35072
34874
34913
35073
34875
34914
35074
34876
34915
35075
34877
34916
35076
34878
34917
35077
34879
34918
35078
34919
35079
34881
34920
35080
34882
34921
35081
34883
34922
35082
34884
34923
35083
34885
34924
35084
34886
34925
35085
34887
34926
35086
34888
34927
35087
34889
34928
35088
34890
34929
35089
34891
34930
35090
34892
34931
35091
34893
34932
35092
34894
34933
35093
34895
34934
35094
34896
34935
35095
34897
34936
35096
34898
34937
35097
34899
34938
35098
34900
34939
35099
34901
34940
35100
34902
34941
35101
34903
34942
35102
34904
34943
35103
34905
34944
35104
34906
34945
35105
34907
34946
35106
34908
34947
35107
34909
34948
35108
34910
34949
35109
34911
34950
35110
34912
34951
35111
34913
34952
35112
34914
34953
35113
34915
34954
35114
34916
34955
35115
34917
34956
35116
34918
34957
35117
34919
34958
35118
34959
35119
34921
34960
35120
34922
34961
35121
34923
34962
35122
34924
34963
35123
34925
34964
35124
34926
34965
35125
34927
34966
35126
34928
34967
35127
34929
34968
35128
34930
34969
35129
34931
34970
35130
34932
34971
35131
34933
34972
35132
34934
34973
35133
34935
34974
35134
34936
34975
35135
34937
34976
35136
34938
34977
35137
34939
34978
35138
34940
34979
35139
34941
34980
35140
34942
34981
35141
34943
34982
35142
34944
34983
35143
34945
34984
35144
34946
34985
35145
34947
34986
35146
34948
34987
35147
34949
34988
35148
34950
34989
35149
34951
34990
35150
34952
34991
35151
34953
34992
35152
34954
34993
35153
34955
34994
35154
34956
34995
35155
34957
34996
35156
34958
34997
35157
34959
34998
35158
34999
35159
34961
35160
34962
35161
34963
35162
34964
35163
34965
35164
34966
35165
34967
35166
34968
35167
34969
35168
34970
35169
34971
35170
34972
35171
34973
35172
34974
35173
34975
35174
34976
35175
34977
35176
34978
35177
34979
35178
34980
35179
34981
35180
34982
35181
34983
35182
34984
35183
34985
35184
34986
35185
34987
35186
34988
35187
34989
35188
34990
35189
34991
35190
34992
35191
34993
35192
34994
35193
34995
35194
34996
35195
34997
35196
34998
35197
34999
35198
35199
35001
35040
35200
35002
35041
35201
35003
35042
35202
35004
35043
35203
35005
35044
35204
35006
35045
35205
35007
35046
35206
35008
35047
35207
35009
35048
35208
35010
35049
35209
35011
35050
35210
35012
35051
35211
35013
35052
35212
35014
35053
35213
35015
35054
35214
35016
35055
35215
35017
35056
35216
35018
35057
35217
35019
35058
35218
35020
35059
35219
35021
35060
35220
35022
35061
35221
35023
35062
35222
35024
35063
35223
35025
35064
35224
35026
35065
35225
35027
35066
35226
35028
35067
35227
35029
35068
35228
35030
35069
35229
35031
35070
35230
35032
35071
35231
35033
35072
35232
35034
35073
35233
35035
35074
35234
35036
35075
35235
35037
35076
35236
35038
35077
35237
35039
35078
35238
35079
35239
35041
35080
35240
35042
35081
35241
35043
35082
35242
35044
35083
35243
35045
35084
35244
35046
35085
35245
35047
35086
35246
35048
35087
35247
35049
35088
35248
35050
35089
35249
35051
35090
35250
35052
35091
35251
35053
35092
35252
35054
35093
35253
35055
35094
35254
35056
35095
35255
35057
35096
35256
35058
35097
35257
35059
35098
35258
35060
35099
35259
35061
35100
35260
35062
35101
35261
35063
35102
35262
35064
35103
35263
35065
35104
35264
35066
35105
35265
35067
35106
35266
35068
35107
35267
35069
35108
35268
35070
35109
35269
35071
35110
35270
35072
35111
35271
35073
35112
35272
35074
35113
35273
35075
35114
35274
35076
35115
35275
35077
35116
35276
35078
35117
35277
35079
35118
35278
35119
35279
35081
35120
35280
35082
35121
35281
35083
35122
35282
35084
35123
35283
35085
35124
35284
35086
35125
35285
35087
35126
35286
35088
35127
35287
35089
35128
35288
35090
35129
35289
35091
35130
35290
35092
35131
35291
35093
35132
35292
35094
35133
35293
35095
35134
35294
35096
35135
35295
35097
35136
35296
35098
35137
35297
35099
35138
35298
35100
35139
35299
35101
35140
35300
35102
35141
35301
35103
35142
35302
35104
35143
35303
35105
35144
35304
35106
35145
35305
35107
35146
35306
35108
35147
35307
35109
35148
35308
35110
35149
35309
35111
35150
35310
35112
35151
35311
35113
35152
35312
35114
35153
35313
35115
35154
35314
35116
35155
35315
35117
35156
35316
35118
35157
35317
35119
35158
35318
35159
35319
35121
35160
35320
35122
35161
35321
35123
35162
35322
35124
35163
35323
35125
35164
35324
35126
35165
35325
35127
35166
35326
35128
35167
35327
35129
35168
35328
35130
35169
35329
35131
35170
35330
35132
35171
35331
35133
35172
35332
35134
35173
35333
35135
35174
35334
35136
35175
35335
35137
35176
35336
35138
35177
35337
35139
35178
35338
35140
35179
35339
35141
35180
35340
35142
35181
35341
35143
35182
35342
35144
35183
35343
35145
35184
35344
35146
35185
35345
35147
35186
35346
35148
35187
35347
35149
35188
35348
35150
35189
35349
35151
35190
35350
35152
35191
35351
35153
35192
35352
35154
35193
35353
35155
35194
35354
35156
35195
35355
35157
35196
35356
35158
35197
35357
35159
35198
35358
35199
35359
35161
35360
35162
35361
35163
35362
35164
35363
35165
35364
35166
35365
35167
35366
35168
35367
35169
35368
35170
35369
35171
35370
35172
35371
35173
35372
35174
35373
35175
35374
35176
35375
35177
35376
35178
35377
35179
35378
35180
35379
35181
35380
35182
35381
35183
35382
35184
35383
35185
35384
35186
35385
35187
35386
35188
35387
35189
35388
35190
35389
35191
35390
35192
35391
35193
35392
35194
35393
35195
35394
35196
35395
35197
35396
35198
35397
35199
35398
35399
35201
35240
35400
35202
35241
35401
35203
35242
35402
35204
35243
35403
35205
35244
35404
35206
35245
35405
35207
35246
35406
35208
35247
35407
35209
35248
35408
35210
35249
35409
35211
35250
35410
35212
35251
35411
35213
35252
35412
35214
35253
35413
35215
35254
35414
35216
35255
35415
35217
35256
35416
35218
35257
35417
35219
35258
35418
35220
35259
35419
35221
35260
35420
35222
35261
35421
35223
35262
35422
35224
35263
35423
35225
35264
35424
35226
35265
35425
35227
35266
35426
35228
35267
35427
35229
35268
35428
35230
35269
35429
35231
35270
35430
35232
35271
35431
35233
35272
35432
35234
35273
35433
35235
35274
35434
35236
35275
35435
35237
35276
35436
35238
35277
35437
35239
35278
35438
35279
35439
35241
35280
35440
35242
35281
35441
35243
35282
35442
35244
35283
35443
35245
35284
35444
35246
35285
35445
35247
35286
35446
35248
35287
35447
35249
35288
35448
35250
35289
35449
35251
35290
35450
35252
35291
35451
35253
35292
35452
35254
35293
35453
35255
35294
35454
35256
35295
35455
35257
35296
35456
35258
35297
35457
35259
35298
35458
35260
35299
35459
35261
35300
35460
35262
35301
35461
35263
35302
35462
35264
35303
35463
35265
35304
35464
35266
35305
35465
35267
35306
35466
35268
35307
35467
35269
35308
35468
35270
35309
35469
35271
35310
35470
35272
35311
35471
35273
35312
35472
35274
35313
35473
35275
35314
35474
35276
35315
35475
35277
35316
35476
35278
35317
35477
35279
35318
35478
35319
35479
35281
35320
35480
35282
35321
35481
35283
35322
35482
35284
35323
35483
35285
35324
35484
35286
35325
35485
35287
35326
35486
35288
35327
35487
35289
35328
35488
35290
35329
35489
35291
35330
35490
35292
35331
35491
35293
35332
35492
35294
35333
35493
35295
35334
35494
35296
35335
35495
35297
35336
35496
35298
35337
35497
35299
35338
35498
35300
35339
35499
35301
35340
35500
35302
35341
35501
35303
35342
35502
35304
35343
35503
35305
35344
35504
35306
35345
35505
35307
35346
35506
35308
35347
35507
35309
35348
35508
35310
35349
35509
35311
35350
35510
35312
35351
35511
35313
35352
35512
35314
35353
35513
35315
35354
35514
35316
35355
35515
35317
35356
35516
35318
35357
35517
35319
35358
35518
35359
35519
35321
35360
35520
35322
35361
35521
35323
35362
35522
35324
35363
35523
35325
35364
35524
35326
35365
35525
35327
35366
35526
35328
35367
35527
35329
35368
35528
35330
35369
35529
35331
35370
35530
35332
35371
35531
35333
35372
35532
35334
35373
35533
35335
35374
35534
35336
35375
35535
35337
35376
35536
35338
35377
35537
35339
35378
35538
35340
35379
35539
35341
35380
35540
35342
35381
35541
35343
35382
35542
35344
35383
35543
35345
35384
35544
35346
35385
35545
35347
35386
35546
35348
35387
35547
35349
35388
35548
35350
35389
35549
35351
35390
35550
35352
35391
35551
35353
35392
35552
35354
35393
35553
35355
35394
35554
35356
35395
35555
35357
35396
35556
35358
35397
35557
35359
35398
35558
35399
35559
35361
35560
35362
35561
35363
35562
35364
35563
35365
35564
35366
35565
35367
35566
35368
35567
35369
35568
35370
35569
35371
35570
35372
35571
35373
35572
35374
35573
35375
35574
35376
35575
35377
35576
35378
35577
35379
35578
35380
35579
35381
35580
35382
35581
35383
35582
35384
35583
35385
35584
35386
35585
35387
35586
35388
35587
35389
35588
35390
35589
35391
35590
35392
35591
35393
35592
35394
35593
35395
35594
35396
35595
35397
35596
35398
35597
35399
35598
35599
35401
35440
35600
35402
35441
35601
35403
35442
35602
35404
35443
35603
35405
35444
35604
35406
35445
35605
35407
35446
35606
35408
35447
35607
35409
35448
35608
35410
35449
35609
35411
35450
35610
35412
35451
35611
35413
35452
35612
35414
35453
35613
35415
35454
35614
35416
35455
35615
35417
35456
35616
35418
35457
35617
35419
35458
35618
35420
35459
35619
35421
35460
35620
35422
35461
35621
35423
35462
35622
35424
35463
35623
35425
35464
35624
35426
35465
35625
35427
35466
35626
35428
35467
35627
35429
35468
35628
35430
35469
35629
35431
35470
35630
35432
35471
35631
35433
35472
35632
35434
35473
35633
35435
35474
35634
35436
35475
35635
35437
35476
35636
35438
35477
35637
35439
35478
35638
35479
35639
35441
35480
35640
35442
35481
35641
35443
35482
35642
35444
35483
35643
35445
35484
35644
35446
35485
35645
35447
35486
35646
35448
35487
35647
35449
35488
35648
35450
35489
35649
35451
35490
35650
35452
35491
35651
35453
35492
35652
35454
35493
35653
35455
35494
35654
35456
35495
35655
35457
35496
35656
35458
35497
35657
35459
35498
35658
35460
35499
35659
35461
35500
35660
35462
35501
35661
35463
35502
35662
35464
35503
35663
35465
35504
35664
35466
35505
35665
35467
35506
35666
35468
35507
35667
35469
35508
35668
35470
35509
35669
35471
35510
35670
35472
35511
35671
35473
35512
35672
35474
35513
35673
35475
35514
35674
35476
35515
35675
35477
35516
35676
35478
35517
35677
35479
35518
35678
35519
35679
35481
35520
35680
35482
35521
35681
35483
35522
35682
35484
35523
35683
35485
35524
35684
35486
35525
35685
35487
35526
35686
35488
35527
35687
35489
35528
35688
35490
35529
35689
35491
35530
35690
35492
35531
35691
35493
35532
35692
35494
35533
35693
35495
35534
35694
35496
35535
35695
35497
35536
35696
35498
35537
35697
35499
35538
35698
35500
35539
35699
35501
35540
35700
35502
35541
35701
35503
35542
35702
35504
35543
35703
35505
35544
35704
35506
35545
35705
35507
35546
35706
35508
35547
35707
35509
35548
35708
35510
35549
35709
35511
35550
35710
35512
35551
35711
35513
35552
35712
35514
35553
35713
35515
35554
35714
35516
35555
35715
35517
35556
35716
35518
35557
35717
35519
35558
35718
35559
35719
35521
35560
35720
35522
35561
35721
35523
35562
35722
35524
35563
35723
35525
35564
35724
35526
35565
35725
35527
35566
35726
35528
35567
35727
35529
35568
35728
35530
35569
35729
35531
35570
35730
35532
35571
35731
35533
35572
35732
35534
35573
35733
35535
35574
35734
35536
35575
35735
35537
35576
35736
35538
35577
35737
35539
35578
35738
35540
35579
35739
35541
35580
35740
35542
35581
35741
35543
35582
35742
35544
35583
35743
35545
35584
35744
35546
35585
35745
35547
35586
35746
35548
35587
35747
35549
35588
35748
35550
35589
35749
35551
35590
35750
35552
35591
35751
35553
35592
35752
35554
35593
35753
35555
35594
35754
35556
35595
35755
35557
35596
35756
35558
35597
35757
35559
35598
35758
35599
35759
35561
35760
35562
35761
35563
35762
35564
35763
35565
35764
35566
35765
35567
35766
35568
35767
35569
35768
35570
35769
35571
35770
35572
35771
35573
35772
35574
35773
35575
35774
35576
35775
35577
35776
35578
35777
35579
35778
35580
35779
35581
35780
35582
35781
35583
35782
35584
35783
35585
35784
35586
35785
35587
35786
35588
35787
35589
35788
35590
35789
35591
35790
35592
35791
35593
35792
35594
35793
35595
35794
35596
35795
35597
35796
35598
35797
35599
35798
35799
35601
35640
35800
35602
35641
35801
35603
35642
35802
35604
35643
35803
35605
35644
35804
35606
35645
35805
35607
35646
35806
35608
35647
35807
35609
35648
35808
35610
35649
35809
35611
35650
35810
35612
35651
35811
35613
35652
35812
35614
35653
35813
35615
35654
35814
35616
35655
35815
35617
35656
35816
35618
35657
35817
35619
35658
35818
35620
35659
35819
35621
35660
35820
35622
35661
35821
35623
35662
35822
35624
35663
35823
35625
35664
35824
35626
35665
35825
35627
35666
35826
35628
35667
35827
35629
35668
35828
35630
35669
35829
35631
35670
35830
35632
35671
35831
35633
35672
35832
35634
35673
35833
35635
35674
35834
35636
35675
35835
35637
35676
35836
35638
35677
35837
35639
35678
35838
35679
35839
35641
35680
35840
35642
35681
35841
35643
35682
35842
35644
35683
35843
35645
35684
35844
35646
35685
35845
35647
35686
35846
35648
35687
35847
35649
35688
35848
35650
35689
35849
35651
35690
35850
35652
35691
35851
35653
35692
35852
35654
35693
35853
35655
35694
35854
35656
35695
35855
35657
35696
35856
35658
35697
35857
35659
35698
35858
35660
35699
35859
35661
35700
35860
35662
35701
35861
35663
35702
35862
35664
35703
35863
35665
35704
35864
35666
35705
35865
35667
35706
35866
35668
35707
35867
35669
35708
35868
35670
35709
35869
35671
35710
35870
35672
35711
35871
35673
35712
35872
35674
35713
35873
35675
35714
35874
35676
35715
35875
35677
35716
35876
35678
35717
35877
35679
35718
35878
35719
35879
35681
35720
35880
35682
35721
35881
35683
35722
35882
35684
35723
35883
35685
35724
35884
35686
35725
35885
35687
35726
35886
35688
35727
35887
35689
35728
35888
35690
35729
35889
35691
35730
35890
35692
35731
35891
35693
35732
35892
35694
35733
35893
35695
35734
35894
35696
35735
35895
35697
35736
35896
35698
35737
35897
35699
35738
35898
35700
35739
35899
35701
35740
35900
35702
35741
35901
35703
35742
35902
35704
35743
35903
35705
35744
35904
35706
35745
35905
35707
35746
35906
35708
35747
35907
35709
35748
35908
35710
35749
35909
35711
35750
35910
35712
35751
35911
35713
35752
35912
35714
35753
35913
35715
35754
35914
35716
35755
35915
35717
35756
35916
35718
35757
35917
35719
35758
35918
35759
35919
35721
35760
35920
35722
35761
35921
35723
35762
35922
35724
35763
35923
35725
35764
35924
35726
35765
35925
35727
35766
35926
35728
35767
35927
35729
35768
35928
35730
35769
35929
35731
35770
35930
35732
35771
35931
35733
35772
35932
35734
35773
35933
35735
35774
35934
35736
35775
35935
35737
35776
35936
35738
35777
35937
35739
35778
35938
35740
35779
35939
35741
35780
35940
35742
35781
35941
35743
35782
35942
35744
35783
35943
35745
35784
35944
35746
35785
35945
35747
35786
35946
35748
35787
35947
35749
35788
35948
35750
35789
35949
35751
35790
35950
35752
35791
35951
35753
35792
35952
35754
35793
35953
35755
35794
35954
35756
35795
35955
35757
35796
35956
35758
35797
35957
35759
35798
35958
35799
35959
35761
35960
35762
35961
35763
35962
35764
35963
35765
35964
35766
35965
35767
35966
35768
35967
35769
35968
35770
35969
35771
35970
35772
35971
35773
35972
35774
35973
35775
35974
35776
35975
35777
35976
35778
35977
35779
35978
35780
35979
35781
35980
35782
35981
35783
35982
35784
35983
35785
35984
35786
35985
35787
35986
35788
35987
35789
35988
35790
35989
35791
35990
35792
35991
35793
35992
35794
35993
35795
35994
35796
35995
35797
35996
35798
35997
35799
35998
35999
35801
35840
36000
35802
35841
36001
35803
35842
36002
35804
35843
36003
35805
35844
36004
35806
35845
36005
35807
35846
36006
35808
35847
36007
35809
35848
36008
35810
35849
36009
35811
35850
36010
35812
35851
36011
35813
35852
36012
35814
35853
36013
35815
35854
36014
35816
35855
36015
35817
35856
36016
35818
35857
36017
35819
35858
36018
35820
35859
36019
35821
35860
36020
35822
35861
36021
35823
35862
36022
35824
35863
36023
35825
35864
36024
35826
35865
36025
35827
35866
36026
35828
35867
36027
35829
35868
36028
35830
35869
36029
35831
35870
36030
35832
35871
36031
35833
35872
36032
35834
35873
36033
35835
35874
36034
35836
35875
36035
35837
35876
36036
35838
35877
36037
35839
35878
36038
35879
36039
35841
35880
36040
35842
35881
36041
35843
35882
36042
35844
35883
36043
35845
35884
36044
35846
35885
36045
35847
35886
36046
35848
35887
36047
35849
35888
36048
35850
35889
36049
35851
35890
36050
35852
35891
36051
35853
35892
36052
35854
35893
36053
35855
35894
36054
35856
35895
36055
35857
35896
36056
35858
35897
36057
35859
35898
36058
35860
35899
36059
35861
35900
36060
35862
35901
36061
35863
35902
36062
35864
35903
36063
35865
35904
36064
35866
35905
36065
35867
35906
36066
35868
35907
36067
35869
35908
36068
35870
35909
36069
35871
35910
36070
35872
35911
36071
35873
35912
36072
35874
35913
36073
35875
35914
36074
35876
35915
36075
35877
35916
36076
35878
35917
36077
35879
35918
36078
35919
36079
35881
35920
36080
35882
35921
36081
35883
35922
36082
35884
35923
36083
35885
35924
36084
35886
35925
36085
35887
35926
36086
35888
35927
36087
35889
35928
36088
35890
35929
36089
35891
35930
36090
35892
35931
36091
35893
35932
36092
35894
35933
36093
35895
35934
36094
35896
35935
36095
35897
35936
36096
35898
35937
36097
35899
35938
36098
35900
35939
36099
35901
35940
36100
35902
35941
36101
35903
35942
36102
35904
35943
36103
35905
35944
36104
35906
35945
36105
35907
35946
36106
35908
35947
36107
35909
35948
36108
35910
35949
36109
35911
35950
36110
35912
35951
36111
35913
35952
36112
35914
35953
36113
35915
35954
36114
35916
35955
36115
35917
35956
36116
35918
35957
36117
35919
35958
36118
35959
36119
35921
35960
36120
35922
35961
36121
35923
35962
36122
35924
35963
36123
35925
35964
36124
35926
35965
36125
35927
35966
36126
35928
35967
36127
35929
35968
36128
35930
35969
36129
35931
35970
36130
35932
35971
36131
35933
35972
36132
35934
35973
36133
35935
35974
36134
35936
35975
36135
35937
35976
36136
35938
35977
36137
35939
35978
36138
35940
35979
36139
35941
35980
36140
35942
35981
36141
35943
35982
36142
35944
35983
36143
35945
35984
36144
35946
35985
36145
35947
35986
36146
35948
35987
36147
35949
35988
36148
35950
35989
36149
35951
35990
36150
35952
35991
36151
35953
35992
36152
35954
35993
36153
35955
35994
36154
35956
35995
36155
35957
35996
36156
35958
35997
36157
35959
35998
36158
35999
36159
35961
36160
35962
36161
35963
36162
35964
36163
35965
36164
35966
36165
35967
36166
35968
36167
35969
36168
35970
36169
35971
36170
35972
36171
35973
36172
35974
36173
35975
36174
35976
36175
35977
36176
35978
36177
35979
36178
35980
36179
35981
36180
35982
36181
35983
36182
35984
36183
35985
36184
35986
36185
35987
36186
35988
36187
35989
36188
35990
36189
35991
36190
35992
36191
35993
36192
35994
36193
35995
36194
35996
36195
35997
36196
35998
36197
35999
36198
36199
36001
36040
36200
36002
36041
36201
36003
36042
36202
36004
36043
36203
36005
36044
36204
36006
36045
36205
36007
36046
36206
36008
36047
36207
36009
36048
36208
36010
36049
36209
36011
36050
36210
36012
36051
36211
36013
36052
36212
36014
36053
36213
36015
36054
36214
36016
36055
36215
36017
36056
36216
36018
36057
36217
36019
36058
36218
36020
36059
36219
36021
36060
36220
36022
36061
36221
36023
36062
36222
36024
36063
36223
36025
36064
36224
36026
36065
36225
36027
36066
36226
36028
36067
36227
36029
36068
36228
36030
36069
36229
36031
36070
36230
36032
36071
36231
36033
36072
36232
36034
36073
36233
36035
36074
36234
36036
36075
36235
36037
36076
36236
36038
36077
36237
36039
36078
36238
36079
36239
36041
36080
36240
36042
36081
36241
36043
36082
36242
36044
36083
36243
36045
36084
36244
36046
36085
36245
36047
36086
36246
36048
36087
36247
36049
36088
36248
36050
36089
36249
36051
36090
36250
36052
36091
36251
36053
36092
36252
36054
36093
36253
36055
36094
36254
36056
36095
36255
36057
36096
36256
36058
36097
36257
36059
36098
36258
36060
36099
36259
36061
36100
36260
36062
36101
36261
36063
36102
36262
36064
36103
36263
36065
36104
36264
36066
36105
36265
36067
36106
36266
36068
36107
36267
36069
36108
36268
36070
36109
36269
36071
36110
36270
36072
36111
36271
36073
36112
36272
36074
36113
36273
36075
36114
36274
36076
36115
36275
36077
36116
36276
36078
36117
36277
36079
36118
36278
36119
36279
36081
36120
36280
36082
36121
36281
36083
36122
36282
36084
36123
36283
36085
36124
36284
36086
36125
36285
36087
36126
36286
36088
36127
36287
36089
36128
36288
36090
36129
36289
36091
36130
36290
36092
36131
36291
36093
36132
36292
36094
36133
36293
36095
36134
36294
36096
36135
36295
36097
36136
36296
36098
36137
36297
36099
36138
36298
36100
36139
36299
36101
36140
36300
36102
36141
36301
36103
36142
36302
36104
36143
36303
36105
36144
36304
36106
36145
36305
36107
36146
36306
36108
36147
36307
36109
36148
36308
36110
36149
36309
36111
36150
36310
36112
36151
36311
36113
36152
36312
36114
36153
36313
36115
36154
36314
36116
36155
36315
36117
36156
36316
36118
36157
36317
36119
36158
36318
36159
36319
36121
36160
36320
36122
36161
36321
36123
36162
36322
36124
36163
36323
36125
36164
36324
36126
36165
36325
36127
36166
36326
36128
36167
36327
36129
36168
36328
36130
36169
36329
36131
36170
36330
36132
36171
36331
36133
36172
36332
36134
36173
36333
36135
36174
36334
36136
36175
36335
36137
36176
36336
36138
36177
36337
36139
36178
36338
36140
36179
36339
36141
36180
36340
36142
36181
36341
36143
36182
36342
36144
36183
36343
36145
36184
36344
36146
36185
36345
36147
36186
36346
36148
36187
36347
36149
36188
36348
36150
36189
36349
36151
36190
36350
36152
36191
36351
36153
36192
36352
36154
36193
36353
36155
36194
36354
36156
36195
36355
36157
36196
36356
36158
36197
36357
36159
36198
36358
36199
36359
36161
36360
36162
36361
36163
36362
36164
36363
36165
36364
36166
36365
36167
36366
36168
36367
36169
36368
36170
36369
36171
36370
36172
36371
36173
36372
36174
36373
36175
36374
36176
36375
36177
36376
36178
36377
36179
36378
36180
36379
36181
36380
36182
36381
36183
36382
36184
36383
36185
36384
36186
36385
36187
36386
36188
36387
36189
36388
36190
36389
36191
36390
36192
36391
36193
36392
36194
36393
36195
36394
36196
36395
36197
36396
36198
36397
36199
36398
36399
36201
36240
36400
36202
36241
36401
36203
36242
36402
36204
36243
36403
36205
36244
36404
36206
36245
36405
36207
36246
36406
36208
36247
36407
36209
36248
36408
36210
36249
36409
36211
36250
36410
36212
36251
36411
36213
36252
36412
36214
36253
36413
36215
36254
36414
36216
36255
36415
36217
36256
36416
36218
36257
36417
36219
36258
36418
36220
36259
36419
36221
36260
36420
36222
36261
36421
36223
36262
36422
36224
36263
36423
36225
36264
36424
36226
36265
36425
36227
36266
36426
36228
36267
36427
36229
36268
36428
36230
36269
36429
36231
36270
36430
36232
36271
36431
36233
36272
36432
36234
36273
36433
36235
36274
36434
36236
36275
36435
36237
36276
36436
36238
36277
36437
36239
36278
36438
36279
36439
36241
36280
36440
36242
36281
36441
36243
36282
36442
36244
36283
36443
36245
36284
36444
36246
36285
36445
36247
36286
36446
36248
36287
36447
36249
36288
36448
36250
36289
36449
36251
36290
36450
36252
36291
36451
36253
36292
36452
36254
36293
36453
36255
36294
36454
36256
36295
36455
36257
36296
36456
36258
36297
36457
36259
36298
36458
36260
36299
36459
36261
36300
36460
36262
36301
36461
36263
36302
36462
36264
36303
36463
36265
36304
36464
36266
36305
36465
36267
36306
36466
36268
36307
36467
36269
36308
36468
36270
36309
36469
36271
36310
36470
36272
36311
36471
36273
36312
36472
36274
36313
36473
36275
36314
36474
36276
36315
36475
36277
36316
36476
36278
36317
36477
36279
36318
36478
36319
36479
36281
36320
36480
36282
36321
36481
36283
36322
36482
36284
36323
36483
36285
36324
36484
36286
36325
36485
36287
36326
36486
36288
36327
36487
36289
36328
36488
36290
36329
36489
36291
36330
36490
36292
36331
36491
36293
36332
36492
36294
36333
36493
36295
36334
36494
36296
36335
36495
36297
36336
36496
36298
36337
36497
36299
36338
36498
36300
36339
36499
36301
36340
36500
36302
36341
36501
36303
36342
36502
36304
36343
36503
36305
36344
36504
36306
36345
36505
36307
36346
36506
36308
36347
36507
36309
36348
36508
36310
36349
36509
36311
36350
36510
36312
36351
36511
36313
36352
36512
36314
36353
36513
36315
36354
36514
36316
36355
36515
36317
36356
36516
36318
36357
36517
36319
36358
36518
36359
36519
36321
36360
36520
36322
36361
36521
36323
36362
36522
36324
36363
36523
36325
36364
36524
36326
36365
36525
36327
36366
36526
36328
36367
36527
36329
36368
36528
36330
36369
36529
36331
36370
36530
36332
36371
36531
36333
36372
36532
36334
36373
36533
36335
36374
36534
36336
36375
36535
36337
36376
36536
36338
36377
36537
36339
36378
36538
36340
36379
36539
36341
36380
36540
36342
36381
36541
36343
36382
36542
36344
36383
36543
36345
36384
36544
36346
36385
36545
36347
36386
36546
36348
36387
36547
36349
36388
36548
36350
36389
36549
36351
36390
36550
36352
36391
36551
36353
36392
36552
36354
36393
36553
36355
36394
36554
36356
36395
36555
36357
36396
36556
36358
36397
36557
36359
36398
36558
36399
36559
36361
36560
36362
36561
36363
36562
36364
36563
36365
36564
36366
36565
36367
36566
36368
36567
36369
36568
36370
36569
36371
36570
36372
36571
36373
36572
36374
36573
36375
36574
36376
36575
36377
36576
36378
36577
36379
36578
36380
36579
36381
36580
36382
36581
36383
36582
36384
36583
36385
36584
36386
36585
36387
36586
36388
36587
36389
36588
36390
36589
36391
36590
36392
36591
36393
36592
36394
36593
36395
36594
36396
36595
36397
36596
36398
36597
36399
36598
36599
36401
36440
36600
36402
36441
36601
36403
36442
36602
36404
36443
36603
36405
36444
36604
36406
36445
36605
36407
36446
36606
36408
36447
36607
36409
36448
36608
36410
36449
36609
36411
36450
36610
36412
36451
36611
36413
36452
36612
36414
36453
36613
36415
36454
36614
36416
36455
36615
36417
36456
36616
36418
36457
36617
36419
36458
36618
36420
36459
36619
36421
36460
36620
36422
36461
36621
36423
36462
36622
36424
36463
36623
36425
36464
36624
36426
36465
36625
36427
36466
36626
36428
36467
36627
36429
36468
36628
36430
36469
36629
36431
36470
36630
36432
36471
36631
36433
36472
36632
36434
36473
36633
36435
36474
36634
36436
36475
36635
36437
36476
36636
36438
36477
36637
36439
36478
36638
36479
36639
36441
36480
36640
36442
36481
36641
36443
36482
36642
36444
36483
36643
36445
36484
36644
36446
36485
36645
36447
36486
36646
36448
36487
36647
36449
36488
36648
36450
36489
36649
36451
36490
36650
36452
36491
36651
36453
36492
36652
36454
36493
36653
36455
36494
36654
36456
36495
36655
36457
36496
36656
36458
36497
36657
36459
36498
36658
36460
36499
36659
36461
36500
36660
36462
36501
36661
36463
36502
36662
36464
36503
36663
36465
36504
36664
36466
36505
36665
36467
36506
36666
36468
36507
36667
36469
36508
36668
36470
36509
36669
36471
36510
36670
36472
36511
36671
36473
36512
36672
36474
36513
36673
36475
36514
36674
36476
36515
36675
36477
36516
36676
36478
36517
36677
36479
36518
36678
36519
36679
36481
36520
36680
36482
36521
36681
36483
36522
36682
36484
36523
36683
36485
36524
36684
36486
36525
36685
36487
36526
36686
36488
36527
36687
36489
36528
36688
36490
36529
36689
36491
36530
36690
36492
36531
36691
36493
36532
36692
36494
36533
36693
36495
36534
36694
36496
36535
36695
36497
36536
36696
36498
36537
36697
36499
36538
36698
36500
36539
36699
36501
36540
36700
36502
36541
36701
36503
36542
36702
36504
36543
36703
36505
36544
36704
36506
36545
36705
36507
36546
36706
36508
36547
36707
36509
36548
36708
36510
36549
36709
36511
36550
36710
36512
36551
36711
36513
36552
36712
36514
36553
36713
36515
36554
36714
36516
36555
36715
36517
36556
36716
36518
36557
36717
36519
36558
36718
36559
36719
36521
36560
36720
36522
36561
36721
36523
36562
36722
36524
36563
36723
36525
36564
36724
36526
36565
36725
36527
36566
36726
36528
36567
36727
36529
36568
36728
36530
36569
36729
36531
36570
36730
36532
36571
36731
36533
36572
36732
36534
36573
36733
36535
36574
36734
36536
36575
36735
36537
36576
36736
36538
36577
36737
36539
36578
36738
36540
36579
36739
36541
36580
36740
36542
36581
36741
36543
36582
36742
36544
36583
36743
36545
36584
36744
36546
36585
36745
36547
36586
36746
36548
36587
36747
36549
36588
36748
36550
36589
36749
36551
36590
36750
36552
36591
36751
36553
36592
36752
36554
36593
36753
36555
36594
36754
36556
36595
36755
36557
36596
36756
36558
36597
36757
36559
36598
36758
36599
36759
36561
36760
36562
36761
36563
36762
36564
36763
36565
36764
36566
36765
36567
36766
36568
36767
36569
36768
36570
36769
36571
36770
36572
36771
36573
36772
36574
36773
36575
36774
36576
36775
36577
36776
36578
36777
36579
36778
36580
36779
36581
36780
36582
36781
36583
36782
36584
36783
36585
36784
36586
36785
36587
36786
36588
36787
36589
36788
36590
36789
36591
36790
36592
36791
36593
36792
36594
36793
36595
36794
36596
36795
36597
36796
36598
36797
36599
36798
36799
36601
36640
36800
36602
36641
36801
36603
36642
36802
36604
36643
36803
36605
36644
36804
36606
36645
36805
36607
36646
36806
36608
36647
36807
36609
36648
36808
36610
36649
36809
36611
36650
36810
36612
36651
36811
36613
36652
36812
36614
36653
36813
36615
36654
36814
36616
36655
36815
36617
36656
36816
36618
36657
36817
36619
36658
36818
36620
36659
36819
36621
36660
36820
36622
36661
36821
36623
36662
36822
36624
36663
36823
36625
36664
36824
36626
36665
36825
36627
36666
36826
36628
36667
36827
36629
36668
36828
36630
36669
36829
36631
36670
36830
36632
36671
36831
36633
36672
36832
36634
36673
36833
36635
36674
36834
36636
36675
36835
36637
36676
36836
36638
36677
36837
36639
36678
36838
36679
36839
36641
36680
36840
36642
36681
36841
36643
36682
36842
36644
36683
36843
36645
36684
36844
36646
36685
36845
36647
36686
36846
36648
36687
36847
36649
36688
36848
36650
36689
36849
36651
36690
36850
36652
36691
36851
36653
36692
36852
36654
36693
36853
36655
36694
36854
36656
36695
36855
36657
36696
36856
36658
36697
36857
36659
36698
36858
36660
36699
36859
36661
36700
36860
36662
36701
36861
36663
36702
36862
36664
36703
36863
36665
36704
36864
36666
36705
36865
36667
36706
36866
36668
36707
36867
36669
36708
36868
36670
36709
36869
36671
36710
36870
36672
36711
36871
36673
36712
36872
36674
36713
36873
36675
36714
36874
36676
36715
36875
36677
36716
36876
36678
36717
36877
36679
36718
36878
36719
36879
36681
36720
36880
36682
36721
36881
36683
36722
36882
36684
36723
36883
36685
36724
36884
36686
36725
36885
36687
36726
36886
36688
36727
36887
36689
36728
36888
36690
36729
36889
36691
36730
36890
36692
36731
36891
36693
36732
36892
36694
36733
36893
36695
36734
36894
36696
36735
36895
36697
36736
36896
36698
36737
36897
36699
36738
36898
36700
36739
36899
36701
36740
36900
36702
36741
36901
36703
36742
36902
36704
36743
36903
36705
36744
36904
36706
36745
36905
36707
36746
36906
36708
36747
36907
36709
36748
36908
36710
36749
36909
36711
36750
36910
36712
36751
36911
36713
36752
36912
36714
36753
36913
36715
36754
36914
36716
36755
36915
36717
36756
36916
36718
36757
36917
36719
36758
36918
36759
36919
36721
36760
36920
36722
36761
36921
36723
36762
36922
36724
36763
36923
36725
36764
36924
36726
36765
36925
36727
36766
36926
36728
36767
36927
36729
36768
36928
36730
36769
36929
36731
36770
36930
36732
36771
36931
36733
36772
36932
36734
36773
36933
36735
36774
36934
36736
36775
36935
36737
36776
36936
36738
36777
36937
36739
36778
36938
36740
36779
36939
36741
36780
36940
36742
36781
36941
36743
36782
36942
36744
36783
36943
36745
36784
36944
36746
36785
36945
36747
36786
36946
36748
36787
36947
36749
36788
36948
36750
36789
36949
36751
36790
36950
36752
36791
36951
36753
36792
36952
36754
36793
36953
36755
36794
36954
36756
36795
36955
36757
36796
36956
36758
36797
36957
36759
36798
36958
36799
36959
36761
36960
36762
36961
36763
36962
36764
36963
36765
36964
36766
36965
36767
36966
36768
36967
36769
36968
36770
36969
36771
36970
36772
36971
36773
36972
36774
36973
36775
36974
36776
36975
36777
36976
36778
36977
36779
36978
36780
36979
36781
36980
36782
36981
36783
36982
36784
36983
36785
36984
36786
36985
36787
36986
36788
36987
36789
36988
36790
36989
36791
36990
36792
36991
36793
36992
36794
36993
36795
36994
36796
36995
36797
36996
36798
36997
36799
36998
36999
36801
36840
37000
36802
36841
37001
36803
36842
37002
36804
36843
37003
36805
36844
37004
36806
36845
37005
36807
36846
37006
36808
36847
37007
36809
36848
37008
36810
36849
37009
36811
36850
37010
36812
36851
37011
36813
36852
37012
36814
36853
37013
36815
36854
37014
36816
36855
37015
36817
36856
37016
36818
36857
37017
36819
36858
37018
36820
36859
37019
36821
36860
37020
36822
36861
37021
36823
36862
37022
36824
36863
37023
36825
36864
37024
36826
36865
37025
36827
36866
37026
36828
36867
37027
36829
36868
37028
36830
36869
37029
36831
36870
37030
36832
36871
37031
36833
36872
37032
36834
36873
37033
36835
36874
37034
36836
36875
37035
36837
36876
37036
36838
36877
37037
36839
36878
37038
36879
37039
36841
36880
37040
36842
36881
37041
36843
36882
37042
36844
36883
37043
36845
36884
37044
36846
36885
37045
36847
36886
37046
36848
36887
37047
36849
36888
37048
36850
36889
37049
36851
36890
37050
36852
36891
37051
36853
36892
37052
36854
36893
37053
36855
36894
37054
36856
36895
37055
36857
36896
37056
36858
36897
37057
36859
36898
37058
36860
36899
37059
36861
36900
37060
36862
36901
37061
36863
36902
37062
36864
36903
37063
36865
36904
37064
36866
36905
37065
36867
36906
37066
36868
36907
37067
36869
36908
37068
36870
36909
37069
36871
36910
37070
36872
36911
37071
36873
36912
37072
36874
36913
37073
36875
36914
37074
36876
36915
37075
36877
36916
37076
36878
36917
37077
36879
36918
37078
36919
37079
36881
36920
37080
36882
36921
37081
36883
36922
37082
36884
36923
37083
36885
36924
37084
36886
36925
37085
36887
36926
37086
36888
36927
37087
36889
36928
37088
36890
36929
37089
36891
36930
37090
36892
36931
37091
36893
36932
37092
36894
36933
37093
36895
36934
37094
36896
36935
37095
36897
36936
37096
36898
36937
37097
36899
36938
37098
36900
36939
37099
36901
36940
37100
36902
36941
37101
36903
36942
37102
36904
36943
37103
36905
36944
37104
36906
36945
37105
36907
36946
37106
36908
36947
37107
36909
36948
37108
36910
36949
37109
36911
36950
37110
36912
36951
37111
36913
36952
37112
36914
36953
37113
36915
36954
37114
36916
36955
37115
36917
36956
37116
36918
36957
37117
36919
36958
37118
36959
37119
36921
36960
37120
36922
36961
37121
36923
36962
37122
36924
36963
37123
36925
36964
37124
36926
36965
37125
36927
36966
37126
36928
36967
37127
36929
36968
37128
36930
36969
37129
36931
36970
37130
36932
36971
37131
36933
36972
37132
36934
36973
37133
36935
36974
37134
36936
36975
37135
36937
36976
37136
36938
36977
37137
36939
36978
37138
36940
36979
37139
36941
36980
37140
36942
36981
37141
36943
36982
37142
36944
36983
37143
36945
36984
37144
36946
36985
37145
36947
36986
37146
36948
36987
37147
36949
36988
37148
36950
36989
37149
36951
36990
37150
36952
36991
37151
36953
36992
37152
36954
36993
37153
36955
36994
37154
36956
36995
37155
36957
36996
37156
36958
36997
37157
36959
36998
37158
36999
37159
36961
37160
36962
37161
36963
37162
36964
37163
36965
37164
36966
37165
36967
37166
36968
37167
36969
37168
36970
37169
36971
37170
36972
37171
36973
37172
36974
37173
36975
37174
36976
37175
36977
37176
36978
37177
36979
37178
36980
37179
36981
37180
36982
37181
36983
37182
36984
37183
36985
37184
36986
37185
36987
37186
36988
37187
36989
37188
36990
37189
36991
37190
36992
37191
36993
37192
36994
37193
36995
37194
36996
37195
36997
37196
36998
37197
36999
37198
37199
37001
37040
37200
37002
37041
37201
37003
37042
37202
37004
37043
37203
37005
37044
37204
37006
37045
37205
37007
37046
37206
37008
37047
37207
37009
37048
37208
37010
37049
37209
37011
37050
37210
37012
37051
37211
37013
37052
37212
37014
37053
37213
37015
37054
37214
37016
37055
37215
37017
37056
37216
37018
37057
37217
37019
37058
37218
37020
37059
37219
37021
37060
37220
37022
37061
37221
37023
37062
37222
37024
37063
37223
37025
37064
37224
37026
37065
37225
37027
37066
37226
37028
37067
37227
37029
37068
37228
37030
37069
37229
37031
37070
37230
37032
37071
37231
37033
37072
37232
37034
37073
37233
37035
37074
37234
37036
37075
37235
37037
37076
37236
37038
37077
37237
37039
37078
37238
37079
37239
37041
37080
37240
37042
37081
37241
37043
37082
37242
37044
37083
37243
37045
37084
37244
37046
37085
37245
37047
37086
37246
37048
37087
37247
37049
37088
37248
37050
37089
37249
37051
37090
37250
37052
37091
37251
37053
37092
37252
37054
37093
37253
37055
37094
37254
37056
37095
37255
37057
37096
37256
37058
37097
37257
37059
37098
37258
37060
37099
37259
37061
37100
37260
37062
37101
37261
37063
37102
37262
37064
37103
37263
37065
37104
37264
37066
37105
37265
37067
37106
37266
37068
37107
37267
37069
37108
37268
37070
37109
37269
37071
37110
37270
37072
37111
37271
37073
37112
37272
37074
37113
37273
37075
37114
37274
37076
37115
37275
37077
37116
37276
37078
37117
37277
37079
37118
37278
37119
37279
37081
37120
37280
37082
37121
37281
37083
37122
37282
37084
37123
37283
37085
37124
37284
37086
37125
37285
37087
37126
37286
37088
37127
37287
37089
37128
37288
37090
37129
37289
37091
37130
37290
37092
37131
37291
37093
37132
37292
37094
37133
37293
37095
37134
37294
37096
37135
37295
37097
37136
37296
37098
37137
37297
37099
37138
37298
37100
37139
37299
37101
37140
37300
37102
37141
37301
37103
37142
37302
37104
37143
37303
37105
37144
37304
37106
37145
37305
37107
37146
37306
37108
37147
37307
37109
37148
37308
37110
37149
37309
37111
37150
37310
37112
37151
37311
37113
37152
37312
37114
37153
37313
37115
37154
37314
37116
37155
37315
37117
37156
37316
37118
37157
37317
37119
37158
37318
37159
37319
37121
37160
37320
37122
37161
37321
37123
37162
37322
37124
37163
37323
37125
37164
37324
37126
37165
37325
37127
37166
37326
37128
37167
37327
37129
37168
37328
37130
37169
37329
37131
37170
37330
37132
37171
37331
37133
37172
37332
37134
37173
37333
37135
37174
37334
37136
37175
37335
37137
37176
37336
37138
37177
37337
37139
37178
37338
37140
37179
37339
37141
37180
37340
37142
37181
37341
37143
37182
37342
37144
37183
37343
37145
37184
37344
37146
37185
37345
37147
37186
37346
37148
37187
37347
37149
37188
37348
37150
37189
37349
37151
37190
37350
37152
37191
37351
37153
37192
37352
37154
37193
37353
37155
37194
37354
37156
37195
37355
37157
37196
37356
37158
37197
37357
37159
37198
37358
37199
37359
37161
37360
37162
37361
37163
37362
37164
37363
37165
37364
37166
37365
37167
37366
37168
37367
37169
37368
37170
37369
37171
37370
37172
37371
37173
37372
37174
37373
37175
37374
37176
37375
37177
37376
37178
37377
37179
37378
37180
37379
37181
37380
37182
37381
37183
37382
37184
37383
37185
37384
37186
37385
37187
37386
37188
37387
37189
37388
37190
37389
37191
37390
37192
37391
37193
37392
37194
37393
37195
37394
37196
37395
37197
37396
37198
37397
37199
37398
37399
37201
37240
37400
37202
37241
37401
37203
37242
37402
37204
37243
37403
37205
37244
37404
37206
37245
37405
37207
37246
37406
37208
37247
37407
37209
37248
37408
37210
37249
37409
37211
37250
37410
37212
37251
37411
37213
37252
37412
37214
37253
37413
37215
37254
37414
37216
37255
37415
37217
37256
37416
37218
37257
37417
37219
37258
37418
37220
37259
37419
37221
37260
37420
37222
37261
37421
37223
37262
37422
37224
37263
37423
37225
37264
37424
37226
37265
37425
37227
37266
37426
37228
37267
37427
37229
37268
37428
37230
37269
37429
37231
37270
37430
37232
37271
37431
37233
37272
37432
37234
37273
37433
37235
37274
37434
37236
37275
37435
37237
37276
37436
37238
37277
37437
37239
37278
37438
37279
37439
37241
37280
37440
37242
37281
37441
37243
37282
37442
37244
37283
37443
37245
37284
37444
37246
37285
37445
37247
37286
37446
37248
37287
37447
37249
37288
37448
37250
37289
37449
37251
37290
37450
37252
37291
37451
37253
37292
37452
37254
37293
37453
37255
37294
37454
37256
37295
37455
37257
37296
37456
37258
37297
37457
37259
37298
37458
37260
37299
37459
37261
37300
37460
37262
37301
37461
37263
37302
37462
37264
37303
37463
37265
37304
37464
37266
37305
37465
37267
37306
37466
37268
37307
37467
37269
37308
37468
37270
37309
37469
37271
37310
37470
37272
37311
37471
37273
37312
37472
37274
37313
37473
37275
37314
37474
37276
37315
37475
37277
37316
37476
37278
37317
37477
37279
37318
37478
37319
37479
37281
37320
37480
37282
37321
37481
37283
37322
37482
37284
37323
37483
37285
37324
37484
37286
37325
37485
37287
37326
37486
37288
37327
37487
37289
37328
37488
37290
37329
37489
37291
37330
37490
37292
37331
37491
37293
37332
37492
37294
37333
37493
37295
37334
37494
37296
37335
37495
37297
37336
37496
37298
37337
37497
37299
37338
37498
37300
37339
37499
37301
37340
37500
37302
37341
37501
37303
37342
37502
37304
37343
37503
37305
37344
37504
37306
37345
37505
37307
37346
37506
37308
37347
37507
37309
37348
37508
37310
37349
37509
37311
37350
37510
37312
37351
37511
37313
37352
37512
37314
37353
37513
37315
37354
37514
37316
37355
37515
37317
37356
37516
37318
37357
37517
37319
37358
37518
37359
37519
37321
37360
37520
37322
37361
37521
37323
37362
37522
37324
37363
37523
37325
37364
37524
37326
37365
37525
37327
37366
37526
37328
37367
37527
37329
37368
37528
37330
37369
37529
37331
37370
37530
37332
37371
37531
37333
37372
37532
37334
37373
37533
37335
37374
37534
37336
37375
37535
37337
37376
37536
37338
37377
37537
37339
37378
37538
37340
37379
37539
37341
37380
37540
37342
37381
37541
37343
37382
37542
37344
37383
37543
37345
37384
37544
37346
37385
37545
37347
37386
37546
37348
37387
37547
37349
37388
37548
37350
37389
37549
37351
37390
37550
37352
37391
37551
37353
37392
37552
37354
37393
37553
37355
37394
37554
37356
37395
37555
37357
37396
37556
37358
37397
37557
37359
37398
37558
37399
37559
37361
37560
37362
37561
37363
37562
37364
37563
37365
37564
37366
37565
37367
37566
37368
37567
37369
37568
37370
37569
37371
37570
37372
37571
37373
37572
37374
37573
37375
37574
37376
37575
37377
37576
37378
37577
37379
37578
37380
37579
37381
37580
37382
37581
37383
37582
37384
37583
37385
37584
37386
37585
37387
37586
37388
37587
37389
37588
37390
37589
37391
37590
37392
37591
37393
37592
37394
37593
37395
37594
37396
37595
37397
37596
37398
37597
37399
37598
37599
37401
37440
37600
37402
37441
37601
37403
37442
37602
37404
37443
37603
37405
37444
37604
37406
37445
37605
37407
37446
37606
37408
37447
37607
37409
37448
37608
37410
37449
37609
37411
37450
37610
37412
37451
37611
37413
37452
37612
37414
37453
37613
37415
37454
37614
37416
37455
37615
37417
37456
37616
37418
37457
37617
37419
37458
37618
37420
37459
37619
37421
37460
37620
37422
37461
37621
37423
37462
37622
37424
37463
37623
37425
37464
37624
37426
37465
37625
37427
37466
37626
37428
37467
37627
37429
37468
37628
37430
37469
37629
37431
37470
37630
37432
37471
37631
37433
37472
37632
37434
37473
37633
37435
37474
37634
37436
37475
37635
37437
37476
37636
37438
37477
37637
37439
37478
37638
37479
37639
37441
37480
37640
37442
37481
37641
37443
37482
37642
37444
37483
37643
37445
37484
37644
37446
37485
37645
37447
37486
37646
37448
37487
37647
37449
37488
37648
37450
37489
37649
37451
37490
37650
37452
37491
37651
37453
37492
37652
37454
37493
37653
37455
37494
37654
37456
37495
37655
37457
37496
37656
37458
37497
37657
37459
37498
37658
37460
37499
37659
37461
37500
37660
37462
37501
37661
37463
37502
37662
37464
37503
37663
37465
37504
37664
37466
37505
37665
37467
37506
37666
37468
37507
37667
37469
37508
37668
37470
37509
37669
37471
37510
37670
37472
37511
37671
37473
37512
37672
37474
37513
37673
37475
37514
37674
37476
37515
37675
37477
37516
37676
37478
37517
37677
37479
37518
37678
37519
37679
37481
37520
37680
37482
37521
37681
37483
37522
37682
37484
37523
37683
37485
37524
37684
37486
37525
37685
37487
37526
37686
37488
37527
37687
37489
37528
37688
37490
37529
37689
37491
37530
37690
37492
37531
37691
37493
37532
37692
37494
37533
37693
37495
37534
37694
37496
37535
37695
37497
37536
37696
37498
37537
37697
37499
37538
37698
37500
37539
37699
37501
37540
37700
37502
37541
37701
37503
37542
37702
37504
37543
37703
37505
37544
37704
37506
37545
37705
37507
37546
37706
37508
37547
37707
37509
37548
37708
37510
37549
37709
37511
37550
37710
37512
37551
37711
37513
37552
37712
37514
37553
37713
37515
37554
37714
37516
37555
37715
37517
37556
37716
37518
37557
37717
37519
37558
37718
37559
37719
37521
37560
37720
37522
37561
37721
37523
37562
37722
37524
37563
37723
37525
37564
37724
37526
37565
37725
37527
37566
37726
37528
37567
37727
37529
37568
37728
37530
37569
37729
37531
37570
37730
37532
37571
37731
37533
37572
37732
37534
37573
37733
37535
37574
37734
37536
37575
37735
37537
37576
37736
37538
37577
37737
37539
37578
37738
37540
37579
37739
37541
37580
37740
37542
37581
37741
37543
37582
37742
37544
37583
37743
37545
37584
37744
37546
37585
37745
37547
37586
37746
37548
37587
37747
37549
37588
37748
37550
37589
37749
37551
37590
37750
37552
37591
37751
37553
37592
37752
37554
37593
37753
37555
37594
37754
37556
37595
37755
37557
37596
37756
37558
37597
37757
37559
37598
37758
37599
37759
37561
37760
37562
37761
37563
37762
37564
37763
37565
37764
37566
37765
37567
37766
37568
37767
37569
37768
37570
37769
37571
37770
37572
37771
37573
37772
37574
37773
37575
37774
37576
37775
37577
37776
37578
37777
37579
37778
37580
37779
37581
37780
37582
37781
37583
37782
37584
37783
37585
37784
37586
37785
37587
37786
37588
37787
37589
37788
37590
37789
37591
37790
37592
37791
37593
37792
37594
37793
37595
37794
37596
37795
37597
37796
37598
37797
37599
37798
37799
37601
37640
37800
37602
37641
37801
37603
37642
37802
37604
37643
37803
37605
37644
37804
37606
37645
37805
37607
37646
37806
37608
37647
37807
37609
37648
37808
37610
37649
37809
37611
37650
37810
37612
37651
37811
37613
37652
37812
37614
37653
37813
37615
37654
37814
37616
37655
37815
37617
37656
37816
37618
37657
37817
37619
37658
37818
37620
37659
37819
37621
37660
37820
37622
37661
37821
37623
37662
37822
37624
37663
37823
37625
37664
37824
37626
37665
37825
37627
37666
37826
37628
37667
37827
37629
37668
37828
37630
37669
37829
37631
37670
37830
37632
37671
37831
37633
37672
37832
37634
37673
37833
37635
37674
37834
37636
37675
37835
37637
37676
37836
37638
37677
37837
37639
37678
37838
37679
37839
37641
37680
37840
37642
37681
37841
37643
37682
37842
37644
37683
37843
37645
37684
37844
37646
37685
37845
37647
37686
37846
37648
37687
37847
37649
37688
37848
37650
37689
37849
37651
37690
37850
37652
37691
37851
37653
37692
37852
37654
37693
37853
37655
37694
37854
37656
37695
37855
37657
37696
37856
37658
37697
37857
37659
37698
37858
37660
37699
37859
37661
37700
37860
37662
37701
37861
37663
37702
37862
37664
37703
37863
37665
37704
37864
37666
37705
37865
37667
37706
37866
37668
37707
37867
37669
37708
37868
37670
37709
37869
37671
37710
37870
37672
37711
37871
37673
37712
37872
37674
37713
37873
37675
37714
37874
37676
37715
37875
37677
37716
37876
37678
37717
37877
37679
37718
37878
37719
37879
37681
37720
37880
37682
37721
37881
37683
37722
37882
37684
37723
37883
37685
37724
37884
37686
37725
37885
37687
37726
37886
37688
37727
37887
37689
37728
37888
37690
37729
37889
37691
37730
37890
37692
37731
37891
37693
37732
37892
37694
37733
37893
37695
37734
37894
37696
37735
37895
37697
37736
37896
37698
37737
37897
37699
37738
37898
37700
37739
37899
37701
37740
37900
37702
37741
37901
37703
37742
37902
37704
37743
37903
37705
37744
37904
37706
37745
37905
37707
37746
37906
37708
37747
37907
37709
37748
37908
37710
37749
37909
37711
37750
37910
37712
37751
37911
37713
37752
37912
37714
37753
37913
37715
37754
37914
37716
37755
37915
37717
37756
37916
37718
37757
37917
37719
37758
37918
37759
37919
37721
37760
37920
37722
37761
37921
37723
37762
37922
37724
37763
37923
37725
37764
37924
37726
37765
37925
37727
37766
37926
37728
37767
37927
37729
37768
37928
37730
37769
37929
37731
37770
37930
37732
37771
37931
37733
37772
37932
37734
37773
37933
37735
37774
37934
37736
37775
37935
37737
37776
37936
37738
37777
37937
37739
37778
37938
37740
37779
37939
37741
37780
37940
37742
37781
37941
37743
37782
37942
37744
37783
37943
37745
37784
37944
37746
37785
37945
37747
37786
37946
37748
37787
37947
37749
37788
37948
37750
37789
37949
37751
37790
37950
37752
37791
37951
37753
37792
37952
37754
37793
37953
37755
37794
37954
37756
37795
37955
37757
37796
37956
37758
37797
37957
37759
37798
37958
37799
37959
37761
37960
37762
37961
37763
37962
37764
37963
37765
37964
37766
37965
37767
37966
37768
37967
37769
37968
37770
37969
37771
37970
37772
37971
37773
37972
37774
37973
37775
37974
37776
37975
37777
37976
37778
37977
37779
37978
37780
37979
37781
37980
37782
37981
37783
37982
37784
37983
37785
37984
37786
37985
37787
37986
37788
37987
37789
37988
37790
37989
37791
37990
37792
37991
37793
37992
37794
37993
37795
37994
37796
37995
37797
37996
37798
37997
37799
37998
37999
37801
37840
38000
37802
37841
38001
37803
37842
38002
37804
37843
38003
37805
37844
38004
37806
37845
38005
37807
37846
38006
37808
37847
38007
37809
37848
38008
37810
37849
38009
37811
37850
38010
37812
37851
38011
37813
37852
38012
37814
37853
38013
37815
37854
38014
37816
37855
38015
37817
37856
38016
37818
37857
38017
37819
37858
38018
37820
37859
38019
37821
37860
38020
37822
37861
38021
37823
37862
38022
37824
37863
38023
37825
37864
38024
37826
37865
38025
37827
37866
38026
37828
37867
38027
37829
37868
38028
37830
37869
38029
37831
37870
38030
37832
37871
38031
37833
37872
38032
37834
37873
38033
37835
37874
38034
37836
37875
38035
37837
37876
38036
37838
37877
38037
37839
37878
38038
37879
38039
37841
37880
38040
37842
37881
38041
37843
37882
38042
37844
37883
38043
37845
37884
38044
37846
37885
38045
37847
37886
38046
37848
37887
38047
37849
37888
38048
37850
37889
38049
37851
37890
38050
37852
37891
38051
37853
37892
38052
37854
37893
38053
37855
37894
38054
37856
37895
38055
37857
37896
38056
37858
37897
38057
37859
37898
38058
37860
37899
38059
37861
37900
38060
37862
37901
38061
37863
37902
38062
37864
37903
38063
37865
37904
38064
37866
37905
38065
37867
37906
38066
37868
37907
38067
37869
37908
38068
37870
37909
38069
37871
37910
38070
37872
37911
38071
37873
37912
38072
37874
37913
38073
37875
37914
38074
37876
37915
38075
37877
37916
38076
37878
37917
38077
37879
37918
38078
37919
38079
37881
37920
38080
37882
37921
38081
37883
37922
38082
37884
37923
38083
37885
37924
38084
37886
37925
38085
37887
37926
38086
37888
37927
38087
37889
37928
38088
37890
37929
38089
37891
37930
38090
37892
37931
38091
37893
37932
38092
37894
37933
38093
37895
37934
38094
37896
37935
38095
37897
37936
38096
37898
37937
38097
37899
37938
38098
37900
37939
38099
37901
37940
38100
37902
37941
38101
37903
37942
38102
37904
37943
38103
37905
37944
38104
37906
37945
38105
37907
37946
38106
37908
37947
38107
37909
37948
38108
37910
37949
38109
37911
37950
38110
37912
37951
38111
37913
37952
38112
37914
37953
38113
37915
37954
38114
37916
37955
38115
37917
37956
38116
37918
37957
38117
37919
37958
38118
37959
38119
37921
37960
38120
37922
37961
38121
37923
37962
38122
37924
37963
38123
37925
37964
38124
37926
37965
38125
37927
37966
38126
37928
37967
38127
37929
37968
38128
37930
37969
38129
37931
37970
38130
37932
37971
38131
37933
37972
38132
37934
37973
38133
37935
37974
38134
37936
37975
38135
37937
37976
38136
37938
37977
38137
37939
37978
38138
37940
37979
38139
37941
37980
38140
37942
37981
38141
37943
37982
38142
37944
37983
38143
37945
37984
38144
37946
37985
38145
37947
37986
38146
37948
37987
38147
37949
37988
38148
37950
37989
38149
37951
37990
38150
37952
37991
38151
37953
37992
38152
37954
37993
38153
37955
37994
38154
37956
37995
38155
37957
37996
38156
37958
37997
38157
37959
37998
38158
37999
38159
37961
38160
37962
38161
37963
38162
37964
38163
37965
38164
37966
38165
37967
38166
37968
38167
37969
38168
37970
38169
37971
38170
37972
38171
37973
38172
37974
38173
37975
38174
37976
38175
37977
38176
37978
38177
37979
38178
37980
38179
37981
38180
37982
38181
37983
38182
37984
38183
37985
38184
37986
38185
37987
38186
37988
38187
37989
38188
37990
38189
37991
38190
37992
38191
37993
38192
37994
38193
37995
38194
37996
38195
37997
38196
37998
38197
37999
38198
38199
38001
38040
38200
38002
38041
38201
38003
38042
38202
38004
38043
38203
38005
38044
38204
38006
38045
38205
38007
38046
38206
38008
38047
38207
38009
38048
38208
38010
38049
38209
38011
38050
38210
38012
38051
38211
38013
38052
38212
38014
38053
38213
38015
38054
38214
38016
38055
38215
38017
38056
38216
38018
38057
38217
38019
38058
38218
38020
38059
38219
38021
38060
38220
38022
38061
38221
38023
38062
38222
38024
38063
38223
38025
38064
38224
38026
38065
38225
38027
38066
38226
38028
38067
38227
38029
38068
38228
38030
38069
38229
38031
38070
38230
38032
38071
38231
38033
38072
38232
38034
38073
38233
38035
38074
38234
38036
38075
38235
38037
38076
38236
38038
38077
38237
38039
38078
38238
38079
38239
38041
38080
38240
38042
38081
38241
38043
38082
38242
38044
38083
38243
38045
38084
38244
38046
38085
38245
38047
38086
38246
38048
38087
38247
38049
38088
38248
38050
38089
38249
38051
38090
38250
38052
38091
38251
38053
38092
38252
38054
38093
38253
38055
38094
38254
38056
38095
38255
38057
38096
38256
38058
38097
38257
38059
38098
38258
38060
38099
38259
38061
38100
38260
38062
38101
38261
38063
38102
38262
38064
38103
38263
38065
38104
38264
38066
38105
38265
38067
38106
38266
38068
38107
38267
38069
38108
38268
38070
38109
38269
38071
38110
38270
38072
38111
38271
38073
38112
38272
38074
38113
38273
38075
38114
38274
38076
38115
38275
38077
38116
38276
38078
38117
38277
38079
38118
38278
38119
38279
38081
38120
38280
38082
38121
38281
38083
38122
38282
38084
38123
38283
38085
38124
38284
38086
38125
38285
38087
38126
38286
38088
38127
38287
38089
38128
38288
38090
38129
38289
38091
38130
38290
38092
38131
38291
38093
38132
38292
38094
38133
38293
38095
38134
38294
38096
38135
38295
38097
38136
38296
38098
38137
38297
38099
38138
38298
38100
38139
38299
38101
38140
38300
38102
38141
38301
38103
38142
38302
38104
38143
38303
38105
38144
38304
38106
38145
38305
38107
38146
38306
38108
38147
38307
38109
38148
38308
38110
38149
38309
38111
38150
38310
38112
38151
38311
38113
38152
38312
38114
38153
38313
38115
38154
38314
38116
38155
38315
38117
38156
38316
38118
38157
38317
38119
38158
38318
38159
38319
38121
38160
38320
38122
38161
38321
38123
38162
38322
38124
38163
38323
38125
38164
38324
38126
38165
38325
38127
38166
38326
38128
38167
38327
38129
38168
38328
38130
38169
38329
38131
38170
38330
38132
38171
38331
38133
38172
38332
38134
38173
38333
38135
38174
38334
38136
38175
38335
38137
38176
38336
38138
38177
38337
38139
38178
38338
38140
38179
38339
38141
38180
38340
38142
38181
38341
38143
38182
38342
38144
38183
38343
38145
38184
38344
38146
38185
38345
38147
38186
38346
38148
38187
38347
38149
38188
38348
38150
38189
38349
38151
38190
38350
38152
38191
38351
38153
38192
38352
38154
38193
38353
38155
38194
38354
38156
38195
38355
38157
38196
38356
38158
38197
38357
38159
38198
38358
38199
38359
38161
38360
38162
38361
38163
38362
38164
38363
38165
38364
38166
38365
38167
38366
38168
38367
38169
38368
38170
38369
38171
38370
38172
38371
38173
38372
38174
38373
38175
38374
38176
38375
38177
38376
38178
38377
38179
38378
38180
38379
38181
38380
38182
38381
38183
38382
38184
38383
38185
38384
38186
38385
38187
38386
38188
38387
38189
38388
38190
38389
38191
38390
38192
38391
38193
38392
38194
38393
38195
38394
38196
38395
38197
38396
38198
38397
38199
38398
38399
38201
38240
38400
38202
38241
38401
38203
38242
38402
38204
38243
38403
38205
38244
38404
38206
38245
38405
38207
38246
38406
38208
38247
38407
38209
38248
38408
38210
38249
38409
38211
38250
38410
38212
38251
38411
38213
38252
38412
38214
38253
38413
38215
38254
38414
38216
38255
38415
38217
38256
38416
38218
38257
38417
38219
38258
38418
38220
38259
38419
38221
38260
38420
38222
38261
38421
38223
38262
38422
38224
38263
38423
38225
38264
38424
38226
38265
38425
38227
38266
38426
38228
38267
38427
38229
38268
38428
38230
38269
38429
38231
38270
38430
38232
38271
38431
38233
38272
38432
38234
38273
38433
38235
38274
38434
38236
38275
38435
38237
38276
38436
38238
38277
38437
38239
38278
38438
38279
38439
38241
38280
38440
38242
38281
38441
38243
38282
38442
38244
38283
38443
38245
38284
38444
38246
38285
38445
38247
38286
38446
38248
38287
38447
38249
38288
38448
38250
38289
38449
38251
38290
38450
38252
38291
38451
38253
38292
38452
38254
38293
38453
38255
38294
38454
38256
38295
38455
38257
38296
38456
38258
38297
38457
38259
38298
38458
38260
38299
38459
38261
38300
38460
38262
38301
38461
38263
38302
38462
38264
38303
38463
38265
38304
38464
38266
38305
38465
38267
38306
38466
38268
38307
38467
38269
38308
38468
38270
38309
38469
38271
38310
38470
38272
38311
38471
38273
38312
38472
38274
38313
38473
38275
38314
38474
38276
38315
38475
38277
38316
38476
38278
38317
38477
38279
38318
38478
38319
38479
38281
38320
38480
38282
38321
38481
38283
38322
38482
38284
38323
38483
38285
38324
38484
38286
38325
38485
38287
38326
38486
38288
38327
38487
38289
38328
38488
38290
38329
38489
38291
38330
38490
38292
38331
38491
38293
38332
38492
38294
38333
38493
38295
38334
38494
38296
38335
38495
38297
38336
38496
38298
38337
38497
38299
38338
38498
38300
38339
38499
38301
38340
38500
38302
38341
38501
38303
38342
38502
38304
38343
38503
38305
38344
38504
38306
38345
38505
38307
38346
38506
38308
38347
38507
38309
38348
38508
38310
38349
38509
38311
38350
38510
38312
38351
38511
38313
38352
38512
38314
38353
38513
38315
38354
38514
38316
38355
38515
38317
38356
38516
38318
38357
38517
38319
38358
38518
38359
38519
38321
38360
38520
38322
38361
38521
38323
38362
38522
38324
38363
38523
38325
38364
38524
38326
38365
38525
38327
38366
38526
38328
38367
38527
38329
38368
38528
38330
38369
38529
38331
38370
38530
38332
38371
38531
38333
38372
38532
38334
38373
38533
38335
38374
38534
38336
38375
38535
38337
38376
38536
38338
38377
38537
38339
38378
38538
38340
38379
38539
38341
38380
38540
38342
38381
38541
38343
38382
38542
38344
38383
38543
38345
38384
38544
38346
38385
38545
38347
38386
38546
38348
38387
38547
38349
38388
38548
38350
38389
38549
38351
38390
38550
38352
38391
38551
38353
38392
38552
38354
38393
38553
38355
38394
38554
38356
38395
38555
38357
38396
38556
38358
38397
38557
38359
38398
38558
38399
38559
38361
38560
38362
38561
38363
38562
38364
38563
38365
38564
38366
38565
38367
38566
38368
38567
38369
38568
38370
38569
38371
38570
38372
38571
38373
38572
38374
38573
38375
38574
38376
38575
38377
38576
38378
38577
38379
38578
38380
38579
38381
38580
38382
38581
38383
38582
38384
38583
38385
38584
38386
38585
38387
38586
38388
38587
38389
38588
38390
38589
38391
38590
38392
38591
38393
38592
38394
38593
38395
38594
38396
38595
38397
38596
38398
38597
38399
38598
38599
38401
38440
38600
38402
38441
38601
38403
38442
38602
38404
38443
38603
38405
38444
38604
38406
38445
38605
38407
38446
38606
38408
38447
38607
38409
38448
38608
38410
38449
38609
38411
38450
38610
38412
38451
38611
38413
38452
38612
38414
38453
38613
38415
38454
38614
38416
38455
38615
38417
38456
38616
38418
38457
38617
38419
38458
38618
38420
38459
38619
38421
38460
38620
38422
38461
38621
38423
38462
38622
38424
38463
38623
38425
38464
38624
38426
38465
38625
38427
38466
38626
38428
38467
38627
38429
38468
38628
38430
38469
38629
38431
38470
38630
38432
38471
38631
38433
38472
38632
38434
38473
38633
38435
38474
38634
38436
38475
38635
38437
38476
38636
38438
38477
38637
38439
38478
38638
38479
38639
38441
38480
38640
38442
38481
38641
38443
38482
38642
38444
38483
38643
38445
38484
38644
38446
38485
38645
38447
38486
38646
38448
38487
38647
38449
38488
38648
38450
38489
38649
38451
38490
38650
38452
38491
38651
38453
38492
38652
38454
38493
38653
38455
38494
38654
38456
38495
38655
38457
38496
38656
38458
38497
38657
38459
38498
38658
38460
38499
38659
38461
38500
38660
38462
38501
38661
38463
38502
38662
38464
38503
38663
38465
38504
38664
38466
38505
38665
38467
38506
38666
38468
38507
38667
38469
38508
38668
38470
38509
38669
38471
38510
38670
38472
38511
38671
38473
38512
38672
38474
38513
38673
38475
38514
38674
38476
38515
38675
38477
38516
38676
38478
38517
38677
38479
38518
38678
38519
38679
38481
38520
38680
38482
38521
38681
38483
38522
38682
38484
38523
38683
38485
38524
38684
38486
38525
38685
38487
38526
38686
38488
38527
38687
38489
38528
38688
38490
38529
38689
38491
38530
38690
38492
38531
38691
38493
38532
38692
38494
38533
38693
38495
38534
38694
38496
38535
38695
38497
38536
38696
38498
38537
38697
38499
38538
38698
38500
38539
38699
38501
38540
38700
38502
38541
38701
38503
38542
38702
38504
38543
38703
38505
38544
38704
38506
38545
38705
38507
38546
38706
38508
38547
38707
38509
38548
38708
38510
38549
38709
38511
38550
38710
38512
38551
38711
38513
38552
38712
38514
38553
38713
38515
38554
38714
38516
38555
38715
38517
38556
38716
38518
38557
38717
38519
38558
38718
38559
38719
38521
38560
38720
38522
38561
38721
38523
38562
38722
38524
38563
38723
38525
38564
38724
38526
38565
38725
38527
38566
38726
38528
38567
38727
38529
38568
38728
38530
38569
38729
38531
38570
38730
38532
38571
38731
38533
38572
38732
38534
38573
38733
38535
38574
38734
38536
38575
38735
38537
38576
38736
38538
38577
38737
38539
38578
38738
38540
38579
38739
38541
38580
38740
38542
38581
38741
38543
38582
38742
38544
38583
38743
38545
38584
38744
38546
38585
38745
38547
38586
38746
38548
38587
38747
38549
38588
38748
38550
38589
38749
38551
38590
38750
38552
38591
38751
38553
38592
38752
38554
38593
38753
38555
38594
38754
38556
38595
38755
38557
38596
38756
38558
38597
38757
38559
38598
38758
38599
38759
38561
38760
38562
38761
38563
38762
38564
38763
38565
38764
38566
38765
38567
38766
38568
38767
38569
38768
38570
38769
38571
38770
38572
38771
38573
38772
38574
38773
38575
38774
38576
38775
38577
38776
38578
38777
38579
38778
38580
38779
38581
38780
38582
38781
38583
38782
38584
38783
38585
38784
38586
38785
38587
38786
38588
38787
38589
38788
38590
38789
38591
38790
38592
38791
38593
38792
38594
38793
38595
38794
38596
38795
38597
38796
38598
38797
38599
38798
38799
38601
38640
38800
38602
38641
38801
38603
38642
38802
38604
38643
38803
38605
38644
38804
38606
38645
38805
38607
38646
38806
38608
38647
38807
38609
38648
38808
38610
38649
38809
38611
38650
38810
38612
38651
38811
38613
38652
38812
38614
38653
38813
38615
38654
38814
38616
38655
38815
38617
38656
38816
38618
38657
38817
38619
38658
38818
38620
38659
38819
38621
38660
38820
38622
38661
38821
38623
38662
38822
38624
38663
38823
38625
38664
38824
38626
38665
38825
38627
38666
38826
38628
38667
38827
38629
38668
38828
38630
38669
38829
38631
38670
38830
38632
38671
38831
38633
38672
38832
38634
38673
38833
38635
38674
38834
38636
38675
38835
38637
38676
38836
38638
38677
38837
38639
38678
38838
38679
38839
38641
38680
38840
38642
38681
38841
38643
38682
38842
38644
38683
38843
38645
38684
38844
38646
38685
38845
38647
38686
38846
38648
38687
38847
38649
38688
38848
38650
38689
38849
38651
38690
38850
38652
38691
38851
38653
38692
38852
38654
38693
38853
38655
38694
38854
38656
38695
38855
38657
38696
38856
38658
38697
38857
38659
38698
38858
38660
38699
38859
38661
38700
38860
38662
38701
38861
38663
38702
38862
38664
38703
38863
38665
38704
38864
38666
38705
38865
38667
38706
38866
38668
38707
38867
38669
38708
38868
38670
38709
38869
38671
38710
38870
38672
38711
38871
38673
38712
38872
38674
38713
38873
38675
38714
38874
38676
38715
38875
38677
38716
38876
38678
38717
38877
38679
38718
38878
38719
38879
38681
38720
38880
38682
38721
38881
38683
38722
38882
38684
38723
38883
38685
38724
38884
38686
38725
38885
38687
38726
38886
38688
38727
38887
38689
38728
38888
38690
38729
38889
38691
38730
38890
38692
38731
38891
38693
38732
38892
38694
38733
38893
38695
38734
38894
38696
38735
38895
38697
38736
38896
38698
38737
38897
38699
38738
38898
38700
38739
38899
38701
38740
38900
38702
38741
38901
38703
38742
38902
38704
38743
38903
38705
38744
38904
38706
38745
38905
38707
38746
38906
38708
38747
38907
38709
38748
38908
38710
38749
38909
38711
38750
38910
38712
38751
38911
38713
38752
38912
38714
38753
38913
38715
38754
38914
38716
38755
38915
38717
38756
38916
38718
38757
38917
38719
38758
38918
38759
38919
38721
38760
38920
38722
38761
38921
38723
38762
38922
38724
38763
38923
38725
38764
38924
38726
38765
38925
38727
38766
38926
38728
38767
38927
38729
38768
38928
38730
38769
38929
38731
38770
38930
38732
38771
38931
38733
38772
38932
38734
38773
38933
38735
38774
38934
38736
38775
38935
38737
38776
38936
38738
38777
38937
38739
38778
38938
38740
38779
38939
38741
38780
38940
38742
38781
38941
38743
38782
38942
38744
38783
38943
38745
38784
38944
38746
38785
38945
38747
38786
38946
38748
38787
38947
38749
38788
38948
38750
38789
38949
38751
38790
38950
38752
38791
38951
38753
38792
38952
38754
38793
38953
38755
38794
38954
38756
38795
38955
38757
38796
38956
38758
38797
38957
38759
38798
38958
38799
38959
38761
38960
38762
38961
38763
38962
38764
38963
38765
38964
38766
38965
38767
38966
38768
38967
38769
38968
38770
38969
38771
38970
38772
38971
38773
38972
38774
38973
38775
38974
38776
38975
38777
38976
38778
38977
38779
38978
38780
38979
38781
38980
38782
38981
38783
38982
38784
38983
38785
38984
38786
38985
38787
38986
38788
38987
38789
38988
38790
38989
38791
38990
38792
38991
38793
38992
38794
38993
38795
38994
38796
38995
38797
38996
38798
38997
38799
38998
38999
38801
38840
39000
38802
38841
39001
38803
38842
39002
38804
38843
39003
38805
38844
39004
38806
38845
39005
38807
38846
39006
38808
38847
39007
38809
38848
39008
38810
38849
39009
38811
38850
39010
38812
38851
39011
38813
38852
39012
38814
38853
39013
38815
38854
39014
38816
38855
39015
38817
38856
39016
38818
38857
39017
38819
38858
39018
38820
38859
39019
38821
38860
39020
38822
38861
39021
38823
38862
39022
38824
38863
39023
38825
38864
39024
38826
38865
39025
38827
38866
39026
38828
38867
39027
38829
38868
39028
38830
38869
39029
38831
38870
39030
38832
38871
39031
38833
38872
39032
38834
38873
39033
38835
38874
39034
38836
38875
39035
38837
38876
39036
38838
38877
39037
38839
38878
39038
38879
39039
38841
38880
39040
38842
38881
39041
38843
38882
39042
38844
38883
39043
38845
38884
39044
38846
38885
39045
38847
38886
39046
38848
38887
39047
38849
38888
39048
38850
38889
39049
38851
38890
39050
38852
38891
39051
38853
38892
39052
38854
38893
39053
38855
38894
39054
38856
38895
39055
38857
38896
39056
38858
38897
39057
38859
38898
39058
38860
38899
39059
38861
38900
39060
38862
38901
39061
38863
38902
39062
38864
38903
39063
38865
38904
39064
38866
38905
39065
38867
38906
39066
38868
38907
39067
38869
38908
39068
38870
38909
39069
38871
38910
39070
38872
38911
39071
38873
38912
39072
38874
38913
39073
38875
38914
39074
38876
38915
39075
38877
38916
39076
38878
38917
39077
38879
38918
39078
38919
39079
38881
38920
39080
38882
38921
39081
38883
38922
39082
38884
38923
39083
38885
38924
39084
38886
38925
39085
38887
38926
39086
38888
38927
39087
38889
38928
39088
38890
38929
39089
38891
38930
39090
38892
38931
39091
38893
38932
39092
38894
38933
39093
38895
38934
39094
38896
38935
39095
38897
38936
39096
38898
38937
39097
38899
38938
39098
38900
38939
39099
38901
38940
39100
38902
38941
39101
38903
38942
39102
38904
38943
39103
38905
38944
39104
38906
38945
39105
38907
38946
39106
38908
38947
39107
38909
38948
39108
38910
38949
39109
38911
38950
39110
38912
38951
39111
38913
38952
39112
38914
38953
39113
38915
38954
39114
38916
38955
39115
38917
38956
39116
38918
38957
39117
38919
38958
39118
38959
39119
38921
38960
39120
38922
38961
39121
38923
38962
39122
38924
38963
39123
38925
38964
39124
38926
38965
39125
38927
38966
39126
38928
38967
39127
38929
38968
39128
38930
38969
39129
38931
38970
39130
38932
38971
39131
38933
38972
39132
38934
38973
39133
38935
38974
39134
38936
38975
39135
38937
38976
39136
38938
38977
39137
38939
38978
39138
38940
38979
39139
38941
38980
39140
38942
38981
39141
38943
38982
39142
38944
38983
39143
38945
38984
39144
38946
38985
39145
38947
38986
39146
38948
38987
39147
38949
38988
39148
38950
38989
39149
38951
38990
39150
38952
38991
39151
38953
38992
39152
38954
38993
39153
38955
38994
39154
38956
38995
39155
38957
38996
39156
38958
38997
39157
38959
38998
39158
38999
39159
38961
39160
38962
39161
38963
39162
38964
39163
38965
39164
38966
39165
38967
39166
38968
39167
38969
39168
38970
39169
38971
39170
38972
39171
38973
39172
38974
39173
38975
39174
38976
39175
38977
39176
38978
39177
38979
39178
38980
39179
38981
39180
38982
39181
38983
39182
38984
39183
38985
39184
38986
39185
38987
39186
38988
39187
38989
39188
38990
39189
38991
39190
38992
39191
38993
39192
38994
39193
38995
39194
38996
39195
38997
39196
38998
39197
38999
39198
39199
39001
39040
39200
39002
39041
39201
39003
39042
39202
39004
39043
39203
39005
39044
39204
39006
39045
39205
39007
39046
39206
39008
39047
39207
39009
39048
39208
39010
39049
39209
39011
39050
39210
39012
39051
39211
39013
39052
39212
39014
39053
39213
39015
39054
39214
39016
39055
39215
39017
39056
39216
39018
39057
39217
39019
39058
39218
39020
39059
39219
39021
39060
39220
39022
39061
39221
39023
39062
39222
39024
39063
39223
39025
39064
39224
39026
39065
39225
39027
39066
39226
39028
39067
39227
39029
39068
39228
39030
39069
39229
39031
39070
39230
39032
39071
39231
39033
39072
39232
39034
39073
39233
39035
39074
39234
39036
39075
39235
39037
39076
39236
39038
39077
39237
39039
39078
39238
39079
39239
39041
39080
39240
39042
39081
39241
39043
39082
39242
39044
39083
39243
39045
39084
39244
39046
39085
39245
39047
39086
39246
39048
39087
39247
39049
39088
39248
39050
39089
39249
39051
39090
39250
39052
39091
39251
39053
39092
39252
39054
39093
39253
39055
39094
39254
39056
39095
39255
39057
39096
39256
39058
39097
39257
39059
39098
39258
39060
39099
39259
39061
39100
39260
39062
39101
39261
39063
39102
39262
39064
39103
39263
39065
39104
39264
39066
39105
39265
39067
39106
39266
39068
39107
39267
39069
39108
39268
39070
39109
39269
39071
39110
39270
39072
39111
39271
39073
39112
39272
39074
39113
39273
39075
39114
39274
39076
39115
39275
39077
39116
39276
39078
39117
39277
39079
39118
39278
39119
39279
39081
39120
39280
39082
39121
39281
39083
39122
39282
39084
39123
39283
39085
39124
39284
39086
39125
39285
39087
39126
39286
39088
39127
39287
39089
39128
39288
39090
39129
39289
39091
39130
39290
39092
39131
39291
39093
39132
39292
39094
39133
39293
39095
39134
39294
39096
39135
39295
39097
39136
39296
39098
39137
39297
39099
39138
39298
39100
39139
39299
39101
39140
39300
39102
39141
39301
39103
39142
39302
39104
39143
39303
39105
39144
39304
39106
39145
39305
39107
39146
39306
39108
39147
39307
39109
39148
39308
39110
39149
39309
39111
39150
39310
39112
39151
39311
39113
39152
39312
39114
39153
39313
39115
39154
39314
39116
39155
39315
39117
39156
39316
39118
39157
39317
39119
39158
39318
39159
39319
39121
39160
39320
39122
39161
39321
39123
39162
39322
39124
39163
39323
39125
39164
39324
39126
39165
39325
39127
39166
39326
39128
39167
39327
39129
39168
39328
39130
39169
39329
39131
39170
39330
39132
39171
39331
39133
39172
39332
39134
39173
39333
39135
39174
39334
39136
39175
39335
39137
39176
39336
39138
39177
39337
39139
39178
39338
39140
39179
39339
39141
39180
39340
39142
39181
39341
39143
39182
39342
39144
39183
39343
39145
39184
39344
39146
39185
39345
39147
39186
39346
39148
39187
39347
39149
39188
39348
39150
39189
39349
39151
39190
39350
39152
39191
39351
39153
39192
39352
39154
39193
39353
39155
39194
39354
39156
39195
39355
39157
39196
39356
39158
39197
39357
39159
39198
39358
39199
39359
39161
39360
39162
39361
39163
39362
39164
39363
39165
39364
39166
39365
39167
39366
39168
39367
39169
39368
39170
39369
39171
39370
39172
39371
39173
39372
39174
39373
39175
39374
39176
39375
39177
39376
39178
39377
39179
39378
39180
39379
39181
39380
39182
39381
39183
39382
39184
39383
39185
39384
39186
39385
39187
39386
39188
39387
39189
39388
39190
39389
39191
39390
39192
39391
39193
39392
39194
39393
39195
39394
39196
39395
39197
39396
39198
39397
39199
39398
39399
39201
39240
39400
39202
39241
39401
39203
39242
39402
39204
39243
39403
39205
39244
39404
39206
39245
39405
39207
39246
39406
39208
39247
39407
39209
39248
39408
39210
39249
39409
39211
39250
39410
39212
39251
39411
39213
39252
39412
39214
39253
39413
39215
39254
39414
39216
39255
39415
39217
39256
39416
39218
39257
39417
39219
39258
39418
39220
39259
39419
39221
39260
39420
39222
39261
39421
39223
39262
39422
39224
39263
39423
39225
39264
39424
39226
39265
39425
39227
39266
39426
39228
39267
39427
39229
39268
39428
39230
39269
39429
39231
39270
39430
39232
39271
39431
39233
39272
39432
39234
39273
39433
39235
39274
39434
39236
39275
39435
39237
39276
39436
39238
39277
39437
39239
39278
39438
39279
39439
39241
39280
39440
39242
39281
39441
39243
39282
39442
39244
39283
39443
39245
39284
39444
39246
39285
39445
39247
39286
39446
39248
39287
39447
39249
39288
39448
39250
39289
39449
39251
39290
39450
39252
39291
39451
39253
39292
39452
39254
39293
39453
39255
39294
39454
39256
39295
39455
39257
39296
39456
39258
39297
39457
39259
39298
39458
39260
39299
39459
39261
39300
39460
39262
39301
39461
39263
39302
39462
39264
39303
39463
39265
39304
39464
39266
39305
39465
39267
39306
39466
39268
39307
39467
39269
39308
39468
39270
39309
39469
39271
39310
39470
39272
39311
39471
39273
39312
39472
39274
39313
39473
39275
39314
39474
39276
39315
39475
39277
39316
39476
39278
39317
39477
39279
39318
39478
39319
39479
39281
39320
39480
39282
39321
39481
39283
39322
39482
39284
39323
39483
39285
39324
39484
39286
39325
39485
39287
39326
39486
39288
39327
39487
39289
39328
39488
39290
39329
39489
39291
39330
39490
39292
39331
39491
39293
39332
39492
39294
39333
39493
39295
39334
39494
39296
39335
39495
39297
39336
39496
39298
39337
39497
39299
39338
39498
39300
39339
39499
39301
39340
39500
39302
39341
39501
39303
39342
39502
39304
39343
39503
39305
39344
39504
39306
39345
39505
39307
39346
39506
39308
39347
39507
39309
39348
39508
39310
39349
39509
39311
39350
39510
39312
39351
39511
39313
39352
39512
39314
39353
39513
39315
39354
39514
39316
39355
39515
39317
39356
39516
39318
39357
39517
39319
39358
39518
39359
39519
39321
39360
39520
39322
39361
39521
39323
39362
39522
39324
39363
39523
39325
39364
39524
39326
39365
39525
39327
39366
39526
39328
39367
39527
39329
39368
39528
39330
39369
39529
39331
39370
39530
39332
39371
39531
39333
39372
39532
39334
39373
39533
39335
39374
39534
39336
39375
39535
39337
39376
39536
39338
39377
39537
39339
39378
39538
39340
39379
39539
39341
39380
39540
39342
39381
39541
39343
39382
39542
39344
39383
39543
39345
39384
39544
39346
39385
39545
39347
39386
39546
39348
39387
39547
39349
39388
39548
39350
39389
39549
39351
39390
39550
39352
39391
39551
39353
39392
39552
39354
39393
39553
39355
39394
39554
39356
39395
39555
39357
39396
39556
39358
39397
39557
39359
39398
39558
39399
39559
39361
39560
39362
39561
39363
39562
39364
39563
39365
39564
39366
39565
39367
39566
39368
39567
39369
39568
39370
39569
39371
39570
39372
39571
39373
39572
39374
39573
39375
39574
39376
39575
39377
39576
39378
39577
39379
39578
39380
39579
39381
39580
39382
39581
39383
39582
39384
39583
39385
39584
39386
39585
39387
39586
39388
39587
39389
39588
39390
39589
39391
39590
39392
39591
39393
39592
39394
39593
39395
39594
39396
39595
39397
39596
39398
39597
39399
39598
39599
39401
39440
39600
39402
39441
39601
39403
39442
39602
39404
39443
39603
39405
39444
39604
39406
39445
39605
39407
39446
39606
39408
39447
39607
39409
39448
39608
39410
39449
39609
39411
39450
39610
39412
39451
39611
39413
39452
39612
39414
39453
39613
39415
39454
39614
39416
39455
39615
39417
39456
39616
39418
39457
39617
39419
39458
39618
39420
39459
39619
39421
39460
39620
39422
39461
39621
39423
39462
39622
39424
39463
39623
39425
39464
39624
39426
39465
39625
39427
39466
39626
39428
39467
39627
39429
39468
39628
39430
39469
39629
39431
39470
39630
39432
39471
39631
39433
39472
39632
39434
39473
39633
39435
39474
39634
39436
39475
39635
39437
39476
39636
39438
39477
39637
39439
39478
39638
39479
39639
39441
39480
39640
39442
39481
39641
39443
39482
39642
39444
39483
39643
39445
39484
39644
39446
39485
39645
39447
39486
39646
39448
39487
39647
39449
39488
39648
39450
39489
39649
39451
39490
39650
39452
39491
39651
39453
39492
39652
39454
39493
39653
39455
39494
39654
39456
39495
39655
39457
39496
39656
39458
39497
39657
39459
39498
39658
39460
39499
39659
39461
39500
39660
39462
39501
39661
39463
39502
39662
39464
39503
39663
39465
39504
39664
39466
39505
39665
39467
39506
39666
39468
39507
39667
39469
39508
39668
39470
39509
39669
39471
39510
39670
39472
39511
39671
39473
39512
39672
39474
39513
39673
39475
39514
39674
39476
39515
39675
39477
39516
39676
39478
39517
39677
39479
39518
39678
39519
39679
39481
39520
39680
39482
39521
39681
39483
39522
39682
39484
39523
39683
39485
39524
39684
39486
39525
39685
39487
39526
39686
39488
39527
39687
39489
39528
39688
39490
39529
39689
39491
39530
39690
39492
39531
39691
39493
39532
39692
39494
39533
39693
39495
39534
39694
39496
39535
39695
39497
39536
39696
39498
39537
39697
39499
39538
39698
39500
39539
39699
39501
39540
39700
39502
39541
39701
39503
39542
39702
39504
39543
39703
39505
39544
39704
39506
39545
39705
39507
39546
39706
39508
39547
39707
39509
39548
39708
39510
39549
39709
39511
39550
39710
39512
39551
39711
39513
39552
39712
39514
39553
39713
39515
39554
39714
39516
39555
39715
39517
39556
39716
39518
39557
39717
39519
39558
39718
39559
39719
39521
39560
39720
39522
39561
39721
39523
39562
39722
39524
39563
39723
39525
39564
39724
39526
39565
39725
39527
39566
39726
39528
39567
39727
39529
39568
39728
39530
39569
39729
39531
39570
39730
39532
39571
39731
39533
39572
39732
39534
39573
39733
39535
39574
39734
39536
39575
39735
39537
39576
39736
39538
39577
39737
39539
39578
39738
39540
39579
39739
39541
39580
39740
39542
39581
39741
39543
39582
39742
39544
39583
39743
39545
39584
39744
39546
39585
39745
39547
39586
39746
39548
39587
39747
39549
39588
39748
39550
39589
39749
39551
39590
39750
39552
39591
39751
39553
39592
39752
39554
39593
39753
39555
39594
39754
39556
39595
39755
39557
39596
39756
39558
39597
39757
39559
39598
39758
39599
39759
39561
39760
39562
39761
39563
39762
39564
39763
39565
39764
39566
39765
39567
39766
39568
39767
39569
39768
39570
39769
39571
39770
39572
39771
39573
39772
39574
39773
39575
39774
39576
39775
39577
39776
39578
39777
39579
39778
39580
39779
39581
39780
39582
39781
39583
39782
39584
39783
39585
39784
39586
39785
39587
39786
39588
39787
39589
39788
39590
39789
39591
39790
39592
39791
39593
39792
39594
39793
39595
39794
39596
39795
39597
39796
39598
39797
39599
39798
39799
39601
39640
39800
39602
39641
39801
39603
39642
39802
39604
39643
39803
39605
39644
39804
39606
39645
39805
39607
39646
39806
39608
39647
39807
39609
39648
39808
39610
39649
39809
39611
39650
39810
39612
39651
39811
39613
39652
39812
39614
39653
39813
39615
39654
39814
39616
39655
39815
39617
39656
39816
39618
39657
39817
39619
39658
39818
39620
39659
39819
39621
39660
39820
39622
39661
39821
39623
39662
39822
39624
39663
39823
39625
39664
39824
39626
39665
39825
39627
39666
39826
39628
39667
39827
39629
39668
39828
39630
39669
39829
39631
39670
39830
39632
39671
39831
39633
39672
39832
39634
39673
39833
39635
39674
39834
39636
39675
39835
39637
39676
39836
39638
39677
39837
39639
39678
39838
39679
39839
39641
39680
39840
39642
39681
39841
39643
39682
39842
39644
39683
39843
39645
39684
39844
39646
39685
39845
39647
39686
39846
39648
39687
39847
39649
39688
39848
39650
39689
39849
39651
39690
39850
39652
39691
39851
39653
39692
39852
39654
39693
39853
39655
39694
39854
39656
39695
39855
39657
39696
39856
39658
39697
39857
39659
39698
39858
39660
39699
39859
39661
39700
39860
39662
39701
39861
39663
39702
39862
39664
39703
39863
39665
39704
39864
39666
39705
39865
39667
39706
39866
39668
39707
39867
39669
39708
39868
39670
39709
39869
39671
39710
39870
39672
39711
39871
39673
39712
39872
39674
39713
39873
39675
39714
39874
39676
39715
39875
39677
39716
39876
39678
39717
39877
39679
39718
39878
39719
39879
39681
39720
39880
39682
39721
39881
39683
39722
39882
39684
39723
39883
39685
39724
39884
39686
39725
39885
39687
39726
39886
39688
39727
39887
39689
39728
39888
39690
39729
39889
39691
39730
39890
39692
39731
39891
39693
39732
39892
39694
39733
39893
39695
39734
39894
39696
39735
39895
39697
39736
39896
39698
39737
39897
39699
39738
39898
39700
39739
39899
39701
39740
39900
39702
39741
39901
39703
39742
39902
39704
39743
39903
39705
39744
39904
39706
39745
39905
39707
39746
39906
39708
39747
39907
39709
39748
39908
39710
39749
39909
39711
39750
39910
39712
39751
39911
39713
39752
39912
39714
39753
39913
39715
39754
39914
39716
39755
39915
39717
39756
39916
39718
39757
39917
39719
39758
39918
39759
39919
39721
39760
39920
39722
39761
39921
39723
39762
39922
39724
39763
39923
39725
39764
39924
39726
39765
39925
39727
39766
39926
39728
39767
39927
39729
39768
39928
39730
39769
39929
39731
39770
39930
39732
39771
39931
39733
39772
39932
39734
39773
39933
39735
39774
39934
39736
39775
39935
39737
39776
39936
39738
39777
39937
39739
39778
39938
39740
39779
39939
39741
39780
39940
39742
39781
39941
39743
39782
39942
39744
39783
39943
39745
39784
39944
39746
39785
39945
39747
39786
39946
39748
39787
39947
39749
39788
39948
39750
39789
39949
39751
39790
39950
39752
39791
39951
39753
39792
39952
39754
39793
39953
39755
39794
39954
39756
39795
39955
39757
39796
39956
39758
39797
39957
39759
39798
39958
39799
39959
39761
39960
39762
39961
39763
39962
39764
39963
39765
39964
39766
39965
39767
39966
39768
39967
39769
39968
39770
39969
39771
39970
39772
39971
39773
39972
39774
39973
39775
39974
39776
39975
39777
39976
39778
39977
39779
39978
39780
39979
39781
39980
39782
39981
39783
39982
39784
39983
39785
39984
39786
39985
39787
39986
39788
39987
39789
39988
39790
39989
39791
39990
39792
39991
39793
39992
39794
39993
39795
39994
39796
39995
39797
39996
39798
39997
39799
39998
39999
39801
39840
40000
39802
39841
40001
39803
39842
40002
39804
39843
40003
39805
39844
40004
39806
39845
40005
39807
39846
40006
39808
39847
40007
39809
39848
40008
39810
39849
40009
39811
39850
40010
39812
39851
40011
39813
39852
40012
39814
39853
40013
39815
39854
40014
39816
39855
40015
39817
39856
40016
39818
39857
40017
39819
39858
40018
39820
39859
40019
39821
39860
40020
39822
39861
40021
39823
39862
40022
39824
39863
40023
39825
39864
40024
39826
39865
40025
39827
39866
40026
39828
39867
40027
39829
39868
40028
39830
39869
40029
39831
39870
40030
39832
39871
40031
39833
39872
40032
39834
39873
40033
39835
39874
40034
39836
39875
40035
39837
39876
40036
39838
39877
40037
39839
39878
40038
39879
40039
39841
39880
40040
39842
39881
40041
39843
39882
40042
39844
39883
40043
39845
39884
40044
39846
39885
40045
39847
39886
40046
39848
39887
40047
39849
39888
40048
39850
39889
40049
39851
39890
40050
39852
39891
40051
39853
39892
40052
39854
39893
40053
39855
39894
40054
39856
39895
40055
39857
39896
40056
39858
39897
40057
39859
39898
40058
39860
39899
40059
39861
39900
40060
39862
39901
40061
39863
39902
40062
39864
39903
40063
39865
39904
40064
39866
39905
40065
39867
39906
40066
39868
39907
40067
39869
39908
40068
39870
39909
40069
39871
39910
40070
39872
39911
40071
39873
39912
40072
39874
39913
40073
39875
39914
40074
39876
39915
40075
39877
39916
40076
39878
39917
40077
39879
39918
40078
39919
40079
39881
39920
40080
39882
39921
40081
39883
39922
40082
39884
39923
40083
39885
39924
40084
39886
39925
40085
39887
39926
40086
39888
39927
40087
39889
39928
40088
39890
39929
40089
39891
39930
40090
39892
39931
40091
39893
39932
40092
39894
39933
40093
39895
39934
40094
39896
39935
40095
39897
39936
40096
39898
39937
40097
39899
39938
40098
39900
39939
40099
39901
39940
40100
39902
39941
40101
39903
39942
40102
39904
39943
40103
39905
39944
40104
39906
39945
40105
39907
39946
40106
39908
39947
40107
39909
39948
40108
39910
39949
40109
39911
39950
40110
39912
39951
40111
39913
39952
40112
39914
39953
40113
39915
39954
40114
39916
39955
40115
39917
39956
40116
39918
39957
40117
39919
39958
40118
39959
40119
39921
39960
40120
39922
39961
40121
39923
39962
40122
39924
39963
40123
39925
39964
40124
39926
39965
40125
39927
39966
40126
39928
39967
40127
39929
39968
40128
39930
39969
40129
39931
39970
40130
39932
39971
40131
39933
39972
40132
39934
39973
40133
39935
39974
40134
39936
39975
40135
39937
39976
40136
39938
39977
40137
39939
39978
40138
39940
39979
40139
39941
39980
40140
39942
39981
40141
39943
39982
40142
39944
39983
40143
39945
39984
40144
39946
39985
40145
39947
39986
40146
39948
39987
40147
39949
39988
40148
39950
39989
40149
39951
39990
40150
39952
39991
40151
39953
39992
40152
39954
39993
40153
39955
39994
40154
39956
39995
40155
39957
39996
40156
39958
39997
40157
39959
39998
40158
39999
40159
39961
40160
39962
40161
39963
40162
39964
40163
39965
40164
39966
40165
39967
40166
39968
40167
39969
40168
39970
40169
39971
40170
39972
40171
39973
40172
39974
40173
39975
40174
39976
40175
39977
40176
39978
40177
39979
40178
39980
40179
39981
40180
39982
40181
39983
40182
39984
40183
39985
40184
39986
40185
39987
40186
39988
40187
39989
40188
39990
40189
39991
40190
39992
40191
39993
40192
39994
40193
39995
40194
39996
40195
39997
40196
39998
40197
39999
40198
40199
40001
40040
40200
40002
40041
40201
40003
40042
40202
40004
40043
40203
40005
40044
40204
40006
40045
40205
40007
40046
40206
40008
40047
40207
40009
40048
40208
40010
40049
40209
40011
40050
40210
40012
40051
40211
40013
40052
40212
40014
40053
40213
40015
40054
40214
40016
40055
40215
40017
40056
40216
40018
40057
40217
40019
40058
40218
40020
40059
40219
40021
40060
40220
40022
40061
40221
40023
40062
40222
40024
40063
40223
40025
40064
40224
40026
40065
40225
40027
40066
40226
40028
40067
40227
40029
40068
40228
40030
40069
40229
40031
40070
40230
40032
40071
40231
40033
40072
40232
40034
40073
40233
40035
40074
40234
40036
40075
40235
40037
40076
40236
40038
40077
40237
40039
40078
40238
40079
40239
40041
40080
40240
40042
40081
40241
40043
40082
40242
40044
40083
40243
40045
40084
40244
40046
40085
40245
40047
40086
40246
40048
40087
40247
40049
40088
40248
40050
40089
40249
40051
40090
40250
40052
40091
40251
40053
40092
40252
40054
40093
40253
40055
40094
40254
40056
40095
40255
40057
40096
40256
40058
40097
40257
40059
40098
40258
40060
40099
40259
40061
40100
40260
40062
40101
40261
40063
40102
40262
40064
40103
40263
40065
40104
40264
40066
40105
40265
40067
40106
40266
40068
40107
40267
40069
40108
40268
40070
40109
40269
40071
40110
40270
40072
40111
40271
40073
40112
40272
40074
40113
40273
40075
40114
40274
40076
40115
40275
40077
40116
40276
40078
40117
40277
40079
40118
40278
40119
40279
40081
40120
40280
40082
40121
40281
40083
40122
40282
40084
40123
40283
40085
40124
40284
40086
40125
40285
40087
40126
40286
40088
40127
40287
40089
40128
40288
40090
40129
40289
40091
40130
40290
40092
40131
40291
40093
40132
40292
40094
40133
40293
40095
40134
40294
40096
40135
40295
40097
40136
40296
40098
40137
40297
40099
40138
40298
40100
40139
40299
40101
40140
40300
40102
40141
40301
40103
40142
40302
40104
40143
40303
40105
40144
40304
40106
40145
40305
40107
40146
40306
40108
40147
40307
40109
40148
40308
40110
40149
40309
40111
40150
40310
40112
40151
40311
40113
40152
40312
40114
40153
40313
40115
40154
40314
40116
40155
40315
40117
40156
40316
40118
40157
40317
40119
40158
40318
40159
40319
40121
40160
40320
40122
40161
40321
40123
40162
40322
40124
40163
40323
40125
40164
40324
40126
40165
40325
40127
40166
40326
40128
40167
40327
40129
40168
40328
40130
40169
40329
40131
40170
40330
40132
40171
40331
40133
40172
40332
40134
40173
40333
40135
40174
40334
40136
40175
40335
40137
40176
40336
40138
40177
40337
40139
40178
40338
40140
40179
40339
40141
40180
40340
40142
40181
40341
40143
40182
40342
40144
40183
40343
40145
40184
40344
40146
40185
40345
40147
40186
40346
40148
40187
40347
40149
40188
40348
40150
40189
40349
40151
40190
40350
40152
40191
40351
40153
40192
40352
40154
40193
40353
40155
40194
40354
40156
40195
40355
40157
40196
40356
40158
40197
40357
40159
40198
40358
40199
40359
40161
40360
40162
40361
40163
40362
40164
40363
40165
40364
40166
40365
40167
40366
40168
40367
40169
40368
40170
40369
40171
40370
40172
40371
40173
40372
40174
40373
40175
40374
40176
40375
40177
40376
40178
40377
40179
40378
40180
40379
40181
40380
40182
40381
40183
40382
40184
40383
40185
40384
40186
40385
40187
40386
40188
40387
40189
40388
40190
40389
40191
40390
40192
40391
40193
40392
40194
40393
40195
40394
40196
40395
40197
40396
40198
40397
40199
40398
40399
40201
40240
40400
40202
40241
40401
40203
40242
40402
40204
40243
40403
40205
40244
40404
40206
40245
40405
40207
40246
40406
40208
40247
40407
40209
40248
40408
40210
40249
40409
40211
40250
40410
40212
40251
40411
40213
40252
40412
40214
40253
40413
40215
40254
40414
40216
40255
40415
40217
40256
40416
40218
40257
40417
40219
40258
40418
40220
40259
40419
40221
40260
40420
40222
40261
40421
40223
40262
40422
40224
40263
40423
40225
40264
40424
40226
40265
40425
40227
40266
40426
40228
40267
40427
40229
40268
40428
40230
40269
40429
40231
40270
40430
40232
40271
40431
40233
40272
40432
40234
40273
40433
40235
40274
40434
40236
40275
40435
40237
40276
40436
40238
40277
40437
40239
40278
40438
40279
40439
40241
40280
40440
40242
40281
40441
40243
40282
40442
40244
40283
40443
40245
40284
40444
40246
40285
40445
40247
40286
40446
40248
40287
40447
40249
40288
40448
40250
40289
40449
40251
40290
40450
40252
40291
40451
40253
40292
40452
40254
40293
40453
40255
40294
40454
40256
40295
40455
40257
40296
40456
40258
40297
40457
40259
40298
40458
40260
40299
40459
40261
40300
40460
40262
40301
40461
40263
40302
40462
40264
40303
40463
40265
40304
40464
40266
40305
40465
40267
40306
40466
40268
40307
40467
40269
40308
40468
40270
40309
40469
40271
40310
40470
40272
40311
40471
40273
40312
40472
40274
40313
40473
40275
40314
40474
40276
40315
40475
40277
40316
40476
40278
40317
40477
40279
40318
40478
40319
40479
40281
40320
40480
40282
40321
40481
40283
40322
40482
40284
40323
40483
40285
40324
40484
40286
40325
40485
40287
40326
40486
40288
40327
40487
40289
40328
40488
40290
40329
40489
40291
40330
40490
40292
40331
40491
40293
40332
40492
40294
40333
40493
40295
40334
40494
40296
40335
40495
40297
40336
40496
40298
40337
40497
40299
40338
40498
40300
40339
40499
40301
40340
40500
40302
40341
40501
40303
40342
40502
40304
40343
40503
40305
40344
40504
40306
40345
40505
40307
40346
40506
40308
40347
40507
40309
40348
40508
40310
40349
40509
40311
40350
40510
40312
40351
40511
40313
40352
40512
40314
40353
40513
40315
40354
40514
40316
40355
40515
40317
40356
40516
40318
40357
40517
40319
40358
40518
40359
40519
40321
40360
40520
40322
40361
40521
40323
40362
40522
40324
40363
40523
40325
40364
40524
40326
40365
40525
40327
40366
40526
40328
40367
40527
40329
40368
40528
40330
40369
40529
40331
40370
40530
40332
40371
40531
40333
40372
40532
40334
40373
40533
40335
40374
40534
40336
40375
40535
40337
40376
40536
40338
40377
40537
40339
40378
40538
40340
40379
40539
40341
40380
40540
40342
40381
40541
40343
40382
40542
40344
40383
40543
40345
40384
40544
40346
40385
40545
40347
40386
40546
40348
40387
40547
40349
40388
40548
40350
40389
40549
40351
40390
40550
40352
40391
40551
40353
40392
40552
40354
40393
40553
40355
40394
40554
40356
40395
40555
40357
40396
40556
40358
40397
40557
40359
40398
40558
40399
40559
40361
40560
40362
40561
40363
40562
40364
40563
40365
40564
40366
40565
40367
40566
40368
40567
40369
40568
40370
40569
40371
40570
40372
40571
40373
40572
40374
40573
40375
40574
40376
40575
40377
40576
40378
40577
40379
40578
40380
40579
40381
40580
40382
40581
40383
40582
40384
40583
40385
40584
40386
40585
40387
40586
40388
40587
40389
40588
40390
40589
40391
40590
40392
40591
40393
40592
40394
40593
40395
40594
40396
40595
40397
40596
40398
40597
40399
40598
40599
40401
40440
40600
40402
40441
40601
40403
40442
40602
40404
40443
40603
40405
40444
40604
40406
40445
40605
40407
40446
40606
40408
40447
40607
40409
40448
40608
40410
40449
40609
40411
40450
40610
40412
40451
40611
40413
40452
40612
40414
40453
40613
40415
40454
40614
40416
40455
40615
40417
40456
40616
40418
40457
40617
40419
40458
40618
40420
40459
40619
40421
40460
40620
40422
40461
40621
40423
40462
40622
40424
40463
40623
40425
40464
40624
40426
40465
40625
40427
40466
40626
40428
40467
40627
40429
40468
40628
40430
40469
40629
40431
40470
40630
40432
40471
40631
40433
40472
40632
40434
40473
40633
40435
40474
40634
40436
40475
40635
40437
40476
40636
40438
40477
40637
40439
40478
40638
40479
40639
40441
40480
40640
40442
40481
40641
40443
40482
40642
40444
40483
40643
40445
40484
40644
40446
40485
40645
40447
40486
40646
40448
40487
40647
40449
40488
40648
40450
40489
40649
40451
40490
40650
40452
40491
40651
40453
40492
40652
40454
40493
40653
40455
40494
40654
40456
40495
40655
40457
40496
40656
40458
40497
40657
40459
40498
40658
40460
40499
40659
40461
40500
40660
40462
40501
40661
40463
40502
40662
40464
40503
40663
40465
40504
40664
40466
40505
40665
40467
40506
40666
40468
40507
40667
40469
40508
40668
40470
40509
40669
40471
40510
40670
40472
40511
40671
40473
40512
40672
40474
40513
40673
40475
40514
40674
40476
40515
40675
40477
40516
40676
40478
40517
40677
40479
40518
40678
40519
40679
40481
40520
40680
40482
40521
40681
40483
40522
40682
40484
40523
40683
40485
40524
40684
40486
40525
40685
40487
40526
40686
40488
40527
40687
40489
40528
40688
40490
40529
40689
40491
40530
40690
40492
40531
40691
40493
40532
40692
40494
40533
40693
40495
40534
40694
40496
40535
40695
40497
40536
40696
40498
40537
40697
40499
40538
40698
40500
40539
40699
40501
40540
40700
40502
40541
40701
40503
40542
40702
40504
40543
40703
40505
40544
40704
40506
40545
40705
40507
40546
40706
40508
40547
40707
40509
40548
40708
40510
40549
40709
40511
40550
40710
40512
40551
40711
40513
40552
40712
40514
40553
40713
40515
40554
40714
40516
40555
40715
40517
40556
40716
40518
40557
40717
40519
40558
40718
40559
40719
40521
40560
40720
40522
40561
40721
40523
40562
40722
40524
40563
40723
40525
40564
40724
40526
40565
40725
40527
40566
40726
40528
40567
40727
40529
40568
40728
40530
40569
40729
40531
40570
40730
40532
40571
40731
40533
40572
40732
40534
40573
40733
40535
40574
40734
40536
40575
40735
40537
40576
40736
40538
40577
40737
40539
40578
40738
40540
40579
40739
40541
40580
40740
40542
40581
40741
40543
40582
40742
40544
40583
40743
40545
40584
40744
40546
40585
40745
40547
40586
40746
40548
40587
40747
40549
40588
40748
40550
40589
40749
40551
40590
40750
40552
40591
40751
40553
40592
40752
40554
40593
40753
40555
40594
40754
40556
40595
40755
40557
40596
40756
40558
40597
40757
40559
40598
40758
40599
40759
40561
40760
40562
40761
40563
40762
40564
40763
40565
40764
40566
40765
40567
40766
40568
40767
40569
40768
40570
40769
40571
40770
40572
40771
40573
40772
40574
40773
40575
40774
40576
40775
40577
40776
40578
40777
40579
40778
40580
40779
40581
40780
40582
40781
40583
40782
40584
40783
40585
40784
40586
40785
40587
40786
40588
40787
40589
40788
40590
40789
40591
40790
40592
40791
40593
40792
40594
40793
40595
40794
40596
40795
40597
40796
40598
40797
40599
40798
40799
40601
40640
40800
40602
40641
40801
40603
40642
40802
40604
40643
40803
40605
40644
40804
40606
40645
40805
40607
40646
40806
40608
40647
40807
40609
40648
40808
40610
40649
40809
40611
40650
40810
40612
40651
40811
40613
40652
40812
40614
40653
40813
40615
40654
40814
40616
40655
40815
40617
40656
40816
40618
40657
40817
40619
40658
40818
40620
40659
40819
40621
40660
40820
40622
40661
40821
40623
40662
40822
40624
40663
40823
40625
40664
40824
40626
40665
40825
40627
40666
40826
40628
40667
40827
40629
40668
40828
40630
40669
40829
40631
40670
40830
40632
40671
40831
40633
40672
40832
40634
40673
40833
40635
40674
40834
40636
40675
40835
40637
40676
40836
40638
40677
40837
40639
40678
40838
40679
40839
40641
40680
40840
40642
40681
40841
40643
40682
40842
40644
40683
40843
40645
40684
40844
40646
40685
40845
40647
40686
40846
40648
40687
40847
40649
40688
40848
40650
40689
40849
40651
40690
40850
40652
40691
40851
40653
40692
40852
40654
40693
40853
40655
40694
40854
40656
40695
40855
40657
40696
40856
40658
40697
40857
40659
40698
40858
40660
40699
40859
40661
40700
40860
40662
40701
40861
40663
40702
40862
40664
40703
40863
40665
40704
40864
40666
40705
40865
40667
40706
40866
40668
40707
40867
40669
40708
40868
40670
40709
40869
40671
40710
40870
40672
40711
40871
40673
40712
40872
40674
40713
40873
40675
40714
40874
40676
40715
40875
40677
40716
40876
40678
40717
40877
40679
40718
40878
40719
40879
40681
40720
40880
40682
40721
40881
40683
40722
40882
40684
40723
40883
40685
40724
40884
40686
40725
40885
40687
40726
40886
40688
40727
40887
40689
40728
40888
40690
40729
40889
40691
40730
40890
40692
40731
40891
40693
40732
40892
40694
40733
40893
40695
40734
40894
40696
40735
40895
40697
40736
40896
40698
40737
40897
40699
40738
40898
40700
40739
40899
40701
40740
40900
40702
40741
40901
40703
40742
40902
40704
40743
40903
40705
40744
40904
40706
40745
40905
40707
40746
40906
40708
40747
40907
40709
40748
40908
40710
40749
40909
40711
40750
40910
40712
40751
40911
40713
40752
40912
40714
40753
40913
40715
40754
40914
40716
40755
40915
40717
40756
40916
40718
40757
40917
40719
40758
40918
40759
40919
40721
40760
40920
40722
40761
40921
40723
40762
40922
40724
40763
40923
40725
40764
40924
40726
40765
40925
40727
40766
40926
40728
40767
40927
40729
40768
40928
40730
40769
40929
40731
40770
40930
40732
40771
40931
40733
40772
40932
40734
40773
40933
40735
40774
40934
40736
40775
40935
40737
40776
40936
40738
40777
40937
40739
40778
40938
40740
40779
40939
40741
40780
40940
40742
40781
40941
40743
40782
40942
40744
40783
40943
40745
40784
40944
40746
40785
40945
40747
40786
40946
40748
40787
40947
40749
40788
40948
40750
40789
40949
40751
40790
40950
40752
40791
40951
40753
40792
40952
40754
40793
40953
40755
40794
40954
40756
40795
40955
40757
40796
40956
40758
40797
40957
40759
40798
40958
40799
40959
40761
40960
40762
40961
40763
40962
40764
40963
40765
40964
40766
40965
40767
40966
40768
40967
40769
40968
40770
40969
40771
40970
40772
40971
40773
40972
40774
40973
40775
40974
40776
40975
40777
40976
40778
40977
40779
40978
40780
40979
40781
40980
40782
40981
40783
40982
40784
40983
40785
40984
40786
40985
40787
40986
40788
40987
40789
40988
40790
40989
40791
40990
40792
40991
40793
40992
40794
40993
40795
40994
40796
40995
40797
40996
40798
40997
40799
40998
40999
40801
40840
41000
40802
40841
41001
40803
40842
41002
40804
40843
41003
40805
40844
41004
40806
40845
41005
40807
40846
41006
40808
40847
41007
40809
40848
41008
40810
40849
41009
40811
40850
41010
40812
40851
41011
40813
40852
41012
40814
40853
41013
40815
40854
41014
40816
40855
41015
40817
40856
41016
40818
40857
41017
40819
40858
41018
40820
40859
41019
40821
40860
41020
40822
40861
41021
40823
40862
41022
40824
40863
41023
40825
40864
41024
40826
40865
41025
40827
40866
41026
40828
40867
41027
40829
40868
41028
40830
40869
41029
40831
40870
41030
40832
40871
41031
40833
40872
41032
40834
40873
41033
40835
40874
41034
40836
40875
41035
40837
40876
41036
40838
40877
41037
40839
40878
41038
40879
41039
40841
40880
41040
40842
40881
41041
40843
40882
41042
40844
40883
41043
40845
40884
41044
40846
40885
41045
40847
40886
41046
40848
40887
41047
40849
40888
41048
40850
40889
41049
40851
40890
41050
40852
40891
41051
40853
40892
41052
40854
40893
41053
40855
40894
41054
40856
40895
41055
40857
40896
41056
40858
40897
41057
40859
40898
41058
40860
40899
41059
40861
40900
41060
40862
40901
41061
40863
40902
41062
40864
40903
41063
40865
40904
41064
40866
40905
41065
40867
40906
41066
40868
40907
41067
40869
40908
41068
40870
40909
41069
40871
40910
41070
40872
40911
41071
40873
40912
41072
40874
40913
41073
40875
40914
41074
40876
40915
41075
40877
40916
41076
40878
40917
41077
40879
40918
41078
40919
41079
40881
40920
41080
40882
40921
41081
40883
40922
41082
40884
40923
41083
40885
40924
41084
40886
40925
41085
40887
40926
41086
40888
40927
41087
40889
40928
41088
40890
40929
41089
40891
40930
41090
40892
40931
41091
40893
40932
41092
40894
40933
41093
40895
40934
41094
40896
40935
41095
40897
40936
41096
40898
40937
41097
40899
40938
41098
40900
40939
41099
40901
40940
41100
40902
40941
41101
40903
40942
41102
40904
40943
41103
40905
40944
41104
40906
40945
41105
40907
40946
41106
40908
40947
41107
40909
40948
41108
40910
40949
41109
40911
40950
41110
40912
40951
41111
40913
40952
41112
40914
40953
41113
40915
40954
41114
40916
40955
41115
40917
40956
41116
40918
40957
41117
40919
40958
41118
40959
41119
40921
40960
41120
40922
40961
41121
40923
40962
41122
40924
40963
41123
40925
40964
41124
40926
40965
41125
40927
40966
41126
40928
40967
41127
40929
40968
41128
40930
40969
41129
40931
40970
41130
40932
40971
41131
40933
40972
41132
40934
40973
41133
40935
40974
41134
40936
40975
41135
40937
40976
41136
40938
40977
41137
40939
40978
41138
40940
40979
41139
40941
40980
41140
40942
40981
41141
40943
40982
41142
40944
40983
41143
40945
40984
41144
40946
40985
41145
40947
40986
41146
40948
40987
41147
40949
40988
41148
40950
40989
41149
40951
40990
41150
40952
40991
41151
40953
40992
41152
40954
40993
41153
40955
40994
41154
40956
40995
41155
40957
40996
41156
40958
40997
41157
40959
40998
41158
40999
41159
40961
41160
40962
41161
40963
41162
40964
41163
40965
41164
40966
41165
40967
41166
40968
41167
40969
41168
40970
41169
40971
41170
40972
41171
40973
41172
40974
41173
40975
41174
40976
41175
40977
41176
40978
41177
40979
41178
40980
41179
40981
41180
40982
41181
40983
41182
40984
41183
40985
41184
40986
41185
40987
41186
40988
41187
40989
41188
40990
41189
40991
41190
40992
41191
40993
41192
40994
41193
40995
41194
40996
41195
40997
41196
40998
41197
40999
41198
41199
41001
41040
41200
41002
41041
41201
41003
41042
41202
41004
41043
41203
41005
41044
41204
41006
41045
41205
41007
41046
41206
41008
41047
41207
41009
41048
41208
41010
41049
41209
41011
41050
41210
41012
41051
41211
41013
41052
41212
41014
41053
41213
41015
41054
41214
41016
41055
41215
41017
41056
41216
41018
41057
41217
41019
41058
41218
41020
41059
41219
41021
41060
41220
41022
41061
41221
41023
41062
41222
41024
41063
41223
41025
41064
41224
41026
41065
41225
41027
41066
41226
41028
41067
41227
41029
41068
41228
41030
41069
41229
41031
41070
41230
41032
41071
41231
41033
41072
41232
41034
41073
41233
41035
41074
41234
41036
41075
41235
41037
41076
41236
41038
41077
41237
41039
41078
41238
41079
41239
41041
41080
41240
41042
41081
41241
41043
41082
41242
41044
41083
41243
41045
41084
41244
41046
41085
41245
41047
41086
41246
41048
41087
41247
41049
41088
41248
41050
41089
41249
41051
41090
41250
41052
41091
41251
41053
41092
41252
41054
41093
41253
41055
41094
41254
41056
41095
41255
41057
41096
41256
41058
41097
41257
41059
41098
41258
41060
41099
41259
41061
41100
41260
41062
41101
41261
41063
41102
41262
41064
41103
41263
41065
41104
41264
41066
41105
41265
41067
41106
41266
41068
41107
41267
41069
41108
41268
41070
41109
41269
41071
41110
41270
41072
41111
41271
41073
41112
41272
41074
41113
41273
41075
41114
41274
41076
41115
41275
41077
41116
41276
41078
41117
41277
41079
41118
41278
41119
41279
41081
41120
41280
41082
41121
41281
41083
41122
41282
41084
41123
41283
41085
41124
41284
41086
41125
41285
41087
41126
41286
41088
41127
41287
41089
41128
41288
41090
41129
41289
41091
41130
41290
41092
41131
41291
41093
41132
41292
41094
41133
41293
41095
41134
41294
41096
41135
41295
41097
41136
41296
41098
41137
41297
41099
41138
41298
41100
41139
41299
41101
41140
41300
41102
41141
41301
41103
41142
41302
41104
41143
41303
41105
41144
41304
41106
41145
41305
41107
41146
41306
41108
41147
41307
41109
41148
41308
41110
41149
41309
41111
41150
41310
41112
41151
41311
41113
41152
41312
41114
41153
41313
41115
41154
41314
41116
41155
41315
41117
41156
41316
41118
41157
41317
41119
41158
41318
41159
41319
41121
41160
41320
41122
41161
41321
41123
41162
41322
41124
41163
41323
41125
41164
41324
41126
41165
41325
41127
41166
41326
41128
41167
41327
41129
41168
41328
41130
41169
41329
41131
41170
41330
41132
41171
41331
41133
41172
41332
41134
41173
41333
41135
41174
41334
41136
41175
41335
41137
41176
41336
41138
41177
41337
41139
41178
41338
41140
41179
41339
41141
41180
41340
41142
41181
41341
41143
41182
41342
41144
41183
41343
41145
41184
41344
41146
41185
41345
41147
41186
41346
41148
41187
41347
41149
41188
41348
41150
41189
41349
41151
41190
41350
41152
41191
41351
41153
41192
41352
41154
41193
41353
41155
41194
41354
41156
41195
41355
41157
41196
41356
41158
41197
41357
41159
41198
41358
41199
41359
41161
41360
41162
41361
41163
41362
41164
41363
41165
41364
41166
41365
41167
41366
41168
41367
41169
41368
41170
41369
41171
41370
41172
41371
41173
41372
41174
41373
41175
41374
41176
41375
41177
41376
41178
41377
41179
41378
41180
41379
41181
41380
41182
41381
41183
41382
41184
41383
41185
41384
41186
41385
41187
41386
41188
41387
41189
41388
41190
41389
41191
41390
41192
41391
41193
41392
41194
41393
41195
41394
41196
41395
41197
41396
41198
41397
41199
41398
41399
41201
41240
41400
41202
41241
41401
41203
41242
41402
41204
41243
41403
41205
41244
41404
41206
41245
41405
41207
41246
41406
41208
41247
41407
41209
41248
41408
41210
41249
41409
41211
41250
41410
41212
41251
41411
41213
41252
41412
41214
41253
41413
41215
41254
41414
41216
41255
41415
41217
41256
41416
41218
41257
41417
41219
41258
41418
41220
41259
41419
41221
41260
41420
41222
41261
41421
41223
41262
41422
41224
41263
41423
41225
41264
41424
41226
41265
41425
41227
41266
41426
41228
41267
41427
41229
41268
41428
41230
41269
41429
41231
41270
41430
41232
41271
41431
41233
41272
41432
41234
41273
41433
41235
41274
41434
41236
41275
41435
41237
41276
41436
41238
41277
41437
41239
41278
41438
41279
41439
41241
41280
41440
41242
41281
41441
41243
41282
41442
41244
41283
41443
41245
41284
41444
41246
41285
41445
41247
41286
41446
41248
41287
41447
41249
41288
41448
41250
41289
41449
41251
41290
41450
41252
41291
41451
41253
41292
41452
41254
41293
41453
41255
41294
41454
41256
41295
41455
41257
41296
41456
41258
41297
41457
41259
41298
41458
41260
41299
41459
41261
41300
41460
41262
41301
41461
41263
41302
41462
41264
41303
41463
41265
41304
41464
41266
41305
41465
41267
41306
41466
41268
41307
41467
41269
41308
41468
41270
41309
41469
41271
41310
41470
41272
41311
41471
41273
41312
41472
41274
41313
41473
41275
41314
41474
41276
41315
41475
41277
41316
41476
41278
41317
41477
41279
41318
41478
41319
41479
41281
41320
41480
41282
41321
41481
41283
41322
41482
41284
41323
41483
41285
41324
41484
41286
41325
41485
41287
41326
41486
41288
41327
41487
41289
41328
41488
41290
41329
41489
41291
41330
41490
41292
41331
41491
41293
41332
41492
41294
41333
41493
41295
41334
41494
41296
41335
41495
41297
41336
41496
41298
41337
41497
41299
41338
41498
41300
41339
41499
41301
41340
41500
41302
41341
41501
41303
41342
41502
41304
41343
41503
41305
41344
41504
41306
41345
41505
41307
41346
41506
41308
41347
41507
41309
41348
41508
41310
41349
41509
41311
41350
41510
41312
41351
41511
41313
41352
41512
41314
41353
41513
41315
41354
41514
41316
41355
41515
41317
41356
41516
41318
41357
41517
41319
41358
41518
41359
41519
41321
41360
41520
41322
41361
41521
41323
41362
41522
41324
41363
41523
41325
41364
41524
41326
41365
41525
41327
41366
41526
41328
41367
41527
41329
41368
41528
41330
41369
41529
41331
41370
41530
41332
41371
41531
41333
41372
41532
41334
41373
41533
41335
41374
41534
41336
41375
41535
41337
41376
41536
41338
41377
41537
41339
41378
41538
41340
41379
41539
41341
41380
41540
41342
41381
41541
41343
41382
41542
41344
41383
41543
41345
41384
41544
41346
41385
41545
41347
41386
41546
41348
41387
41547
41349
41388
41548
41350
41389
41549
41351
41390
41550
41352
41391
41551
41353
41392
41552
41354
41393
41553
41355
41394
41554
41356
41395
41555
41357
41396
41556
41358
41397
41557
41359
41398
41558
41399
41559
41361
41560
41362
41561
41363
41562
41364
41563
41365
41564
41366
41565
41367
41566
41368
41567
41369
41568
41370
41569
41371
41570
41372
41571
41373
41572
41374
41573
41375
41574
41376
41575
41377
41576
41378
41577
41379
41578
41380
41579
41381
41580
41382
41581
41383
41582
41384
41583
41385
41584
41386
41585
41387
41586
41388
41587
41389
41588
41390
41589
41391
41590
41392
41591
41393
41592
41394
41593
41395
41594
41396
41595
41397
41596
41398
41597
41399
41598
41599
41401
41440
41600
41402
41441
41601
41403
41442
41602
41404
41443
41603
41405
41444
41604
41406
41445
41605
41407
41446
41606
41408
41447
41607
41409
41448
41608
41410
41449
41609
41411
41450
41610
41412
41451
41611
41413
41452
41612
41414
41453
41613
41415
41454
41614
41416
41455
41615
41417
41456
41616
41418
41457
41617
41419
41458
41618
41420
41459
41619
41421
41460
41620
41422
41461
41621
41423
41462
41622
41424
41463
41623
41425
41464
41624
41426
41465
41625
41427
41466
41626
41428
41467
41627
41429
41468
41628
41430
41469
41629
41431
41470
41630
41432
41471
41631
41433
41472
41632
41434
41473
41633
41435
41474
41634
41436
41475
41635
41437
41476
41636
41438
41477
41637
41439
41478
41638
41479
41639
41441
41480
41640
41442
41481
41641
41443
41482
41642
41444
41483
41643
41445
41484
41644
41446
41485
41645
41447
41486
41646
41448
41487
41647
41449
41488
41648
41450
41489
41649
41451
41490
41650
41452
41491
41651
41453
41492
41652
41454
41493
41653
41455
41494
41654
41456
41495
41655
41457
41496
41656
41458
41497
41657
41459
41498
41658
41460
41499
41659
41461
41500
41660
41462
41501
41661
41463
41502
41662
41464
41503
41663
41465
41504
41664
41466
41505
41665
41467
41506
41666
41468
41507
41667
41469
41508
41668
41470
41509
41669
41471
41510
41670
41472
41511
41671
41473
41512
41672
41474
41513
41673
41475
41514
41674
41476
41515
41675
41477
41516
41676
41478
41517
41677
41479
41518
41678
41519
41679
41481
41520
41680
41482
41521
41681
41483
41522
41682
41484
41523
41683
41485
41524
41684
41486
41525
41685
41487
41526
41686
41488
41527
41687
41489
41528
41688
41490
41529
41689
41491
41530
41690
41492
41531
41691
41493
41532
41692
41494
41533
41693
41495
41534
41694
41496
41535
41695
41497
41536
41696
41498
41537
41697
41499
41538
41698
41500
41539
41699
41501
41540
41700
41502
41541
41701
41503
41542
41702
41504
41543
41703
41505
41544
41704
41506
41545
41705
41507
41546
41706
41508
41547
41707
41509
41548
41708
41510
41549
41709
41511
41550
41710
41512
41551
41711
41513
41552
41712
41514
41553
41713
41515
41554
41714
41516
41555
41715
41517
41556
41716
41518
41557
41717
41519
41558
41718
41559
41719
41521
41560
41720
41522
41561
41721
41523
41562
41722
41524
41563
41723
41525
41564
41724
41526
41565
41725
41527
41566
41726
41528
41567
41727
41529
41568
41728
41530
41569
41729
41531
41570
41730
41532
41571
41731
41533
41572
41732
41534
41573
41733
41535
41574
41734
41536
41575
41735
41537
41576
41736
41538
41577
41737
41539
41578
41738
41540
41579
41739
41541
41580
41740
41542
41581
41741
41543
41582
41742
41544
41583
41743
41545
41584
41744
41546
41585
41745
41547
41586
41746
41548
41587
41747
41549
41588
41748
41550
41589
41749
41551
41590
41750
41552
41591
41751
41553
41592
41752
41554
41593
41753
41555
41594
41754
41556
41595
41755
41557
41596
41756
41558
41597
41757
41559
41598
41758
41599
41759
41561
41760
41562
41761
41563
41762
41564
41763
41565
41764
41566
41765
41567
41766
41568
41767
41569
41768
41570
41769
41571
41770
41572
41771
41573
41772
41574
41773
41575
41774
41576
41775
41577
41776
41578
41777
41579
41778
41580
41779
41581
41780
41582
41781
41583
41782
41584
41783
41585
41784
41586
41785
41587
41786
41588
41787
41589
41788
41590
41789
41591
41790
41592
41791
41593
41792
41594
41793
41595
41794
41596
41795
41597
41796
41598
41797
41599
41798
41799
41601
41640
41800
41602
41641
41801
41603
41642
41802
41604
41643
41803
41605
41644
41804
41606
41645
41805
41607
41646
41806
41608
41647
41807
41609
41648
41808
41610
41649
41809
41611
41650
41810
41612
41651
41811
41613
41652
41812
41614
41653
41813
41615
41654
41814
41616
41655
41815
41617
41656
41816
41618
41657
41817
41619
41658
41818
41620
41659
41819
41621
41660
41820
41622
41661
41821
41623
41662
41822
41624
41663
41823
41625
41664
41824
41626
41665
41825
41627
41666
41826
41628
41667
41827
41629
41668
41828
41630
41669
41829
41631
41670
41830
41632
41671
41831
41633
41672
41832
41634
41673
41833
41635
41674
41834
41636
41675
41835
41637
41676
41836
41638
41677
41837
41639
41678
41838
41679
41839
41641
41680
41840
41642
41681
41841
41643
41682
41842
41644
41683
41843
41645
41684
41844
41646
41685
41845
41647
41686
41846
41648
41687
41847
41649
41688
41848
41650
41689
41849
41651
41690
41850
41652
41691
41851
41653
41692
41852
41654
41693
41853
41655
41694
41854
41656
41695
41855
41657
41696
41856
41658
41697
41857
41659
41698
41858
41660
41699
41859
41661
41700
41860
41662
41701
41861
41663
41702
41862
41664
41703
41863
41665
41704
41864
41666
41705
41865
41667
41706
41866
41668
41707
41867
41669
41708
41868
41670
41709
41869
41671
41710
41870
41672
41711
41871
41673
41712
41872
41674
41713
41873
41675
41714
41874
41676
41715
41875
41677
41716
41876
41678
41717
41877
41679
41718
41878
41719
41879
41681
41720
41880
41682
41721
41881
41683
41722
41882
41684
41723
41883
41685
41724
41884
41686
41725
41885
41687
41726
41886
41688
41727
41887
41689
41728
41888
41690
41729
41889
41691
41730
41890
41692
41731
41891
41693
41732
41892
41694
41733
41893
41695
41734
41894
41696
41735
41895
41697
41736
41896
41698
41737
41897
41699
41738
41898
41700
41739
41899
41701
41740
41900
41702
41741
41901
41703
41742
41902
41704
41743
41903
41705
41744
41904
41706
41745
41905
41707
41746
41906
41708
41747
41907
41709
41748
41908
41710
41749
41909
41711
41750
41910
41712
41751
41911
41713
41752
41912
41714
41753
41913
41715
41754
41914
41716
41755
41915
41717
41756
41916
41718
41757
41917
41719
41758
41918
41759
41919
41721
41760
41920
41722
41761
41921
41723
41762
41922
41724
41763
41923
41725
41764
41924
41726
41765
41925
41727
41766
41926
41728
41767
41927
41729
41768
41928
41730
41769
41929
41731
41770
41930
41732
41771
41931
41733
41772
41932
41734
41773
41933
41735
41774
41934
41736
41775
41935
41737
41776
41936
41738
41777
41937
41739
41778
41938
41740
41779
41939
41741
41780
41940
41742
41781
41941
41743
41782
41942
41744
41783
41943
41745
41784
41944
41746
41785
41945
41747
41786
41946
41748
41787
41947
41749
41788
41948
41750
41789
41949
41751
41790
41950
41752
41791
41951
41753
41792
41952
41754
41793
41953
41755
41794
41954
41756
41795
41955
41757
41796
41956
41758
41797
41957
41759
41798
41958
41799
41959
41761
41960
41762
41961
41763
41962
41764
41963
41765
41964
41766
41965
41767
41966
41768
41967
41769
41968
41770
41969
41771
41970
41772
41971
41773
41972
41774
41973
41775
41974
41776
41975
41777
41976
41778
41977
41779
41978
41780
41979
41781
41980
41782
41981
41783
41982
41784
41983
41785
41984
41786
41985
41787
41986
41788
41987
41789
41988
41790
41989
41791
41990
41792
41991
41793
41992
41794
41993
41795
41994
41796
41995
41797
41996
41798
41997
41799
41998
41999
41801
41840
42000
41802
41841
42001
41803
41842
42002
41804
41843
42003
41805
41844
42004
41806
41845
42005
41807
41846
42006
41808
41847
42007
41809
41848
42008
41810
41849
42009
41811
41850
42010
41812
41851
42011
41813
41852
42012
41814
41853
42013
41815
41854
42014
41816
41855
42015
41817
41856
42016
41818
41857
42017
41819
41858
42018
41820
41859
42019
41821
41860
42020
41822
41861
42021
41823
41862
42022
41824
41863
42023
41825
41864
42024
41826
41865
42025
41827
41866
42026
41828
41867
42027
41829
41868
42028
41830
41869
42029
41831
41870
42030
41832
41871
42031
41833
41872
42032
41834
41873
42033
41835
41874
42034
41836
41875
42035
41837
41876
42036
41838
41877
42037
41839
41878
42038
41879
42039
41841
41880
42040
41842
41881
42041
41843
41882
42042
41844
41883
42043
41845
41884
42044
41846
41885
42045
41847
41886
42046
41848
41887
42047
41849
41888
42048
41850
41889
42049
41851
41890
42050
41852
41891
42051
41853
41892
42052
41854
41893
42053
41855
41894
42054
41856
41895
42055
41857
41896
42056
41858
41897
42057
41859
41898
42058
41860
41899
42059
41861
41900
42060
41862
41901
42061
41863
41902
42062
41864
41903
42063
41865
41904
42064
41866
41905
42065
41867
41906
42066
41868
41907
42067
41869
41908
42068
41870
41909
42069
41871
41910
42070
41872
41911
42071
41873
41912
42072
41874
41913
42073
41875
41914
42074
41876
41915
42075
41877
41916
42076
41878
41917
42077
41879
41918
42078
41919
42079
41881
41920
42080
41882
41921
42081
41883
41922
42082
41884
41923
42083
41885
41924
42084
41886
41925
42085
41887
41926
42086
41888
41927
42087
41889
41928
42088
41890
41929
42089
41891
41930
42090
41892
41931
42091
41893
41932
42092
41894
41933
42093
41895
41934
42094
41896
41935
42095
41897
41936
42096
41898
41937
42097
41899
41938
42098
41900
41939
42099
41901
41940
42100
41902
41941
42101
41903
41942
42102
41904
41943
42103
41905
41944
42104
41906
41945
42105
41907
41946
42106
41908
41947
42107
41909
41948
42108
41910
41949
42109
41911
41950
42110
41912
41951
42111
41913
41952
42112
41914
41953
42113
41915
41954
42114
41916
41955
42115
41917
41956
42116
41918
41957
42117
41919
41958
42118
41959
42119
41921
41960
42120
41922
41961
42121
41923
41962
42122
41924
41963
42123
41925
41964
42124
41926
41965
42125
41927
41966
42126
41928
41967
42127
41929
41968
42128
41930
41969
42129
41931
41970
42130
41932
41971
42131
41933
41972
42132
41934
41973
42133
41935
41974
42134
41936
41975
42135
41937
41976
42136
41938
41977
42137
41939
41978
42138
41940
41979
42139
41941
41980
42140
41942
41981
42141
41943
41982
42142
41944
41983
42143
41945
41984
42144
41946
41985
42145
41947
41986
42146
41948
41987
42147
41949
41988
42148
41950
41989
42149
41951
41990
42150
41952
41991
42151
41953
41992
42152
41954
41993
42153
41955
41994
42154
41956
41995
42155
41957
41996
42156
41958
41997
42157
41959
41998
42158
41999
42159
41961
42160
41962
42161
41963
42162
41964
42163
41965
42164
41966
42165
41967
42166
41968
42167
41969
42168
41970
42169
41971
42170
41972
42171
41973
42172
41974
42173
41975
42174
41976
42175
41977
42176
41978
42177
41979
42178
41980
42179
41981
42180
41982
42181
41983
42182
41984
42183
41985
42184
41986
42185
41987
42186
41988
42187
41989
42188
41990
42189
41991
42190
41992
42191
41993
42192
41994
42193
41995
42194
41996
42195
41997
42196
41998
42197
41999
42198
42199
42001
42040
42200
42002
42041
42201
42003
42042
42202
42004
42043
42203
42005
42044
42204
42006
42045
42205
42007
42046
42206
42008
42047
42207
42009
42048
42208
42010
42049
42209
42011
42050
42210
42012
42051
42211
42013
42052
42212
42014
42053
42213
42015
42054
42214
42016
42055
42215
42017
42056
42216
42018
42057
42217
42019
42058
42218
42020
42059
42219
42021
42060
42220
42022
42061
42221
42023
42062
42222
42024
42063
42223
42025
42064
42224
42026
42065
42225
42027
42066
42226
42028
42067
42227
42029
42068
42228
42030
42069
42229
42031
42070
42230
42032
42071
42231
42033
42072
42232
42034
42073
42233
42035
42074
42234
42036
42075
42235
42037
42076
42236
42038
42077
42237
42039
42078
42238
42079
42239
42041
42080
42240
42042
42081
42241
42043
42082
42242
42044
42083
42243
42045
42084
42244
42046
42085
42245
42047
42086
42246
42048
42087
42247
42049
42088
42248
42050
42089
42249
42051
42090
42250
42052
42091
42251
42053
42092
42252
42054
42093
42253
42055
42094
42254
42056
42095
42255
42057
42096
42256
42058
42097
42257
42059
42098
42258
42060
42099
42259
42061
42100
42260
42062
42101
42261
42063
42102
42262
42064
42103
42263
42065
42104
42264
42066
42105
42265
42067
42106
42266
42068
42107
42267
42069
42108
42268
42070
42109
42269
42071
42110
42270
42072
42111
42271
42073
42112
42272
42074
42113
42273
42075
42114
42274
42076
42115
42275
42077
42116
42276
42078
42117
42277
42079
42118
42278
42119
42279
42081
42120
42280
42082
42121
42281
42083
42122
42282
42084
42123
42283
42085
42124
42284
42086
42125
42285
42087
42126
42286
42088
42127
42287
42089
42128
42288
42090
42129
42289
42091
42130
42290
42092
42131
42291
42093
42132
42292
42094
42133
42293
42095
42134
42294
42096
42135
42295
42097
42136
42296
42098
42137
42297
42099
42138
42298
42100
42139
42299
42101
42140
42300
42102
42141
42301
42103
42142
42302
42104
42143
42303
42105
42144
42304
42106
42145
42305
42107
42146
42306
42108
42147
42307
42109
42148
42308
42110
42149
42309
42111
42150
42310
42112
42151
42311
42113
42152
42312
42114
42153
42313
42115
42154
42314
42116
42155
42315
42117
42156
42316
42118
42157
42317
42119
42158
42318
42159
42319
42121
42160
42320
42122
42161
42321
42123
42162
42322
42124
42163
42323
42125
42164
42324
42126
42165
42325
42127
42166
42326
42128
42167
42327
42129
42168
42328
42130
42169
42329
42131
42170
42330
42132
42171
42331
42133
42172
42332
42134
42173
42333
42135
42174
42334
42136
42175
42335
42137
42176
42336
42138
42177
42337
42139
42178
42338
42140
42179
42339
42141
42180
42340
42142
42181
42341
42143
42182
42342
42144
42183
42343
42145
42184
42344
42146
42185
42345
42147
42186
42346
42148
42187
42347
42149
42188
42348
42150
42189
42349
42151
42190
42350
42152
42191
42351
42153
42192
42352
42154
42193
42353
42155
42194
42354
42156
42195
42355
42157
42196
42356
42158
42197
42357
42159
42198
42358
42199
42359
42161
42360
42162
42361
42163
42362
42164
42363
42165
42364
42166
42365
42167
42366
42168
42367
42169
42368
42170
42369
42171
42370
42172
42371
42173
42372
42174
42373
42175
42374
42176
42375
42177
42376
42178
42377
42179
42378
42180
42379
42181
42380
42182
42381
42183
42382
42184
42383
42185
42384
42186
42385
42187
42386
42188
42387
42189
42388
42190
42389
42191
42390
42192
42391
42193
42392
42194
42393
42195
42394
42196
42395
42197
42396
42198
42397
42199
42398
42399
42201
42240
42400
42202
42241
42401
42203
42242
42402
42204
42243
42403
42205
42244
42404
42206
42245
42405
42207
42246
42406
42208
42247
42407
42209
42248
42408
42210
42249
42409
42211
42250
42410
42212
42251
42411
42213
42252
42412
42214
42253
42413
42215
42254
42414
42216
42255
42415
42217
42256
42416
42218
42257
42417
42219
42258
42418
42220
42259
42419
42221
42260
42420
42222
42261
42421
42223
42262
42422
42224
42263
42423
42225
42264
42424
42226
42265
42425
42227
42266
42426
42228
42267
42427
42229
42268
42428
42230
42269
42429
42231
42270
42430
42232
42271
42431
42233
42272
42432
42234
42273
42433
42235
42274
42434
42236
42275
42435
42237
42276
42436
42238
42277
42437
42239
42278
42438
42279
42439
42241
42280
42440
42242
42281
42441
42243
42282
42442
42244
42283
42443
42245
42284
42444
42246
42285
42445
42247
42286
42446
42248
42287
42447
42249
42288
42448
42250
42289
42449
42251
42290
42450
42252
42291
42451
42253
42292
42452
42254
42293
42453
42255
42294
42454
42256
42295
42455
42257
42296
42456
42258
42297
42457
42259
42298
42458
42260
42299
42459
42261
42300
42460
42262
42301
42461
42263
42302
42462
42264
42303
42463
42265
42304
42464
42266
42305
42465
42267
42306
42466
42268
42307
42467
42269
42308
42468
42270
42309
42469
42271
42310
42470
42272
42311
42471
42273
42312
42472
42274
42313
42473
42275
42314
42474
42276
42315
42475
42277
42316
42476
42278
42317
42477
42279
42318
42478
42319
42479
42281
42320
42480
42282
42321
42481
42283
42322
42482
42284
42323
42483
42285
42324
42484
42286
42325
42485
42287
42326
42486
42288
42327
42487
42289
42328
42488
42290
42329
42489
42291
42330
42490
42292
42331
42491
42293
42332
42492
42294
42333
42493
42295
42334
42494
42296
42335
42495
42297
42336
42496
42298
42337
42497
42299
42338
42498
42300
42339
42499
42301
42340
42500
42302
42341
42501
42303
42342
42502
42304
42343
42503
42305
42344
42504
42306
42345
42505
42307
42346
42506
42308
42347
42507
42309
42348
42508
42310
42349
42509
42311
42350
42510
42312
42351
42511
42313
42352
42512
42314
42353
42513
42315
42354
42514
42316
42355
42515
42317
42356
42516
42318
42357
42517
42319
42358
42518
42359
42519
42321
42360
42520
42322
42361
42521
42323
42362
42522
42324
42363
42523
42325
42364
42524
42326
42365
42525
42327
42366
42526
42328
42367
42527
42329
42368
42528
42330
42369
42529
42331
42370
42530
42332
42371
42531
42333
42372
42532
42334
42373
42533
42335
42374
42534
42336
42375
42535
42337
42376
42536
42338
42377
42537
42339
42378
42538
42340
42379
42539
42341
42380
42540
42342
42381
42541
42343
42382
42542
42344
42383
42543
42345
42384
42544
42346
42385
42545
42347
42386
42546
42348
42387
42547
42349
42388
42548
42350
42389
42549
42351
42390
42550
42352
42391
42551
42353
42392
42552
42354
42393
42553
42355
42394
42554
42356
42395
42555
42357
42396
42556
42358
42397
42557
42359
42398
42558
42399
42559
42361
42560
42362
42561
42363
42562
42364
42563
42365
42564
42366
42565
42367
42566
42368
42567
42369
42568
42370
42569
42371
42570
42372
42571
42373
42572
42374
42573
42375
42574
42376
42575
42377
42576
42378
42577
42379
42578
42380
42579
42381
42580
42382
42581
42383
42582
42384
42583
42385
42584
42386
42585
42387
42586
42388
42587
42389
42588
42390
42589
42391
42590
42392
42591
42393
42592
42394
42593
42395
42594
42396
42595
42397
42596
42398
42597
42399
42598
42599
42401
42440
42600
42402
42441
42601
42403
42442
42602
42404
42443
42603
42405
42444
42604
42406
42445
42605
42407
42446
42606
42408
42447
42607
42409
42448
42608
42410
42449
42609
42411
42450
42610
42412
42451
42611
42413
42452
42612
42414
42453
42613
42415
42454
42614
42416
42455
42615
42417
42456
42616
42418
42457
42617
42419
42458
42618
42420
42459
42619
42421
42460
42620
42422
42461
42621
42423
42462
42622
42424
42463
42623
42425
42464
42624
42426
42465
42625
42427
42466
42626
42428
42467
42627
42429
42468
42628
42430
42469
42629
42431
42470
42630
42432
42471
42631
42433
42472
42632
42434
42473
42633
42435
42474
42634
42436
42475
42635
42437
42476
42636
42438
42477
42637
42439
42478
42638
42479
42639
42441
42480
42640
42442
42481
42641
42443
42482
42642
42444
42483
42643
42445
42484
42644
42446
42485
42645
42447
42486
42646
42448
42487
42647
42449
42488
42648
42450
42489
42649
42451
42490
42650
42452
42491
42651
42453
42492
42652
42454
42493
42653
42455
42494
42654
42456
42495
42655
42457
42496
42656
42458
42497
42657
42459
42498
42658
42460
42499
42659
42461
42500
42660
42462
42501
42661
42463
42502
42662
42464
42503
42663
42465
42504
42664
42466
42505
42665
42467
42506
42666
42468
42507
42667
42469
42508
42668
42470
42509
42669
42471
42510
42670
42472
42511
42671
42473
42512
42672
42474
42513
42673
42475
42514
42674
42476
42515
42675
42477
42516
42676
42478
42517
42677
42479
42518
42678
42519
42679
42481
42520
42680
42482
42521
42681
42483
42522
42682
42484
42523
42683
42485
42524
42684
42486
42525
42685
42487
42526
42686
42488
42527
42687
42489
42528
42688
42490
42529
42689
42491
42530
42690
42492
42531
42691
42493
42532
42692
42494
42533
42693
42495
42534
42694
42496
42535
42695
42497
42536
42696
42498
42537
42697
42499
42538
42698
42500
42539
42699
42501
42540
42700
42502
42541
42701
42503
42542
42702
42504
42543
42703
42505
42544
42704
42506
42545
42705
42507
42546
42706
42508
42547
42707
42509
42548
42708
42510
42549
42709
42511
42550
42710
42512
42551
42711
42513
42552
42712
42514
42553
42713
42515
42554
42714
42516
42555
42715
42517
42556
42716
42518
42557
42717
42519
42558
42718
42559
42719
42521
42560
42720
42522
42561
42721
42523
42562
42722
42524
42563
42723
42525
42564
42724
42526
42565
42725
42527
42566
42726
42528
42567
42727
42529
42568
42728
42530
42569
42729
42531
42570
42730
42532
42571
42731
42533
42572
42732
42534
42573
42733
42535
42574
42734
42536
42575
42735
42537
42576
42736
42538
42577
42737
42539
42578
42738
42540
42579
42739
42541
42580
42740
42542
42581
42741
42543
42582
42742
42544
42583
42743
42545
42584
42744
42546
42585
42745
42547
42586
42746
42548
42587
42747
42549
42588
42748
42550
42589
42749
42551
42590
42750
42552
42591
42751
42553
42592
42752
42554
42593
42753
42555
42594
42754
42556
42595
42755
42557
42596
42756
42558
42597
42757
42559
42598
42758
42599
42759
42561
42760
42562
42761
42563
42762
42564
42763
42565
42764
42566
42765
42567
42766
42568
42767
42569
42768
42570
42769
42571
42770
42572
42771
42573
42772
42574
42773
42575
42774
42576
42775
42577
42776
42578
42777
42579
42778
42580
42779
42581
42780
42582
42781
42583
42782
42584
42783
42585
42784
42586
42785
42587
42786
42588
42787
42589
42788
42590
42789
42591
42790
42592
42791
42593
42792
42594
42793
42595
42794
42596
42795
42597
42796
42598
42797
42599
42798
42799
42601
42640
42800
42602
42641
42801
42603
42642
42802
42604
42643
42803
42605
42644
42804
42606
42645
42805
42607
42646
42806
42608
42647
42807
42609
42648
42808
42610
42649
42809
42611
42650
42810
42612
42651
42811
42613
42652
42812
42614
42653
42813
42615
42654
42814
42616
42655
42815
42617
42656
42816
42618
42657
42817
42619
42658
42818
42620
42659
42819
42621
42660
42820
42622
42661
42821
42623
42662
42822
42624
42663
42823
42625
42664
42824
42626
42665
42825
42627
42666
42826
42628
42667
42827
42629
42668
42828
42630
42669
42829
42631
42670
42830
42632
42671
42831
42633
42672
42832
42634
42673
42833
42635
42674
42834
42636
42675
42835
42637
42676
42836
42638
42677
42837
42639
42678
42838
42679
42839
42641
42680
42840
42642
42681
42841
42643
42682
42842
42644
42683
42843
42645
42684
42844
42646
42685
42845
42647
42686
42846
42648
42687
42847
42649
42688
42848
42650
42689
42849
42651
42690
42850
42652
42691
42851
42653
42692
42852
42654
42693
42853
42655
42694
42854
42656
42695
42855
42657
42696
42856
42658
42697
42857
42659
42698
42858
42660
42699
42859
42661
42700
42860
42662
42701
42861
42663
42702
42862
42664
42703
42863
42665
42704
42864
42666
42705
42865
42667
42706
42866
42668
42707
42867
42669
42708
42868
42670
42709
42869
42671
42710
42870
42672
42711
42871
42673
42712
42872
42674
42713
42873
42675
42714
42874
42676
42715
42875
42677
42716
42876
42678
42717
42877
42679
42718
42878
42719
42879
42681
42720
42880
42682
42721
42881
42683
42722
42882
42684
42723
42883
42685
42724
42884
42686
42725
42885
42687
42726
42886
42688
42727
42887
42689
42728
42888
42690
42729
42889
42691
42730
42890
42692
42731
42891
42693
42732
42892
42694
42733
42893
42695
42734
42894
42696
42735
42895
42697
42736
42896
42698
42737
42897
42699
42738
42898
42700
42739
42899
42701
42740
42900
42702
42741
42901
42703
42742
42902
42704
42743
42903
42705
42744
42904
42706
42745
42905
42707
42746
42906
42708
42747
42907
42709
42748
42908
42710
42749
42909
42711
42750
42910
42712
42751
42911
42713
42752
42912
42714
42753
42913
42715
42754
42914
42716
42755
42915
42717
42756
42916
42718
42757
42917
42719
42758
42918
42759
42919
42721
42760
42920
42722
42761
42921
42723
42762
42922
42724
42763
42923
42725
42764
42924
42726
42765
42925
42727
42766
42926
42728
42767
42927
42729
42768
42928
42730
42769
42929
42731
42770
42930
42732
42771
42931
42733
42772
42932
42734
42773
42933
42735
42774
42934
42736
42775
42935
42737
42776
42936
42738
42777
42937
42739
42778
42938
42740
42779
42939
42741
42780
42940
42742
42781
42941
42743
42782
42942
42744
42783
42943
42745
42784
42944
42746
42785
42945
42747
42786
42946
42748
42787
42947
42749
42788
42948
42750
42789
42949
42751
42790
42950
42752
42791
42951
42753
42792
42952
42754
42793
42953
42755
42794
42954
42756
42795
42955
42757
42796
42956
42758
42797
42957
42759
42798
42958
42799
42959
42761
42960
42762
42961
42763
42962
42764
42963
42765
42964
42766
42965
42767
42966
42768
42967
42769
42968
42770
42969
42771
42970
42772
42971
42773
42972
42774
42973
42775
42974
42776
42975
42777
42976
42778
42977
42779
42978
42780
42979
42781
42980
42782
42981
42783
42982
42784
42983
42785
42984
42786
42985
42787
42986
42788
42987
42789
42988
42790
42989
42791
42990
42792
42991
42793
42992
42794
42993
42795
42994
42796
42995
42797
42996
42798
42997
42799
42998
42999
42801
42840
43000
42802
42841
43001
42803
42842
43002
42804
42843
43003
42805
42844
43004
42806
42845
43005
42807
42846
43006
42808
42847
43007
42809
42848
43008
42810
42849
43009
42811
42850
43010
42812
42851
43011
42813
42852
43012
42814
42853
43013
42815
42854
43014
42816
42855
43015
42817
42856
43016
42818
42857
43017
42819
42858
43018
42820
42859
43019
42821
42860
43020
42822
42861
43021
42823
42862
43022
42824
42863
43023
42825
42864
43024
42826
42865
43025
42827
42866
43026
42828
42867
43027
42829
42868
43028
42830
42869
43029
42831
42870
43030
42832
42871
43031
42833
42872
43032
42834
42873
43033
42835
42874
43034
42836
42875
43035
42837
42876
43036
42838
42877
43037
42839
42878
43038
42879
43039
42841
42880
43040
42842
42881
43041
42843
42882
43042
42844
42883
43043
42845
42884
43044
42846
42885
43045
42847
42886
43046
42848
42887
43047
42849
42888
43048
42850
42889
43049
42851
42890
43050
42852
42891
43051
42853
42892
43052
42854
42893
43053
42855
42894
43054
42856
42895
43055
42857
42896
43056
42858
42897
43057
42859
42898
43058
42860
42899
43059
42861
42900
43060
42862
42901
43061
42863
42902
43062
42864
42903
43063
42865
42904
43064
42866
42905
43065
42867
42906
43066
42868
42907
43067
42869
42908
43068
42870
42909
43069
42871
42910
43070
42872
42911
43071
42873
42912
43072
42874
42913
43073
42875
42914
43074
42876
42915
43075
42877
42916
43076
42878
42917
43077
42879
42918
43078
42919
43079
42881
42920
43080
42882
42921
43081
42883
42922
43082
42884
42923
43083
42885
42924
43084
42886
42925
43085
42887
42926
43086
42888
42927
43087
42889
42928
43088
42890
42929
43089
42891
42930
43090
42892
42931
43091
42893
42932
43092
42894
42933
43093
42895
42934
43094
42896
42935
43095
42897
42936
43096
42898
42937
43097
42899
42938
43098
42900
42939
43099
42901
42940
43100
42902
42941
43101
42903
42942
43102
42904
42943
43103
42905
42944
43104
42906
42945
43105
42907
42946
43106
42908
42947
43107
42909
42948
43108
42910
42949
43109
42911
42950
43110
42912
42951
43111
42913
42952
43112
42914
42953
43113
42915
42954
43114
42916
42955
43115
42917
42956
43116
42918
42957
43117
42919
42958
43118
42959
43119
42921
42960
43120
42922
42961
43121
42923
42962
43122
42924
42963
43123
42925
42964
43124
42926
42965
43125
42927
42966
43126
42928
42967
43127
42929
42968
43128
42930
42969
43129
42931
42970
43130
42932
42971
43131
42933
42972
43132
42934
42973
43133
42935
42974
43134
42936
42975
43135
42937
42976
43136
42938
42977
43137
42939
42978
43138
42940
42979
43139
42941
42980
43140
42942
42981
43141
42943
42982
43142
42944
42983
43143
42945
42984
43144
42946
42985
43145
42947
42986
43146
42948
42987
43147
42949
42988
43148
42950
42989
43149
42951
42990
43150
42952
42991
43151
42953
42992
43152
42954
42993
43153
42955
42994
43154
42956
42995
43155
42957
42996
43156
42958
42997
43157
42959
42998
43158
42999
43159
42961
43160
42962
43161
42963
43162
42964
43163
42965
43164
42966
43165
42967
43166
42968
43167
42969
43168
42970
43169
42971
43170
42972
43171
42973
43172
42974
43173
42975
43174
42976
43175
42977
43176
42978
43177
42979
43178
42980
43179
42981
43180
42982
43181
42983
43182
42984
43183
42985
43184
42986
43185
42987
43186
42988
43187
42989
43188
42990
43189
42991
43190
42992
43191
42993
43192
42994
43193
42995
43194
42996
43195
42997
43196
42998
43197
42999
43198
43199
43001
43040
43200
43002
43041
43201
43003
43042
43202
43004
43043
43203
43005
43044
43204
43006
43045
43205
43007
43046
43206
43008
43047
43207
43009
43048
43208
43010
43049
43209
43011
43050
43210
43012
43051
43211
43013
43052
43212
43014
43053
43213
43015
43054
43214
43016
43055
43215
43017
43056
43216
43018
43057
43217
43019
43058
43218
43020
43059
43219
43021
43060
43220
43022
43061
43221
43023
43062
43222
43024
43063
43223
43025
43064
43224
43026
43065
43225
43027
43066
43226
43028
43067
43227
43029
43068
43228
43030
43069
43229
43031
43070
43230
43032
43071
43231
43033
43072
43232
43034
43073
43233
43035
43074
43234
43036
43075
43235
43037
43076
43236
43038
43077
43237
43039
43078
43238
43079
43239
43041
43080
43240
43042
43081
43241
43043
43082
43242
43044
43083
43243
43045
43084
43244
43046
43085
43245
43047
43086
43246
43048
43087
43247
43049
43088
43248
43050
43089
43249
43051
43090
43250
43052
43091
43251
43053
43092
43252
43054
43093
43253
43055
43094
43254
43056
43095
43255
43057
43096
43256
43058
43097
43257
43059
43098
43258
43060
43099
43259
43061
43100
43260
43062
43101
43261
43063
43102
43262
43064
43103
43263
43065
43104
43264
43066
43105
43265
43067
43106
43266
43068
43107
43267
43069
43108
43268
43070
43109
43269
43071
43110
43270
43072
43111
43271
43073
43112
43272
43074
43113
43273
43075
43114
43274
43076
43115
43275
43077
43116
43276
43078
43117
43277
43079
43118
43278
43119
43279
43081
43120
43280
43082
43121
43281
43083
43122
43282
43084
43123
43283
43085
43124
43284
43086
43125
43285
43087
43126
43286
43088
43127
43287
43089
43128
43288
43090
43129
43289
43091
43130
43290
43092
43131
43291
43093
43132
43292
43094
43133
43293
43095
43134
43294
43096
43135
43295
43097
43136
43296
43098
43137
43297
43099
43138
43298
43100
43139
43299
43101
43140
43300
43102
43141
43301
43103
43142
43302
43104
43143
43303
43105
43144
43304
43106
43145
43305
43107
43146
43306
43108
43147
43307
43109
43148
43308
43110
43149
43309
43111
43150
43310
43112
43151
43311
43113
43152
43312
43114
43153
43313
43115
43154
43314
43116
43155
43315
43117
43156
43316
43118
43157
43317
43119
43158
43318
43159
43319
43121
43160
43320
43122
43161
43321
43123
43162
43322
43124
43163
43323
43125
43164
43324
43126
43165
43325
43127
43166
43326
43128
43167
43327
43129
43168
43328
43130
43169
43329
43131
43170
43330
43132
43171
43331
43133
43172
43332
43134
43173
43333
43135
43174
43334
43136
43175
43335
43137
43176
43336
43138
43177
43337
43139
43178
43338
43140
43179
43339
43141
43180
43340
43142
43181
43341
43143
43182
43342
43144
43183
43343
43145
43184
43344
43146
43185
43345
43147
43186
43346
43148
43187
43347
43149
43188
43348
43150
43189
43349
43151
43190
43350
43152
43191
43351
43153
43192
43352
43154
43193
43353
43155
43194
43354
43156
43195
43355
43157
43196
43356
43158
43197
43357
43159
43198
43358
43199
43359
43161
43360
43162
43361
43163
43362
43164
43363
43165
43364
43166
43365
43167
43366
43168
43367
43169
43368
43170
43369
43171
43370
43172
43371
43173
43372
43174
43373
43175
43374
43176
43375
43177
43376
43178
43377
43179
43378
43180
43379
43181
43380
43182
43381
43183
43382
43184
43383
43185
43384
43186
43385
43187
43386
43188
43387
43189
43388
43190
43389
43191
43390
43192
43391
43193
43392
43194
43393
43195
43394
43196
43395
43197
43396
43198
43397
43199
43398
43399
43201
43240
43400
43202
43241
43401
43203
43242
43402
43204
43243
43403
43205
43244
43404
43206
43245
43405
43207
43246
43406
43208
43247
43407
43209
43248
43408
43210
43249
43409
43211
43250
43410
43212
43251
43411
43213
43252
43412
43214
43253
43413
43215
43254
43414
43216
43255
43415
43217
43256
43416
43218
43257
43417
43219
43258
43418
43220
43259
43419
43221
43260
43420
43222
43261
43421
43223
43262
43422
43224
43263
43423
43225
43264
43424
43226
43265
43425
43227
43266
43426
43228
43267
43427
43229
43268
43428
43230
43269
43429
43231
43270
43430
43232
43271
43431
43233
43272
43432
43234
43273
43433
43235
43274
43434
43236
43275
43435
43237
43276
43436
43238
43277
43437
43239
43278
43438
43279
43439
43241
43280
43440
43242
43281
43441
43243
43282
43442
43244
43283
43443
43245
43284
43444
43246
43285
43445
43247
43286
43446
43248
43287
43447
43249
43288
43448
43250
43289
43449
43251
43290
43450
43252
43291
43451
43253
43292
43452
43254
43293
43453
43255
43294
43454
43256
43295
43455
43257
43296
43456
43258
43297
43457
43259
43298
43458
43260
43299
43459
43261
43300
43460
43262
43301
43461
43263
43302
43462
43264
43303
43463
43265
43304
43464
43266
43305
43465
43267
43306
43466
43268
43307
43467
43269
43308
43468
43270
43309
43469
43271
43310
43470
43272
43311
43471
43273
43312
43472
43274
43313
43473
43275
43314
43474
43276
43315
43475
43277
43316
43476
43278
43317
43477
43279
43318
43478
43319
43479
43281
43320
43480
43282
43321
43481
43283
43322
43482
43284
43323
43483
43285
43324
43484
43286
43325
43485
43287
43326
43486
43288
43327
43487
43289
43328
43488
43290
43329
43489
43291
43330
43490
43292
43331
43491
43293
43332
43492
43294
43333
43493
43295
43334
43494
43296
43335
43495
43297
43336
43496
43298
43337
43497
43299
43338
43498
43300
43339
43499
43301
43340
43500
43302
43341
43501
43303
43342
43502
43304
43343
43503
43305
43344
43504
43306
43345
43505
43307
43346
43506
43308
43347
43507
43309
43348
43508
43310
43349
43509
43311
43350
43510
43312
43351
43511
43313
43352
43512
43314
43353
43513
43315
43354
43514
43316
43355
43515
43317
43356
43516
43318
43357
43517
43319
43358
43518
43359
43519
43321
43360
43520
43322
43361
43521
43323
43362
43522
43324
43363
43523
43325
43364
43524
43326
43365
43525
43327
43366
43526
43328
43367
43527
43329
43368
43528
43330
43369
43529
43331
43370
43530
43332
43371
43531
43333
43372
43532
43334
43373
43533
43335
43374
43534
43336
43375
43535
43337
43376
43536
43338
43377
43537
43339
43378
43538
43340
43379
43539
43341
43380
43540
43342
43381
43541
43343
43382
43542
43344
43383
43543
43345
43384
43544
43346
43385
43545
43347
43386
43546
43348
43387
43547
43349
43388
43548
43350
43389
43549
43351
43390
43550
43352
43391
43551
43353
43392
43552
43354
43393
43553
43355
43394
43554
43356
43395
43555
43357
43396
43556
43358
43397
43557
43359
43398
43558
43399
43559
43361
43560
43362
43561
43363
43562
43364
43563
43365
43564
43366
43565
43367
43566
43368
43567
43369
43568
43370
43569
43371
43570
43372
43571
43373
43572
43374
43573
43375
43574
43376
43575
43377
43576
43378
43577
43379
43578
43380
43579
43381
43580
43382
43581
43383
43582
43384
43583
43385
43584
43386
43585
43387
43586
43388
43587
43389
43588
43390
43589
43391
43590
43392
43591
43393
43592
43394
43593
43395
43594
43396
43595
43397
43596
43398
43597
43399
43598
43599
43401
43440
43600
43402
43441
43601
43403
43442
43602
43404
43443
43603
43405
43444
43604
43406
43445
43605
43407
43446
43606
43408
43447
43607
43409
43448
43608
43410
43449
43609
43411
43450
43610
43412
43451
43611
43413
43452
43612
43414
43453
43613
43415
43454
43614
43416
43455
43615
43417
43456
43616
43418
43457
43617
43419
43458
43618
43420
43459
43619
43421
43460
43620
43422
43461
43621
43423
43462
43622
43424
43463
43623
43425
43464
43624
43426
43465
43625
43427
43466
43626
43428
43467
43627
43429
43468
43628
43430
43469
43629
43431
43470
43630
43432
43471
43631
43433
43472
43632
43434
43473
43633
43435
43474
43634
43436
43475
43635
43437
43476
43636
43438
43477
43637
43439
43478
43638
43479
43639
43441
43480
43640
43442
43481
43641
43443
43482
43642
43444
43483
43643
43445
43484
43644
43446
43485
43645
43447
43486
43646
43448
43487
43647
43449
43488
43648
43450
43489
43649
43451
43490
43650
43452
43491
43651
43453
43492
43652
43454
43493
43653
43455
43494
43654
43456
43495
43655
43457
43496
43656
43458
43497
43657
43459
43498
43658
43460
43499
43659
43461
43500
43660
43462
43501
43661
43463
43502
43662
43464
43503
43663
43465
43504
43664
43466
43505
43665
43467
43506
43666
43468
43507
43667
43469
43508
43668
43470
43509
43669
43471
43510
43670
43472
43511
43671
43473
43512
43672
43474
43513
43673
43475
43514
43674
43476
43515
43675
43477
43516
43676
43478
43517
43677
43479
43518
43678
43519
43679
43481
43520
43680
43482
43521
43681
43483
43522
43682
43484
43523
43683
43485
43524
43684
43486
43525
43685
43487
43526
43686
43488
43527
43687
43489
43528
43688
43490
43529
43689
43491
43530
43690
43492
43531
43691
43493
43532
43692
43494
43533
43693
43495
43534
43694
43496
43535
43695
43497
43536
43696
43498
43537
43697
43499
43538
43698
43500
43539
43699
43501
43540
43700
43502
43541
43701
43503
43542
43702
43504
43543
43703
43505
43544
43704
43506
43545
43705
43507
43546
43706
43508
43547
43707
43509
43548
43708
43510
43549
43709
43511
43550
43710
43512
43551
43711
43513
43552
43712
43514
43553
43713
43515
43554
43714
43516
43555
43715
43517
43556
43716
43518
43557
43717
43519
43558
43718
43559
43719
43521
43560
43720
43522
43561
43721
43523
43562
43722
43524
43563
43723
43525
43564
43724
43526
43565
43725
43527
43566
43726
43528
43567
43727
43529
43568
43728
43530
43569
43729
43531
43570
43730
43532
43571
43731
43533
43572
43732
43534
43573
43733
43535
43574
43734
43536
43575
43735
43537
43576
43736
43538
43577
43737
43539
43578
43738
43540
43579
43739
43541
43580
43740
43542
43581
43741
43543
43582
43742
43544
43583
43743
43545
43584
43744
43546
43585
43745
43547
43586
43746
43548
43587
43747
43549
43588
43748
43550
43589
43749
43551
43590
43750
43552
43591
43751
43553
43592
43752
43554
43593
43753
43555
43594
43754
43556
43595
43755
43557
43596
43756
43558
43597
43757
43559
43598
43758
43599
43759
43561
43760
43562
43761
43563
43762
43564
43763
43565
43764
43566
43765
43567
43766
43568
43767
43569
43768
43570
43769
43571
43770
43572
43771
43573
43772
43574
43773
43575
43774
43576
43775
43577
43776
43578
43777
43579
43778
43580
43779
43581
43780
43582
43781
43583
43782
43584
43783
43585
43784
43586
43785
43587
43786
43588
43787
43589
43788
43590
43789
43591
43790
43592
43791
43593
43792
43594
43793
43595
43794
43596
43795
43597
43796
43598
43797
43599
43798
43799
43601
43640
43800
43602
43641
43801
43603
43642
43802
43604
43643
43803
43605
43644
43804
43606
43645
43805
43607
43646
43806
43608
43647
43807
43609
43648
43808
43610
43649
43809
43611
43650
43810
43612
43651
43811
43613
43652
43812
43614
43653
43813
43615
43654
43814
43616
43655
43815
43617
43656
43816
43618
43657
43817
43619
43658
43818
43620
43659
43819
43621
43660
43820
43622
43661
43821
43623
43662
43822
43624
43663
43823
43625
43664
43824
43626
43665
43825
43627
43666
43826
43628
43667
43827
43629
43668
43828
43630
43669
43829
43631
43670
43830
43632
43671
43831
43633
43672
43832
43634
43673
43833
43635
43674
43834
43636
43675
43835
43637
43676
43836
43638
43677
43837
43639
43678
43838
43679
43839
43641
43680
43840
43642
43681
43841
43643
43682
43842
43644
43683
43843
43645
43684
43844
43646
43685
43845
43647
43686
43846
43648
43687
43847
43649
43688
43848
43650
43689
43849
43651
43690
43850
43652
43691
43851
43653
43692
43852
43654
43693
43853
43655
43694
43854
43656
43695
43855
43657
43696
43856
43658
43697
43857
43659
43698
43858
43660
43699
43859
43661
43700
43860
43662
43701
43861
43663
43702
43862
43664
43703
43863
43665
43704
43864
43666
43705
43865
43667
43706
43866
43668
43707
43867
43669
43708
43868
43670
43709
43869
43671
43710
43870
43672
43711
43871
43673
43712
43872
43674
43713
43873
43675
43714
43874
43676
43715
43875
43677
43716
43876
43678
43717
43877
43679
43718
43878
43719
43879
43681
43720
43880
43682
43721
43881
43683
43722
43882
43684
43723
43883
43685
43724
43884
43686
43725
43885
43687
43726
43886
43688
43727
43887
43689
43728
43888
43690
43729
43889
43691
43730
43890
43692
43731
43891
43693
43732
43892
43694
43733
43893
43695
43734
43894
43696
43735
43895
43697
43736
43896
43698
43737
43897
43699
43738
43898
43700
43739
43899
43701
43740
43900
43702
43741
43901
43703
43742
43902
43704
43743
43903
43705
43744
43904
43706
43745
43905
43707
43746
43906
43708
43747
43907
43709
43748
43908
43710
43749
43909
43711
43750
43910
43712
43751
43911
43713
43752
43912
43714
43753
43913
43715
43754
43914
43716
43755
43915
43717
43756
43916
43718
43757
43917
43719
43758
43918
43759
43919
43721
43760
43920
43722
43761
43921
43723
43762
43922
43724
43763
43923
43725
43764
43924
43726
43765
43925
43727
43766
43926
43728
43767
43927
43729
43768
43928
43730
43769
43929
43731
43770
43930
43732
43771
43931
43733
43772
43932
43734
43773
43933
43735
43774
43934
43736
43775
43935
43737
43776
43936
43738
43777
43937
43739
43778
43938
43740
43779
43939
43741
43780
43940
43742
43781
43941
43743
43782
43942
43744
43783
43943
43745
43784
43944
43746
43785
43945
43747
43786
43946
43748
43787
43947
43749
43788
43948
43750
43789
43949
43751
43790
43950
43752
43791
43951
43753
43792
43952
43754
43793
43953
43755
43794
43954
43756
43795
43955
43757
43796
43956
43758
43797
43957
43759
43798
43958
43799
43959
43761
43960
43762
43961
43763
43962
43764
43963
43765
43964
43766
43965
43767
43966
43768
43967
43769
43968
43770
43969
43771
43970
43772
43971
43773
43972
43774
43973
43775
43974
43776
43975
43777
43976
43778
43977
43779
43978
43780
43979
43781
43980
43782
43981
43783
43982
43784
43983
43785
43984
43786
43985
43787
43986
43788
43987
43789
43988
43790
43989
43791
43990
43792
43991
43793
43992
43794
43993
43795
43994
43796
43995
43797
43996
43798
43997
43799
43998
43999
43801
43840
44000
43802
43841
44001
43803
43842
44002
43804
43843
44003
43805
43844
44004
43806
43845
44005
43807
43846
44006
43808
43847
44007
43809
43848
44008
43810
43849
44009
43811
43850
44010
43812
43851
44011
43813
43852
44012
43814
43853
44013
43815
43854
44014
43816
43855
44015
43817
43856
44016
43818
43857
44017
43819
43858
44018
43820
43859
44019
43821
43860
44020
43822
43861
44021
43823
43862
44022
43824
43863
44023
43825
43864
44024
43826
43865
44025
43827
43866
44026
43828
43867
44027
43829
43868
44028
43830
43869
44029
43831
43870
44030
43832
43871
44031
43833
43872
44032
43834
43873
44033
43835
43874
44034
43836
43875
44035
43837
43876
44036
43838
43877
44037
43839
43878
44038
43879
44039
43841
43880
44040
43842
43881
44041
43843
43882
44042
43844
43883
44043
43845
43884
44044
43846
43885
44045
43847
43886
44046
43848
43887
44047
43849
43888
44048
43850
43889
44049
43851
43890
44050
43852
43891
44051
43853
43892
44052
43854
43893
44053
43855
43894
44054
43856
43895
44055
43857
43896
44056
43858
43897
44057
43859
43898
44058
43860
43899
44059
43861
43900
44060
43862
43901
44061
43863
43902
44062
43864
43903
44063
43865
43904
44064
43866
43905
44065
43867
43906
44066
43868
43907
44067
43869
43908
44068
43870
43909
44069
43871
43910
44070
43872
43911
44071
43873
43912
44072
43874
43913
44073
43875
43914
44074
43876
43915
44075
43877
43916
44076
43878
43917
44077
43879
43918
44078
43919
44079
43881
43920
44080
43882
43921
44081
43883
43922
44082
43884
43923
44083
43885
43924
44084
43886
43925
44085
43887
43926
44086
43888
43927
44087
43889
43928
44088
43890
43929
44089
43891
43930
44090
43892
43931
44091
43893
43932
44092
43894
43933
44093
43895
43934
44094
43896
43935
44095
43897
43936
44096
43898
43937
44097
43899
43938
44098
43900
43939
44099
43901
43940
44100
43902
43941
44101
43903
43942
44102
43904
43943
44103
43905
43944
44104
43906
43945
44105
43907
43946
44106
43908
43947
44107
43909
43948
44108
43910
43949
44109
43911
43950
44110
43912
43951
44111
43913
43952
44112
43914
43953
44113
43915
43954
44114
43916
43955
44115
43917
43956
44116
43918
43957
44117
43919
43958
44118
43959
44119
43921
43960
44120
43922
43961
44121
43923
43962
44122
43924
43963
44123
43925
43964
44124
43926
43965
44125
43927
43966
44126
43928
43967
44127
43929
43968
44128
43930
43969
44129
43931
43970
44130
43932
43971
44131
43933
43972
44132
43934
43973
44133
43935
43974
44134
43936
43975
44135
43937
43976
44136
43938
43977
44137
43939
43978
44138
43940
43979
44139
43941
43980
44140
43942
43981
44141
43943
43982
44142
43944
43983
44143
43945
43984
44144
43946
43985
44145
43947
43986
44146
43948
43987
44147
43949
43988
44148
43950
43989
44149
43951
43990
44150
43952
43991
44151
43953
43992
44152
43954
43993
44153
43955
43994
44154
43956
43995
44155
43957
43996
44156
43958
43997
44157
43959
43998
44158
43999
44159
43961
44160
43962
44161
43963
44162
43964
44163
43965
44164
43966
44165
43967
44166
43968
44167
43969
44168
43970
44169
43971
44170
43972
44171
43973
44172
43974
44173
43975
44174
43976
44175
43977
44176
43978
44177
43979
44178
43980
44179
43981
44180
43982
44181
43983
44182
43984
44183
43985
44184
43986
44185
43987
44186
43988
44187
43989
44188
43990
44189
43991
44190
43992
44191
43993
44192
43994
44193
43995
44194
43996
44195
43997
44196
43998
44197
43999
44198
44199
44001
44040
44200
44002
44041
44201
44003
44042
44202
44004
44043
44203
44005
44044
44204
44006
44045
44205
44007
44046
44206
44008
44047
44207
44009
44048
44208
44010
44049
44209
44011
44050
44210
44012
44051
44211
44013
44052
44212
44014
44053
44213
44015
44054
44214
44016
44055
44215
44017
44056
44216
44018
44057
44217
44019
44058
44218
44020
44059
44219
44021
44060
44220
44022
44061
44221
44023
44062
44222
44024
44063
44223
44025
44064
44224
44026
44065
44225
44027
44066
44226
44028
44067
44227
44029
44068
44228
44030
44069
44229
44031
44070
44230
44032
44071
44231
44033
44072
44232
44034
44073
44233
44035
44074
44234
44036
44075
44235
44037
44076
44236
44038
44077
44237
44039
44078
44238
44079
44239
44041
44080
44240
44042
44081
44241
44043
44082
44242
44044
44083
44243
44045
44084
44244
44046
44085
44245
44047
44086
44246
44048
44087
44247
44049
44088
44248
44050
44089
44249
44051
44090
44250
44052
44091
44251
44053
44092
44252
44054
44093
44253
44055
44094
44254
44056
44095
44255
44057
44096
44256
44058
44097
44257
44059
44098
44258
44060
44099
44259
44061
44100
44260
44062
44101
44261
44063
44102
44262
44064
44103
44263
44065
44104
44264
44066
44105
44265
44067
44106
44266
44068
44107
44267
44069
44108
44268
44070
44109
44269
44071
44110
44270
44072
44111
44271
44073
44112
44272
44074
44113
44273
44075
44114
44274
44076
44115
44275
44077
44116
44276
44078
44117
44277
44079
44118
44278
44119
44279
44081
44120
44280
44082
44121
44281
44083
44122
44282
44084
44123
44283
44085
44124
44284
44086
44125
44285
44087
44126
44286
44088
44127
44287
44089
44128
44288
44090
44129
44289
44091
44130
44290
44092
44131
44291
44093
44132
44292
44094
44133
44293
44095
44134
44294
44096
44135
44295
44097
44136
44296
44098
44137
44297
44099
44138
44298
44100
44139
44299
44101
44140
44300
44102
44141
44301
44103
44142
44302
44104
44143
44303
44105
44144
44304
44106
44145
44305
44107
44146
44306
44108
44147
44307
44109
44148
44308
44110
44149
44309
44111
44150
44310
44112
44151
44311
44113
44152
44312
44114
44153
44313
44115
44154
44314
44116
44155
44315
44117
44156
44316
44118
44157
44317
44119
44158
44318
44159
44319
44121
44160
44320
44122
44161
44321
44123
44162
44322
44124
44163
44323
44125
44164
44324
44126
44165
44325
44127
44166
44326
44128
44167
44327
44129
44168
44328
44130
44169
44329
44131
44170
44330
44132
44171
44331
44133
44172
44332
44134
44173
44333
44135
44174
44334
44136
44175
44335
44137
44176
44336
44138
44177
44337
44139
44178
44338
44140
44179
44339
44141
44180
44340
44142
44181
44341
44143
44182
44342
44144
44183
44343
44145
44184
44344
44146
44185
44345
44147
44186
44346
44148
44187
44347
44149
44188
44348
44150
44189
44349
44151
44190
44350
44152
44191
44351
44153
44192
44352
44154
44193
44353
44155
44194
44354
44156
44195
44355
44157
44196
44356
44158
44197
44357
44159
44198
44358
44199
44359
44161
44360
44162
44361
44163
44362
44164
44363
44165
44364
44166
44365
44167
44366
44168
44367
44169
44368
44170
44369
44171
44370
44172
44371
44173
44372
44174
44373
44175
44374
44176
44375
44177
44376
44178
44377
44179
44378
44180
44379
44181
44380
44182
44381
44183
44382
44184
44383
44185
44384
44186
44385
44187
44386
44188
44387
44189
44388
44190
44389
44191
44390
44192
44391
44193
44392
44194
44393
44195
44394
44196
44395
44197
44396
44198
44397
44199
44398
44399
44201
44240
44400
44202
44241
44401
44203
44242
44402
44204
44243
44403
44205
44244
44404
44206
44245
44405
44207
44246
44406
44208
44247
44407
44209
44248
44408
44210
44249
44409
44211
44250
44410
44212
44251
44411
44213
44252
44412
44214
44253
44413
44215
44254
44414
44216
44255
44415
44217
44256
44416
44218
44257
44417
44219
44258
44418
44220
44259
44419
44221
44260
44420
44222
44261
44421
44223
44262
44422
44224
44263
44423
44225
44264
44424
44226
44265
44425
44227
44266
44426
44228
44267
44427
44229
44268
44428
44230
44269
44429
44231
44270
44430
44232
44271
44431
44233
44272
44432
44234
44273
44433
44235
44274
44434
44236
44275
44435
44237
44276
44436
44238
44277
44437
44239
44278
44438
44279
44439
44241
44280
44440
44242
44281
44441
44243
44282
44442
44244
44283
44443
44245
44284
44444
44246
44285
44445
44247
44286
44446
44248
44287
44447
44249
44288
44448
44250
44289
44449
44251
44290
44450
44252
44291
44451
44253
44292
44452
44254
44293
44453
44255
44294
44454
44256
44295
44455
44257
44296
44456
44258
44297
44457
44259
44298
44458
44260
44299
44459
44261
44300
44460
44262
44301
44461
44263
44302
44462
44264
44303
44463
44265
44304
44464
44266
44305
44465
44267
44306
44466
44268
44307
44467
44269
44308
44468
44270
44309
44469
44271
44310
44470
44272
44311
44471
44273
44312
44472
44274
44313
44473
44275
44314
44474
44276
44315
44475
44277
44316
44476
44278
44317
44477
44279
44318
44478
44319
44479
44281
44320
44480
44282
44321
44481
44283
44322
44482
44284
44323
44483
44285
44324
44484
44286
44325
44485
44287
44326
44486
44288
44327
44487
44289
44328
44488
44290
44329
44489
44291
44330
44490
44292
44331
44491
44293
44332
44492
44294
44333
44493
44295
44334
44494
44296
44335
44495
44297
44336
44496
44298
44337
44497
44299
44338
44498
44300
44339
44499
44301
44340
44500
44302
44341
44501
44303
44342
44502
44304
44343
44503
44305
44344
44504
44306
44345
44505
44307
44346
44506
44308
44347
44507
44309
44348
44508
44310
44349
44509
44311
44350
44510
44312
44351
44511
44313
44352
44512
44314
44353
44513
44315
44354
44514
44316
44355
44515
44317
44356
44516
44318
44357
44517
44319
44358
44518
44359
44519
44321
44360
44520
44322
44361
44521
44323
44362
44522
44324
44363
44523
44325
44364
44524
44326
44365
44525
44327
44366
44526
44328
44367
44527
44329
44368
44528
44330
44369
44529
44331
44370
44530
44332
44371
44531
44333
44372
44532
44334
44373
44533
44335
44374
44534
44336
44375
44535
44337
44376
44536
44338
44377
44537
44339
44378
44538
44340
44379
44539
44341
44380
44540
44342
44381
44541
44343
44382
44542
44344
44383
44543
44345
44384
44544
44346
44385
44545
44347
44386
44546
44348
44387
44547
44349
44388
44548
44350
44389
44549
44351
44390
44550
44352
44391
44551
44353
44392
44552
44354
44393
44553
44355
44394
44554
44356
44395
44555
44357
44396
44556
44358
44397
44557
44359
44398
44558
44399
44559
44361
44560
44362
44561
44363
44562
44364
44563
44365
44564
44366
44565
44367
44566
44368
44567
44369
44568
44370
44569
44371
44570
44372
44571
44373
44572
44374
44573
44375
44574
44376
44575
44377
44576
44378
44577
44379
44578
44380
44579
44381
44580
44382
44581
44383
44582
44384
44583
44385
44584
44386
44585
44387
44586
44388
44587
44389
44588
44390
44589
44391
44590
44392
44591
44393
44592
44394
44593
44395
44594
44396
44595
44397
44596
44398
44597
44399
44598
44599
44401
44440
44600
44402
44441
44601
44403
44442
44602
44404
44443
44603
44405
44444
44604
44406
44445
44605
44407
44446
44606
44408
44447
44607
44409
44448
44608
44410
44449
44609
44411
44450
44610
44412
44451
44611
44413
44452
44612
44414
44453
44613
44415
44454
44614
44416
44455
44615
44417
44456
44616
44418
44457
44617
44419
44458
44618
44420
44459
44619
44421
44460
44620
44422
44461
44621
44423
44462
44622
44424
44463
44623
44425
44464
44624
44426
44465
44625
44427
44466
44626
44428
44467
44627
44429
44468
44628
44430
44469
44629
44431
44470
44630
44432
44471
44631
44433
44472
44632
44434
44473
44633
44435
44474
44634
44436
44475
44635
44437
44476
44636
44438
44477
44637
44439
44478
44638
44479
44639
44441
44480
44640
44442
44481
44641
44443
44482
44642
44444
44483
44643
44445
44484
44644
44446
44485
44645
44447
44486
44646
44448
44487
44647
44449
44488
44648
44450
44489
44649
44451
44490
44650
44452
44491
44651
44453
44492
44652
44454
44493
44653
44455
44494
44654
44456
44495
44655
44457
44496
44656
44458
44497
44657
44459
44498
44658
44460
44499
44659
44461
44500
44660
44462
44501
44661
44463
44502
44662
44464
44503
44663
44465
44504
44664
44466
44505
44665
44467
44506
44666
44468
44507
44667
44469
44508
44668
44470
44509
44669
44471
44510
44670
44472
44511
44671
44473
44512
44672
44474
44513
44673
44475
44514
44674
44476
44515
44675
44477
44516
44676
44478
44517
44677
44479
44518
44678
44519
44679
44481
44520
44680
44482
44521
44681
44483
44522
44682
44484
44523
44683
44485
44524
44684
44486
44525
44685
44487
44526
44686
44488
44527
44687
44489
44528
44688
44490
44529
44689
44491
44530
44690
44492
44531
44691
44493
44532
44692
44494
44533
44693
44495
44534
44694
44496
44535
44695
44497
44536
44696
44498
44537
44697
44499
44538
44698
44500
44539
44699
44501
44540
44700
44502
44541
44701
44503
44542
44702
44504
44543
44703
44505
44544
44704
44506
44545
44705
44507
44546
44706
44508
44547
44707
44509
44548
44708
44510
44549
44709
44511
44550
44710
44512
44551
44711
44513
44552
44712
44514
44553
44713
44515
44554
44714
44516
44555
44715
44517
44556
44716
44518
44557
44717
44519
44558
44718
44559
44719
44521
44560
44720
44522
44561
44721
44523
44562
44722
44524
44563
44723
44525
44564
44724
44526
44565
44725
44527
44566
44726
44528
44567
44727
44529
44568
44728
44530
44569
44729
44531
44570
44730
44532
44571
44731
44533
44572
44732
44534
44573
44733
44535
44574
44734
44536
44575
44735
44537
44576
44736
44538
44577
44737
44539
44578
44738
44540
44579
44739
44541
44580
44740
44542
44581
44741
44543
44582
44742
44544
44583
44743
44545
44584
44744
44546
44585
44745
44547
44586
44746
44548
44587
44747
44549
44588
44748
44550
44589
44749
44551
44590
44750
44552
44591
44751
44553
44592
44752
44554
44593
44753
44555
44594
44754
44556
44595
44755
44557
44596
44756
44558
44597
44757
44559
44598
44758
44599
44759
44561
44760
44562
44761
44563
44762
44564
44763
44565
44764
44566
44765
44567
44766
44568
44767
44569
44768
44570
44769
44571
44770
44572
44771
44573
44772
44574
44773
44575
44774
44576
44775
44577
44776
44578
44777
44579
44778
44580
44779
44581
44780
44582
44781
44583
44782
44584
44783
44585
44784
44586
44785
44587
44786
44588
44787
44589
44788
44590
44789
44591
44790
44592
44791
44593
44792
44594
44793
44595
44794
44596
44795
44597
44796
44598
44797
44599
44798
44799
44601
44640
44800
44602
44641
44801
44603
44642
44802
44604
44643
44803
44605
44644
44804
44606
44645
44805
44607
44646
44806
44608
44647
44807
44609
44648
44808
44610
44649
44809
44611
44650
44810
44612
44651
44811
44613
44652
44812
44614
44653
44813
44615
44654
44814
44616
44655
44815
44617
44656
44816
44618
44657
44817
44619
44658
44818
44620
44659
44819
44621
44660
44820
44622
44661
44821
44623
44662
44822
44624
44663
44823
44625
44664
44824
44626
44665
44825
44627
44666
44826
44628
44667
44827
44629
44668
44828
44630
44669
44829
44631
44670
44830
44632
44671
44831
44633
44672
44832
44634
44673
44833
44635
44674
44834
44636
44675
44835
44637
44676
44836
44638
44677
44837
44639
44678
44838
44679
44839
44641
44680
44840
44642
44681
44841
44643
44682
44842
44644
44683
44843
44645
44684
44844
44646
44685
44845
44647
44686
44846
44648
44687
44847
44649
44688
44848
44650
44689
44849
44651
44690
44850
44652
44691
44851
44653
44692
44852
44654
44693
44853
44655
44694
44854
44656
44695
44855
44657
44696
44856
44658
44697
44857
44659
44698
44858
44660
44699
44859
44661
44700
44860
44662
44701
44861
44663
44702
44862
44664
44703
44863
44665
44704
44864
44666
44705
44865
44667
44706
44866
44668
44707
44867
44669
44708
44868
44670
44709
44869
44671
44710
44870
44672
44711
44871
44673
44712
44872
44674
44713
44873
44675
44714
44874
44676
44715
44875
44677
44716
44876
44678
44717
44877
44679
44718
44878
44719
44879
44681
44720
44880
44682
44721
44881
44683
44722
44882
44684
44723
44883
44685
44724
44884
44686
44725
44885
44687
44726
44886
44688
44727
44887
44689
44728
44888
44690
44729
44889
44691
44730
44890
44692
44731
44891
44693
44732
44892
44694
44733
44893
44695
44734
44894
44696
44735
44895
44697
44736
44896
44698
44737
44897
44699
44738
44898
44700
44739
44899
44701
44740
44900
44702
44741
44901
44703
44742
44902
44704
44743
44903
44705
44744
44904
44706
44745
44905
44707
44746
44906
44708
44747
44907
44709
44748
44908
44710
44749
44909
44711
44750
44910
44712
44751
44911
44713
44752
44912
44714
44753
44913
44715
44754
44914
44716
44755
44915
44717
44756
44916
44718
44757
44917
44719
44758
44918
44759
44919
44721
44760
44920
44722
44761
44921
44723
44762
44922
44724
44763
44923
44725
44764
44924
44726
44765
44925
44727
44766
44926
44728
44767
44927
44729
44768
44928
44730
44769
44929
44731
44770
44930
44732
44771
44931
44733
44772
44932
44734
44773
44933
44735
44774
44934
44736
44775
44935
44737
44776
44936
44738
44777
44937
44739
44778
44938
44740
44779
44939
44741
44780
44940
44742
44781
44941
44743
44782
44942
44744
44783
44943
44745
44784
44944
44746
44785
44945
44747
44786
44946
44748
44787
44947
44749
44788
44948
44750
44789
44949
44751
44790
44950
44752
44791
44951
44753
44792
44952
44754
44793
44953
44755
44794
44954
44756
44795
44955
44757
44796
44956
44758
44797
44957
44759
44798
44958
44799
44959
44761
44960
44762
44961
44763
44962
44764
44963
44765
44964
44766
44965
44767
44966
44768
44967
44769
44968
44770
44969
44771
44970
44772
44971
44773
44972
44774
44973
44775
44974
44776
44975
44777
44976
44778
44977
44779
44978
44780
44979
44781
44980
44782
44981
44783
44982
44784
44983
44785
44984
44786
44985
44787
44986
44788
44987
44789
44988
44790
44989
44791
44990
44792
44991
44793
44992
44794
44993
44795
44994
44796
44995
44797
44996
44798
44997
44799
44998
44999
44801
44840
45000
44802
44841
45001
44803
44842
45002
44804
44843
45003
44805
44844
45004
44806
44845
45005
44807
44846
45006
44808
44847
45007
44809
44848
45008
44810
44849
45009
44811
44850
45010
44812
44851
45011
44813
44852
45012
44814
44853
45013
44815
44854
45014
44816
44855
45015
44817
44856
45016
44818
44857
45017
44819
44858
45018
44820
44859
45019
44821
44860
45020
44822
44861
45021
44823
44862
45022
44824
44863
45023
44825
44864
45024
44826
44865
45025
44827
44866
45026
44828
44867
45027
44829
44868
45028
44830
44869
45029
44831
44870
45030
44832
44871
45031
44833
44872
45032
44834
44873
45033
44835
44874
45034
44836
44875
45035
44837
44876
45036
44838
44877
45037
44839
44878
45038
44879
45039
44841
44880
45040
44842
44881
45041
44843
44882
45042
44844
44883
45043
44845
44884
45044
44846
44885
45045
44847
44886
45046
44848
44887
45047
44849
44888
45048
44850
44889
45049
44851
44890
45050
44852
44891
45051
44853
44892
45052
44854
44893
45053
44855
44894
45054
44856
44895
45055
44857
44896
45056
44858
44897
45057
44859
44898
45058
44860
44899
45059
44861
44900
45060
44862
44901
45061
44863
44902
45062
44864
44903
45063
44865
44904
45064
44866
44905
45065
44867
44906
45066
44868
44907
45067
44869
44908
45068
44870
44909
45069
44871
44910
45070
44872
44911
45071
44873
44912
45072
44874
44913
45073
44875
44914
45074
44876
44915
45075
44877
44916
45076
44878
44917
45077
44879
44918
45078
44919
45079
44881
44920
45080
44882
44921
45081
44883
44922
45082
44884
44923
45083
44885
44924
45084
44886
44925
45085
44887
44926
45086
44888
44927
45087
44889
44928
45088
44890
44929
45089
44891
44930
45090
44892
44931
45091
44893
44932
45092
44894
44933
45093
44895
44934
45094
44896
44935
45095
44897
44936
45096
44898
44937
45097
44899
44938
45098
44900
44939
45099
44901
44940
45100
44902
44941
45101
44903
44942
45102
44904
44943
45103
44905
44944
45104
44906
44945
45105
44907
44946
45106
44908
44947
45107
44909
44948
45108
44910
44949
45109
44911
44950
45110
44912
44951
45111
44913
44952
45112
44914
44953
45113
44915
44954
45114
44916
44955
45115
44917
44956
45116
44918
44957
45117
44919
44958
45118
44959
45119
44921
44960
45120
44922
44961
45121
44923
44962
45122
44924
44963
45123
44925
44964
45124
44926
44965
45125
44927
44966
45126
44928
44967
45127
44929
44968
45128
44930
44969
45129
44931
44970
45130
44932
44971
45131
44933
44972
45132
44934
44973
45133
44935
44974
45134
44936
44975
45135
44937
44976
45136
44938
44977
45137
44939
44978
45138
44940
44979
45139
44941
44980
45140
44942
44981
45141
44943
44982
45142
44944
44983
45143
44945
44984
45144
44946
44985
45145
44947
44986
45146
44948
44987
45147
44949
44988
45148
44950
44989
45149
44951
44990
45150
44952
44991
45151
44953
44992
45152
44954
44993
45153
44955
44994
45154
44956
44995
45155
44957
44996
45156
44958
44997
45157
44959
44998
45158
44999
45159
44961
45160
44962
45161
44963
45162
44964
45163
44965
45164
44966
45165
44967
45166
44968
45167
44969
45168
44970
45169
44971
45170
44972
45171
44973
45172
44974
45173
44975
45174
44976
45175
44977
45176
44978
45177
44979
45178
44980
45179
44981
45180
44982
45181
44983
45182
44984
45183
44985
45184
44986
45185
44987
45186
44988
45187
44989
45188
44990
45189
44991
45190
44992
45191
44993
45192
44994
45193
44995
45194
44996
45195
44997
45196
44998
45197
44999
45198
45199
45001
45040
45200
45002
45041
45201
45003
45042
45202
45004
45043
45203
45005
45044
45204
45006
45045
45205
45007
45046
45206
45008
45047
45207
45009
45048
45208
45010
45049
45209
45011
45050
45210
45012
45051
45211
45013
45052
45212
45014
45053
45213
45015
45054
45214
45016
45055
45215
45017
45056
45216
45018
45057
45217
45019
45058
45218
45020
45059
45219
45021
45060
45220
45022
45061
45221
45023
45062
45222
45024
45063
45223
45025
45064
45224
45026
45065
45225
45027
45066
45226
45028
45067
45227
45029
45068
45228
45030
45069
45229
45031
45070
45230
45032
45071
45231
45033
45072
45232
45034
45073
45233
45035
45074
45234
45036
45075
45235
45037
45076
45236
45038
45077
45237
45039
45078
45238
45079
45239
45041
45080
45240
45042
45081
45241
45043
45082
45242
45044
45083
45243
45045
45084
45244
45046
45085
45245
45047
45086
45246
45048
45087
45247
45049
45088
45248
45050
45089
45249
45051
45090
45250
45052
45091
45251
45053
45092
45252
45054
45093
45253
45055
45094
45254
45056
45095
45255
45057
45096
45256
45058
45097
45257
45059
45098
45258
45060
45099
45259
45061
45100
45260
45062
45101
45261
45063
45102
45262
45064
45103
45263
45065
45104
45264
45066
45105
45265
45067
45106
45266
45068
45107
45267
45069
45108
45268
45070
45109
45269
45071
45110
45270
45072
45111
45271
45073
45112
45272
45074
45113
45273
45075
45114
45274
45076
45115
45275
45077
45116
45276
45078
45117
45277
45079
45118
45278
45119
45279
45081
45120
45280
45082
45121
45281
45083
45122
45282
45084
45123
45283
45085
45124
45284
45086
45125
45285
45087
45126
45286
45088
45127
45287
45089
45128
45288
45090
45129
45289
45091
45130
45290
45092
45131
45291
45093
45132
45292
45094
45133
45293
45095
45134
45294
45096
45135
45295
45097
45136
45296
45098
45137
45297
45099
45138
45298
45100
45139
45299
45101
45140
45300
45102
45141
45301
45103
45142
45302
45104
45143
45303
45105
45144
45304
45106
45145
45305
45107
45146
45306
45108
45147
45307
45109
45148
45308
45110
45149
45309
45111
45150
45310
45112
45151
45311
45113
45152
45312
45114
45153
45313
45115
45154
45314
45116
45155
45315
45117
45156
45316
45118
45157
45317
45119
45158
45318
45159
45319
45121
45160
45320
45122
45161
45321
45123
45162
45322
45124
45163
45323
45125
45164
45324
45126
45165
45325
45127
45166
45326
45128
45167
45327
45129
45168
45328
45130
45169
45329
45131
45170
45330
45132
45171
45331
45133
45172
45332
45134
45173
45333
45135
45174
45334
45136
45175
45335
45137
45176
45336
45138
45177
45337
45139
45178
45338
45140
45179
45339
45141
45180
45340
45142
45181
45341
45143
45182
45342
45144
45183
45343
45145
45184
45344
45146
45185
45345
45147
45186
45346
45148
45187
45347
45149
45188
45348
45150
45189
45349
45151
45190
45350
45152
45191
45351
45153
45192
45352
45154
45193
45353
45155
45194
45354
45156
45195
45355
45157
45196
45356
45158
45197
45357
45159
45198
45358
45199
45359
45161
45360
45162
45361
45163
45362
45164
45363
45165
45364
45166
45365
45167
45366
45168
45367
45169
45368
45170
45369
45171
45370
45172
45371
45173
45372
45174
45373
45175
45374
45176
45375
45177
45376
45178
45377
45179
45378
45180
45379
45181
45380
45182
45381
45183
45382
45184
45383
45185
45384
45186
45385
45187
45386
45188
45387
45189
45388
45190
45389
45191
45390
45192
45391
45193
45392
45194
45393
45195
45394
45196
45395
45197
45396
45198
45397
45199
45398
45399
45201
45240
45400
45202
45241
45401
45203
45242
45402
45204
45243
45403
45205
45244
45404
45206
45245
45405
45207
45246
45406
45208
45247
45407
45209
45248
45408
45210
45249
45409
45211
45250
45410
45212
45251
45411
45213
45252
45412
45214
45253
45413
45215
45254
45414
45216
45255
45415
45217
45256
45416
45218
45257
45417
45219
45258
45418
45220
45259
45419
45221
45260
45420
45222
45261
45421
45223
45262
45422
45224
45263
45423
45225
45264
45424
45226
45265
45425
45227
45266
45426
45228
45267
45427
45229
45268
45428
45230
45269
45429
45231
45270
45430
45232
45271
45431
45233
45272
45432
45234
45273
45433
45235
45274
45434
45236
45275
45435
45237
45276
45436
45238
45277
45437
45239
45278
45438
45279
45439
45241
45280
45440
45242
45281
45441
45243
45282
45442
45244
45283
45443
45245
45284
45444
45246
45285
45445
45247
45286
45446
45248
45287
45447
45249
45288
45448
45250
45289
45449
45251
45290
45450
45252
45291
45451
45253
45292
45452
45254
45293
45453
45255
45294
45454
45256
45295
45455
45257
45296
45456
45258
45297
45457
45259
45298
45458
45260
45299
45459
45261
45300
45460
45262
45301
45461
45263
45302
45462
45264
45303
45463
45265
45304
45464
45266
45305
45465
45267
45306
45466
45268
45307
45467
45269
45308
45468
45270
45309
45469
45271
45310
45470
45272
45311
45471
45273
45312
45472
45274
45313
45473
45275
45314
45474
45276
45315
45475
45277
45316
45476
45278
45317
45477
45279
45318
45478
45319
45479
45281
45320
45480
45282
45321
45481
45283
45322
45482
45284
45323
45483
45285
45324
45484
45286
45325
45485
45287
45326
45486
45288
45327
45487
45289
45328
45488
45290
45329
45489
45291
45330
45490
45292
45331
45491
45293
45332
45492
45294
45333
45493
45295
45334
45494
45296
45335
45495
45297
45336
45496
45298
45337
45497
45299
45338
45498
45300
45339
45499
45301
45340
45500
45302
45341
45501
45303
45342
45502
45304
45343
45503
45305
45344
45504
45306
45345
45505
45307
45346
45506
45308
45347
45507
45309
45348
45508
45310
45349
45509
45311
45350
45510
45312
45351
45511
45313
45352
45512
45314
45353
45513
45315
45354
45514
45316
45355
45515
45317
45356
45516
45318
45357
45517
45319
45358
45518
45359
45519
45321
45360
45520
45322
45361
45521
45323
45362
45522
45324
45363
45523
45325
45364
45524
45326
45365
45525
45327
45366
45526
45328
45367
45527
45329
45368
45528
45330
45369
45529
45331
45370
45530
45332
45371
45531
45333
45372
45532
45334
45373
45533
45335
45374
45534
45336
45375
45535
45337
45376
45536
45338
45377
45537
45339
45378
45538
45340
45379
45539
45341
45380
45540
45342
45381
45541
45343
45382
45542
45344
45383
45543
45345
45384
45544
45346
45385
45545
45347
45386
45546
45348
45387
45547
45349
45388
45548
45350
45389
45549
45351
45390
45550
45352
45391
45551
45353
45392
45552
45354
45393
45553
45355
45394
45554
45356
45395
45555
45357
45396
45556
45358
45397
45557
45359
45398
45558
45399
45559
45361
45560
45362
45561
45363
45562
45364
45563
45365
45564
45366
45565
45367
45566
45368
45567
45369
45568
45370
45569
45371
45570
45372
45571
45373
45572
45374
45573
45375
45574
45376
45575
45377
45576
45378
45577
45379
45578
45380
45579
45381
45580
45382
45581
45383
45582
45384
45583
45385
45584
45386
45585
45387
45586
45388
45587
45389
45588
45390
45589
45391
45590
45392
45591
45393
45592
45394
45593
45395
45594
45396
45595
45397
45596
45398
45597
45399
45598
45599
45401
45440
45600
45402
45441
45601
45403
45442
45602
45404
45443
45603
45405
45444
45604
45406
45445
45605
45407
45446
45606
45408
45447
45607
45409
45448
45608
45410
45449
45609
45411
45450
45610
45412
45451
45611
45413
45452
45612
45414
45453
45613
45415
45454
45614
45416
45455
45615
45417
45456
45616
45418
45457
45617
45419
45458
45618
45420
45459
45619
45421
45460
45620
45422
45461
45621
45423
45462
45622
45424
45463
45623
45425
45464
45624
45426
45465
45625
45427
45466
45626
45428
45467
45627
45429
45468
45628
45430
45469
45629
45431
45470
45630
45432
45471
45631
45433
45472
45632
45434
45473
45633
45435
45474
45634
45436
45475
45635
45437
45476
45636
45438
45477
45637
45439
45478
45638
45479
45639
45441
45480
45640
45442
45481
45641
45443
45482
45642
45444
45483
45643
45445
45484
45644
45446
45485
45645
45447
45486
45646
45448
45487
45647
45449
45488
45648
45450
45489
45649
45451
45490
45650
45452
45491
45651
45453
45492
45652
45454
45493
45653
45455
45494
45654
45456
45495
45655
45457
45496
45656
45458
45497
45657
45459
45498
45658
45460
45499
45659
45461
45500
45660
45462
45501
45661
45463
45502
45662
45464
45503
45663
45465
45504
45664
45466
45505
45665
45467
45506
45666
45468
45507
45667
45469
45508
45668
45470
45509
45669
45471
45510
45670
45472
45511
45671
45473
45512
45672
45474
45513
45673
45475
45514
45674
45476
45515
45675
45477
45516
45676
45478
45517
45677
45479
45518
45678
45519
45679
45481
45520
45680
45482
45521
45681
45483
45522
45682
45484
45523
45683
45485
45524
45684
45486
45525
45685
45487
45526
45686
45488
45527
45687
45489
45528
45688
45490
45529
45689
45491
45530
45690
45492
45531
45691
45493
45532
45692
45494
45533
45693
45495
45534
45694
45496
45535
45695
45497
45536
45696
45498
45537
45697
45499
45538
45698
45500
45539
45699
45501
45540
45700
45502
45541
45701
45503
45542
45702
45504
45543
45703
45505
45544
45704
45506
45545
45705
45507
45546
45706
45508
45547
45707
45509
45548
45708
45510
45549
45709
45511
45550
45710
45512
45551
45711
45513
45552
45712
45514
45553
45713
45515
45554
45714
45516
45555
45715
45517
45556
45716
45518
45557
45717
45519
45558
45718
45559
45719
45521
45560
45720
45522
45561
45721
45523
45562
45722
45524
45563
45723
45525
45564
45724
45526
45565
45725
45527
45566
45726
45528
45567
45727
45529
45568
45728
45530
45569
45729
45531
45570
45730
45532
45571
45731
45533
45572
45732
45534
45573
45733
45535
45574
45734
45536
45575
45735
45537
45576
45736
45538
45577
45737
45539
45578
45738
45540
45579
45739
45541
45580
45740
45542
45581
45741
45543
45582
45742
45544
45583
45743
45545
45584
45744
45546
45585
45745
45547
45586
45746
45548
45587
45747
45549
45588
45748
45550
45589
45749
45551
45590
45750
45552
45591
45751
45553
45592
45752
45554
45593
45753
45555
45594
45754
45556
45595
45755
45557
45596
45756
45558
45597
45757
45559
45598
45758
45599
45759
45561
45760
45562
45761
45563
45762
45564
45763
45565
45764
45566
45765
45567
45766
45568
45767
45569
45768
45570
45769
45571
45770
45572
45771
45573
45772
45574
45773
45575
45774
45576
45775
45577
45776
45578
45777
45579
45778
45580
45779
45581
45780
45582
45781
45583
45782
45584
45783
45585
45784
45586
45785
45587
45786
45588
45787
45589
45788
45590
45789
45591
45790
45592
45791
45593
45792
45594
45793
45595
45794
45596
45795
45597
45796
45598
45797
45599
45798
45799
45601
45640
45800
45602
45641
45801
45603
45642
45802
45604
45643
45803
45605
45644
45804
45606
45645
45805
45607
45646
45806
45608
45647
45807
45609
45648
45808
45610
45649
45809
45611
45650
45810
45612
45651
45811
45613
45652
45812
45614
45653
45813
45615
45654
45814
45616
45655
45815
45617
45656
45816
45618
45657
45817
45619
45658
45818
45620
45659
45819
45621
45660
45820
45622
45661
45821
45623
45662
45822
45624
45663
45823
45625
45664
45824
45626
45665
45825
45627
45666
45826
45628
45667
45827
45629
45668
45828
45630
45669
45829
45631
45670
45830
45632
45671
45831
45633
45672
45832
45634
45673
45833
45635
45674
45834
45636
45675
45835
45637
45676
45836
45638
45677
45837
45639
45678
45838
45679
45839
45641
45680
45840
45642
45681
45841
45643
45682
45842
45644
45683
45843
45645
45684
45844
45646
45685
45845
45647
45686
45846
45648
45687
45847
45649
45688
45848
45650
45689
45849
45651
45690
45850
45652
45691
45851
45653
45692
45852
45654
45693
45853
45655
45694
45854
45656
45695
45855
45657
45696
45856
45658
45697
45857
45659
45698
45858
45660
45699
45859
45661
45700
45860
45662
45701
45861
45663
45702
45862
45664
45703
45863
45665
45704
45864
45666
45705
45865
45667
45706
45866
45668
45707
45867
45669
45708
45868
45670
45709
45869
45671
45710
45870
45672
45711
45871
45673
45712
45872
45674
45713
45873
45675
45714
45874
45676
45715
45875
45677
45716
45876
45678
45717
45877
45679
45718
45878
45719
45879
45681
45720
45880
45682
45721
45881
45683
45722
45882
45684
45723
45883
45685
45724
45884
45686
45725
45885
45687
45726
45886
45688
45727
45887
45689
45728
45888
45690
45729
45889
45691
45730
45890
45692
45731
45891
45693
45732
45892
45694
45733
45893
45695
45734
45894
45696
45735
45895
45697
45736
45896
45698
45737
45897
45699
45738
45898
45700
45739
45899
45701
45740
45900
45702
45741
45901
45703
45742
45902
45704
45743
45903
45705
45744
45904
45706
45745
45905
45707
45746
45906
45708
45747
45907
45709
45748
45908
45710
45749
45909
45711
45750
45910
45712
45751
45911
45713
45752
45912
45714
45753
45913
45715
45754
45914
45716
45755
45915
45717
45756
45916
45718
45757
45917
45719
45758
45918
45759
45919
45721
45760
45920
45722
45761
45921
45723
45762
45922
45724
45763
45923
45725
45764
45924
45726
45765
45925
45727
45766
45926
45728
45767
45927
45729
45768
45928
45730
45769
45929
45731
45770
45930
45732
45771
45931
45733
45772
45932
45734
45773
45933
45735
45774
45934
45736
45775
45935
45737
45776
45936
45738
45777
45937
45739
45778
45938
45740
45779
45939
45741
45780
45940
45742
45781
45941
45743
45782
45942
45744
45783
45943
45745
45784
45944
45746
45785
45945
45747
45786
45946
45748
45787
45947
45749
45788
45948
45750
45789
45949
45751
45790
45950
45752
45791
45951
45753
45792
45952
45754
45793
45953
45755
45794
45954
45756
45795
45955
45757
45796
45956
45758
45797
45957
45759
45798
45958
45799
45959
45761
45960
45762
45961
45763
45962
45764
45963
45765
45964
45766
45965
45767
45966
45768
45967
45769
45968
45770
45969
45771
45970
45772
45971
45773
45972
45774
45973
45775
45974
45776
45975
45777
45976
45778
45977
45779
45978
45780
45979
45781
45980
45782
45981
45783
45982
45784
45983
45785
45984
45786
45985
45787
45986
45788
45987
45789
45988
45790
45989
45791
45990
45792
45991
45793
45992
45794
45993
45795
45994
45796
45995
45797
45996
45798
45997
45799
45998
45999
45801
45840
46000
45802
45841
46001
45803
45842
46002
45804
45843
46003
45805
45844
46004
45806
45845
46005
45807
45846
46006
45808
45847
46007
45809
45848
46008
45810
45849
46009
45811
45850
46010
45812
45851
46011
45813
45852
46012
45814
45853
46013
45815
45854
46014
45816
45855
46015
45817
45856
46016
45818
45857
46017
45819
45858
46018
45820
45859
46019
45821
45860
46020
45822
45861
46021
45823
45862
46022
45824
45863
46023
45825
45864
46024
45826
45865
46025
45827
45866
46026
45828
45867
46027
45829
45868
46028
45830
45869
46029
45831
45870
46030
45832
45871
46031
45833
45872
46032
45834
45873
46033
45835
45874
46034
45836
45875
46035
45837
45876
46036
45838
45877
46037
45839
45878
46038
45879
46039
45841
45880
46040
45842
45881
46041
45843
45882
46042
45844
45883
46043
45845
45884
46044
45846
45885
46045
45847
45886
46046
45848
45887
46047
45849
45888
46048
45850
45889
46049
45851
45890
46050
45852
45891
46051
45853
45892
46052
45854
45893
46053
45855
45894
46054
45856
45895
46055
45857
45896
46056
45858
45897
46057
45859
45898
46058
45860
45899
46059
45861
45900
46060
45862
45901
46061
45863
45902
46062
45864
45903
46063
45865
45904
46064
45866
45905
46065
45867
45906
46066
45868
45907
46067
45869
45908
46068
45870
45909
46069
45871
45910
46070
45872
45911
46071
45873
45912
46072
45874
45913
46073
45875
45914
46074
45876
45915
46075
45877
45916
46076
45878
45917
46077
45879
45918
46078
45919
46079
45881
45920
46080
45882
45921
46081
45883
45922
46082
45884
45923
46083
45885
45924
46084
45886
45925
46085
45887
45926
46086
45888
45927
46087
45889
45928
46088
45890
45929
46089
45891
45930
46090
45892
45931
46091
45893
45932
46092
45894
45933
46093
45895
45934
46094
45896
45935
46095
45897
45936
46096
45898
45937
46097
45899
45938
46098
45900
45939
46099
45901
45940
46100
45902
45941
46101
45903
45942
46102
45904
45943
46103
45905
45944
46104
45906
45945
46105
45907
45946
46106
45908
45947
46107
45909
45948
46108
45910
45949
46109
45911
45950
46110
45912
45951
46111
45913
45952
46112
45914
45953
46113
45915
45954
46114
45916
45955
46115
45917
45956
46116
45918
45957
46117
45919
45958
46118
45959
46119
45921
45960
46120
45922
45961
46121
45923
45962
46122
45924
45963
46123
45925
45964
46124
45926
45965
46125
45927
45966
46126
45928
45967
46127
45929
45968
46128
45930
45969
46129
45931
45970
46130
45932
45971
46131
45933
45972
46132
45934
45973
46133
45935
45974
46134
45936
45975
46135
45937
45976
46136
45938
45977
46137
45939
45978
46138
45940
45979
46139
45941
45980
46140
45942
45981
46141
45943
45982
46142
45944
45983
46143
45945
45984
46144
45946
45985
46145
45947
45986
46146
45948
45987
46147
45949
45988
46148
45950
45989
46149
45951
45990
46150
45952
45991
46151
45953
45992
46152
45954
45993
46153
45955
45994
46154
45956
45995
46155
45957
45996
46156
45958
45997
46157
45959
45998
46158
45999
46159
45961
46160
45962
46161
45963
46162
45964
46163
45965
46164
45966
46165
45967
46166
45968
46167
45969
46168
45970
46169
45971
46170
45972
46171
45973
46172
45974
46173
45975
46174
45976
46175
45977
46176
45978
46177
45979
46178
45980
46179
45981
46180
45982
46181
45983
46182
45984
46183
45985
46184
45986
46185
45987
46186
45988
46187
45989
46188
45990
46189
45991
46190
45992
46191
45993
46192
45994
46193
45995
46194
45996
46195
45997
46196
45998
46197
45999
46198
46199
46001
46040
46200
46002
46041
46201
46003
46042
46202
46004
46043
46203
46005
46044
46204
46006
46045
46205
46007
46046
46206
46008
46047
46207
46009
46048
46208
46010
46049
46209
46011
46050
46210
46012
46051
46211
46013
46052
46212
46014
46053
46213
46015
46054
46214
46016
46055
46215
46017
46056
46216
46018
46057
46217
46019
46058
46218
46020
46059
46219
46021
46060
46220
46022
46061
46221
46023
46062
46222
46024
46063
46223
46025
46064
46224
46026
46065
46225
46027
46066
46226
46028
46067
46227
46029
46068
46228
46030
46069
46229
46031
46070
46230
46032
46071
46231
46033
46072
46232
46034
46073
46233
46035
46074
46234
46036
46075
46235
46037
46076
46236
46038
46077
46237
46039
46078
46238
46079
46239
46041
46080
46240
46042
46081
46241
46043
46082
46242
46044
46083
46243
46045
46084
46244
46046
46085
46245
46047
46086
46246
46048
46087
46247
46049
46088
46248
46050
46089
46249
46051
46090
46250
46052
46091
46251
46053
46092
46252
46054
46093
46253
46055
46094
46254
46056
46095
46255
46057
46096
46256
46058
46097
46257
46059
46098
46258
46060
46099
46259
46061
46100
46260
46062
46101
46261
46063
46102
46262
46064
46103
46263
46065
46104
46264
46066
46105
46265
46067
46106
46266
46068
46107
46267
46069
46108
46268
46070
46109
46269
46071
46110
46270
46072
46111
46271
46073
46112
46272
46074
46113
46273
46075
46114
46274
46076
46115
46275
46077
46116
46276
46078
46117
46277
46079
46118
46278
46119
46279
46081
46120
46280
46082
46121
46281
46083
46122
46282
46084
46123
46283
46085
46124
46284
46086
46125
46285
46087
46126
46286
46088
46127
46287
46089
46128
46288
46090
46129
46289
46091
46130
46290
46092
46131
46291
46093
46132
46292
46094
46133
46293
46095
46134
46294
46096
46135
46295
46097
46136
46296
46098
46137
46297
46099
46138
46298
46100
46139
46299
46101
46140
46300
46102
46141
46301
46103
46142
46302
46104
46143
46303
46105
46144
46304
46106
46145
46305
46107
46146
46306
46108
46147
46307
46109
46148
46308
46110
46149
46309
46111
46150
46310
46112
46151
46311
46113
46152
46312
46114
46153
46313
46115
46154
46314
46116
46155
46315
46117
46156
46316
46118
46157
46317
46119
46158
46318
46159
46319
46121
46160
46320
46122
46161
46321
46123
46162
46322
46124
46163
46323
46125
46164
46324
46126
46165
46325
46127
46166
46326
46128
46167
46327
46129
46168
46328
46130
46169
46329
46131
46170
46330
46132
46171
46331
46133
46172
46332
46134
46173
46333
46135
46174
46334
46136
46175
46335
46137
46176
46336
46138
46177
46337
46139
46178
46338
46140
46179
46339
46141
46180
46340
46142
46181
46341
46143
46182
46342
46144
46183
46343
46145
46184
46344
46146
46185
46345
46147
46186
46346
46148
46187
46347
46149
46188
46348
46150
46189
46349
46151
46190
46350
46152
46191
46351
46153
46192
46352
46154
46193
46353
46155
46194
46354
46156
46195
46355
46157
46196
46356
46158
46197
46357
46159
46198
46358
46199
46359
46161
46360
46162
46361
46163
46362
46164
46363
46165
46364
46166
46365
46167
46366
46168
46367
46169
46368
46170
46369
46171
46370
46172
46371
46173
46372
46174
46373
46175
46374
46176
46375
46177
46376
46178
46377
46179
46378
46180
46379
46181
46380
46182
46381
46183
46382
46184
46383
46185
46384
46186
46385
46187
46386
46188
46387
46189
46388
46190
46389
46191
46390
46192
46391
46193
46392
46194
46393
46195
46394
46196
46395
46197
46396
46198
46397
46199
46398
46399
46201
46240
46400
46202
46241
46401
46203
46242
46402
46204
46243
46403
46205
46244
46404
46206
46245
46405
46207
46246
46406
46208
46247
46407
46209
46248
46408
46210
46249
46409
46211
46250
46410
46212
46251
46411
46213
46252
46412
46214
46253
46413
46215
46254
46414
46216
46255
46415
46217
46256
46416
46218
46257
46417
46219
46258
46418
46220
46259
46419
46221
46260
46420
46222
46261
46421
46223
46262
46422
46224
46263
46423
46225
46264
46424
46226
46265
46425
46227
46266
46426
46228
46267
46427
46229
46268
46428
46230
46269
46429
46231
46270
46430
46232
46271
46431
46233
46272
46432
46234
46273
46433
46235
46274
46434
46236
46275
46435
46237
46276
46436
46238
46277
46437
46239
46278
46438
46279
46439
46241
46280
46440
46242
46281
46441
46243
46282
46442
46244
46283
46443
46245
46284
46444
46246
46285
46445
46247
46286
46446
46248
46287
46447
46249
46288
46448
46250
46289
46449
46251
46290
46450
46252
46291
46451
46253
46292
46452
46254
46293
46453
46255
46294
46454
46256
46295
46455
46257
46296
46456
46258
46297
46457
46259
46298
46458
46260
46299
46459
46261
46300
46460
46262
46301
46461
46263
46302
46462
46264
46303
46463
46265
46304
46464
46266
46305
46465
46267
46306
46466
46268
46307
46467
46269
46308
46468
46270
46309
46469
46271
46310
46470
46272
46311
46471
46273
46312
46472
46274
46313
46473
46275
46314
46474
46276
46315
46475
46277
46316
46476
46278
46317
46477
46279
46318
46478
46319
46479
46281
46320
46480
46282
46321
46481
46283
46322
46482
46284
46323
46483
46285
46324
46484
46286
46325
46485
46287
46326
46486
46288
46327
46487
46289
46328
46488
46290
46329
46489
46291
46330
46490
46292
46331
46491
46293
46332
46492
46294
46333
46493
46295
46334
46494
46296
46335
46495
46297
46336
46496
46298
46337
46497
46299
46338
46498
46300
46339
46499
46301
46340
46500
46302
46341
46501
46303
46342
46502
46304
46343
46503
46305
46344
46504
46306
46345
46505
46307
46346
46506
46308
46347
46507
46309
46348
46508
46310
46349
46509
46311
46350
46510
46312
46351
46511
46313
46352
46512
46314
46353
46513
46315
46354
46514
46316
46355
46515
46317
46356
46516
46318
46357
46517
46319
46358
46518
46359
46519
46321
46360
46520
46322
46361
46521
46323
46362
46522
46324
46363
46523
46325
46364
46524
46326
46365
46525
46327
46366
46526
46328
46367
46527
46329
46368
46528
46330
46369
46529
46331
46370
46530
46332
46371
46531
46333
46372
46532
46334
46373
46533
46335
46374
46534
46336
46375
46535
46337
46376
46536
46338
46377
46537
46339
46378
46538
46340
46379
46539
46341
46380
46540
46342
46381
46541
46343
46382
46542
46344
46383
46543
46345
46384
46544
46346
46385
46545
46347
46386
46546
46348
46387
46547
46349
46388
46548
46350
46389
46549
46351
46390
46550
46352
46391
46551
46353
46392
46552
46354
46393
46553
46355
46394
46554
46356
46395
46555
46357
46396
46556
46358
46397
46557
46359
46398
46558
46399
46559
46361
46560
46362
46561
46363
46562
46364
46563
46365
46564
46366
46565
46367
46566
46368
46567
46369
46568
46370
46569
46371
46570
46372
46571
46373
46572
46374
46573
46375
46574
46376
46575
46377
46576
46378
46577
46379
46578
46380
46579
46381
46580
46382
46581
46383
46582
46384
46583
46385
46584
46386
46585
46387
46586
46388
46587
46389
46588
46390
46589
46391
46590
46392
46591
46393
46592
46394
46593
46395
46594
46396
46595
46397
46596
46398
46597
46399
46598
46599
46401
46440
46600
46402
46441
46601
46403
46442
46602
46404
46443
46603
46405
46444
46604
46406
46445
46605
46407
46446
46606
46408
46447
46607
46409
46448
46608
46410
46449
46609
46411
46450
46610
46412
46451
46611
46413
46452
46612
46414
46453
46613
46415
46454
46614
46416
46455
46615
46417
46456
46616
46418
46457
46617
46419
46458
46618
46420
46459
46619
46421
46460
46620
46422
46461
46621
46423
46462
46622
46424
46463
46623
46425
46464
46624
46426
46465
46625
46427
46466
46626
46428
46467
46627
46429
46468
46628
46430
46469
46629
46431
46470
46630
46432
46471
46631
46433
46472
46632
46434
46473
46633
46435
46474
46634
46436
46475
46635
46437
46476
46636
46438
46477
46637
46439
46478
46638
46479
46639
46441
46480
46640
46442
46481
46641
46443
46482
46642
46444
46483
46643
46445
46484
46644
46446
46485
46645
46447
46486
46646
46448
46487
46647
46449
46488
46648
46450
46489
46649
46451
46490
46650
46452
46491
46651
46453
46492
46652
46454
46493
46653
46455
46494
46654
46456
46495
46655
46457
46496
46656
46458
46497
46657
46459
46498
46658
46460
46499
46659
46461
46500
46660
46462
46501
46661
46463
46502
46662
46464
46503
46663
46465
46504
46664
46466
46505
46665
46467
46506
46666
46468
46507
46667
46469
46508
46668
46470
46509
46669
46471
46510
46670
46472
46511
46671
46473
46512
46672
46474
46513
46673
46475
46514
46674
46476
46515
46675
46477
46516
46676
46478
46517
46677
46479
46518
46678
46519
46679
46481
46520
46680
46482
46521
46681
46483
46522
46682
46484
46523
46683
46485
46524
46684
46486
46525
46685
46487
46526
46686
46488
46527
46687
46489
46528
46688
46490
46529
46689
46491
46530
46690
46492
46531
46691
46493
46532
46692
46494
46533
46693
46495
46534
46694
46496
46535
46695
46497
46536
46696
46498
46537
46697
46499
46538
46698
46500
46539
46699
46501
46540
46700
46502
46541
46701
46503
46542
46702
46504
46543
46703
46505
46544
46704
46506
46545
46705
46507
46546
46706
46508
46547
46707
46509
46548
46708
46510
46549
46709
46511
46550
46710
46512
46551
46711
46513
46552
46712
46514
46553
46713
46515
46554
46714
46516
46555
46715
46517
46556
46716
46518
46557
46717
46519
46558
46718
46559
46719
46521
46560
46720
46522
46561
46721
46523
46562
46722
46524
46563
46723
46525
46564
46724
46526
46565
46725
46527
46566
46726
46528
46567
46727
46529
46568
46728
46530
46569
46729
46531
46570
46730
46532
46571
46731
46533
46572
46732
46534
46573
46733
46535
46574
46734
46536
46575
46735
46537
46576
46736
46538
46577
46737
46539
46578
46738
46540
46579
46739
46541
46580
46740
46542
46581
46741
46543
46582
46742
46544
46583
46743
46545
46584
46744
46546
46585
46745
46547
46586
46746
46548
46587
46747
46549
46588
46748
46550
46589
46749
46551
46590
46750
46552
46591
46751
46553
46592
46752
46554
46593
46753
46555
46594
46754
46556
46595
46755
46557
46596
46756
46558
46597
46757
46559
46598
46758
46599
46759
46561
46760
46562
46761
46563
46762
46564
46763
46565
46764
46566
46765
46567
46766
46568
46767
46569
46768
46570
46769
46571
46770
46572
46771
46573
46772
46574
46773
46575
46774
46576
46775
46577
46776
46578
46777
46579
46778
46580
46779
46581
46780
46582
46781
46583
46782
46584
46783
46585
46784
46586
46785
46587
46786
46588
46787
46589
46788
46590
46789
46591
46790
46592
46791
46593
46792
46594
46793
46595
46794
46596
46795
46597
46796
46598
46797
46599
46798
46799
46601
46640
46800
46602
46641
46801
46603
46642
46802
46604
46643
46803
46605
46644
46804
46606
46645
46805
46607
46646
46806
46608
46647
46807
46609
46648
46808
46610
46649
46809
46611
46650
46810
46612
46651
46811
46613
46652
46812
46614
46653
46813
46615
46654
46814
46616
46655
46815
46617
46656
46816
46618
46657
46817
46619
46658
46818
46620
46659
46819
46621
46660
46820
46622
46661
46821
46623
46662
46822
46624
46663
46823
46625
46664
46824
46626
46665
46825
46627
46666
46826
46628
46667
46827
46629
46668
46828
46630
46669
46829
46631
46670
46830
46632
46671
46831
46633
46672
46832
46634
46673
46833
46635
46674
46834
46636
46675
46835
46637
46676
46836
46638
46677
46837
46639
46678
46838
46679
46839
46641
46680
46840
46642
46681
46841
46643
46682
46842
46644
46683
46843
46645
46684
46844
46646
46685
46845
46647
46686
46846
46648
46687
46847
46649
46688
46848
46650
46689
46849
46651
46690
46850
46652
46691
46851
46653
46692
46852
46654
46693
46853
46655
46694
46854
46656
46695
46855
46657
46696
46856
46658
46697
46857
46659
46698
46858
46660
46699
46859
46661
46700
46860
46662
46701
46861
46663
46702
46862
46664
46703
46863
46665
46704
46864
46666
46705
46865
46667
46706
46866
46668
46707
46867
46669
46708
46868
46670
46709
46869
46671
46710
46870
46672
46711
46871
46673
46712
46872
46674
46713
46873
46675
46714
46874
46676
46715
46875
46677
46716
46876
46678
46717
46877
46679
46718
46878
46719
46879
46681
46720
46880
46682
46721
46881
46683
46722
46882
46684
46723
46883
46685
46724
46884
46686
46725
46885
46687
46726
46886
46688
46727
46887
46689
46728
46888
46690
46729
46889
46691
46730
46890
46692
46731
46891
46693
46732
46892
46694
46733
46893
46695
46734
46894
46696
46735
46895
46697
46736
46896
46698
46737
46897
46699
46738
46898
46700
46739
46899
46701
46740
46900
46702
46741
46901
46703
46742
46902
46704
46743
46903
46705
46744
46904
46706
46745
46905
46707
46746
46906
46708
46747
46907
46709
46748
46908
46710
46749
46909
46711
46750
46910
46712
46751
46911
46713
46752
46912
46714
46753
46913
46715
46754
46914
46716
46755
46915
46717
46756
46916
46718
46757
46917
46719
46758
46918
46759
46919
46721
46760
46920
46722
46761
46921
46723
46762
46922
46724
46763
46923
46725
46764
46924
46726
46765
46925
46727
46766
46926
46728
46767
46927
46729
46768
46928
46730
46769
46929
46731
46770
46930
46732
46771
46931
46733
46772
46932
46734
46773
46933
46735
46774
46934
46736
46775
46935
46737
46776
46936
46738
46777
46937
46739
46778
46938
46740
46779
46939
46741
46780
46940
46742
46781
46941
46743
46782
46942
46744
46783
46943
46745
46784
46944
46746
46785
46945
46747
46786
46946
46748
46787
46947
46749
46788
46948
46750
46789
46949
46751
46790
46950
46752
46791
46951
46753
46792
46952
46754
46793
46953
46755
46794
46954
46756
46795
46955
46757
46796
46956
46758
46797
46957
46759
46798
46958
46799
46959
46761
46960
46762
46961
46763
46962
46764
46963
46765
46964
46766
46965
46767
46966
46768
46967
46769
46968
46770
46969
46771
46970
46772
46971
46773
46972
46774
46973
46775
46974
46776
46975
46777
46976
46778
46977
46779
46978
46780
46979
46781
46980
46782
46981
46783
46982
46784
46983
46785
46984
46786
46985
46787
46986
46788
46987
46789
46988
46790
46989
46791
46990
46792
46991
46793
46992
46794
46993
46795
46994
46796
46995
46797
46996
46798
46997
46799
46998
46999
46801
46840
47000
46802
46841
47001
46803
46842
47002
46804
46843
47003
46805
46844
47004
46806
46845
47005
46807
46846
47006
46808
46847
47007
46809
46848
47008
46810
46849
47009
46811
46850
47010
46812
46851
47011
46813
46852
47012
46814
46853
47013
46815
46854
47014
46816
46855
47015
46817
46856
47016
46818
46857
47017
46819
46858
47018
46820
46859
47019
46821
46860
47020
46822
46861
47021
46823
46862
47022
46824
46863
47023
46825
46864
47024
46826
46865
47025
46827
46866
47026
46828
46867
47027
46829
46868
47028
46830
46869
47029
46831
46870
47030
46832
46871
47031
46833
46872
47032
46834
46873
47033
46835
46874
47034
46836
46875
47035
46837
46876
47036
46838
46877
47037
46839
46878
47038
46879
47039
46841
46880
47040
46842
46881
47041
46843
46882
47042
46844
46883
47043
46845
46884
47044
46846
46885
47045
46847
46886
47046
46848
46887
47047
46849
46888
47048
46850
46889
47049
46851
46890
47050
46852
46891
47051
46853
46892
47052
46854
46893
47053
46855
46894
47054
46856
46895
47055
46857
46896
47056
46858
46897
47057
46859
46898
47058
46860
46899
47059
46861
46900
47060
46862
46901
47061
46863
46902
47062
46864
46903
47063
46865
46904
47064
46866
46905
47065
46867
46906
47066
46868
46907
47067
46869
46908
47068
46870
46909
47069
46871
46910
47070
46872
46911
47071
46873
46912
47072
46874
46913
47073
46875
46914
47074
46876
46915
47075
46877
46916
47076
46878
46917
47077
46879
46918
47078
46919
47079
46881
46920
47080
46882
46921
47081
46883
46922
47082
46884
46923
47083
46885
46924
47084
46886
46925
47085
46887
46926
47086
46888
46927
47087
46889
46928
47088
46890
46929
47089
46891
46930
47090
46892
46931
47091
46893
46932
47092
46894
46933
47093
46895
46934
47094
46896
46935
47095
46897
46936
47096
46898
46937
47097
46899
46938
47098
46900
46939
47099
46901
46940
47100
46902
46941
47101
46903
46942
47102
46904
46943
47103
46905
46944
47104
46906
46945
47105
46907
46946
47106
46908
46947
47107
46909
46948
47108
46910
46949
47109
46911
46950
47110
46912
46951
47111
46913
46952
47112
46914
46953
47113
46915
46954
47114
46916
46955
47115
46917
46956
47116
46918
46957
47117
46919
46958
47118
46959
47119
46921
46960
47120
46922
46961
47121
46923
46962
47122
46924
46963
47123
46925
46964
47124
46926
46965
47125
46927
46966
47126
46928
46967
47127
46929
46968
47128
46930
46969
47129
46931
46970
47130
46932
46971
47131
46933
46972
47132
46934
46973
47133
46935
46974
47134
46936
46975
47135
46937
46976
47136
46938
46977
47137
46939
46978
47138
46940
46979
47139
46941
46980
47140
46942
46981
47141
46943
46982
47142
46944
46983
47143
46945
46984
47144
46946
46985
47145
46947
46986
47146
46948
46987
47147
46949
46988
47148
46950
46989
47149
46951
46990
47150
46952
46991
47151
46953
46992
47152
46954
46993
47153
46955
46994
47154
46956
46995
47155
46957
46996
47156
46958
46997
47157
46959
46998
47158
46999
47159
46961
47160
46962
47161
46963
47162
46964
47163
46965
47164
46966
47165
46967
47166
46968
47167
46969
47168
46970
47169
46971
47170
46972
47171
46973
47172
46974
47173
46975
47174
46976
47175
46977
47176
46978
47177
46979
47178
46980
47179
46981
47180
46982
47181
46983
47182
46984
47183
46985
47184
46986
47185
46987
47186
46988
47187
46989
47188
46990
47189
46991
47190
46992
47191
46993
47192
46994
47193
46995
47194
46996
47195
46997
47196
46998
47197
46999
47198
47199
47001
47040
47200
47002
47041
47201
47003
47042
47202
47004
47043
47203
47005
47044
47204
47006
47045
47205
47007
47046
47206
47008
47047
47207
47009
47048
47208
47010
47049
47209
47011
47050
47210
47012
47051
47211
47013
47052
47212
47014
47053
47213
47015
47054
47214
47016
47055
47215
47017
47056
47216
47018
47057
47217
47019
47058
47218
47020
47059
47219
47021
47060
47220
47022
47061
47221
47023
47062
47222
47024
47063
47223
47025
47064
47224
47026
47065
47225
47027
47066
47226
47028
47067
47227
47029
47068
47228
47030
47069
47229
47031
47070
47230
47032
47071
47231
47033
47072
47232
47034
47073
47233
47035
47074
47234
47036
47075
47235
47037
47076
47236
47038
47077
47237
47039
47078
47238
47079
47239
47041
47080
47240
47042
47081
47241
47043
47082
47242
47044
47083
47243
47045
47084
47244
47046
47085
47245
47047
47086
47246
47048
47087
47247
47049
47088
47248
47050
47089
47249
47051
47090
47250
47052
47091
47251
47053
47092
47252
47054
47093
47253
47055
47094
47254
47056
47095
47255
47057
47096
47256
47058
47097
47257
47059
47098
47258
47060
47099
47259
47061
47100
47260
47062
47101
47261
47063
47102
47262
47064
47103
47263
47065
47104
47264
47066
47105
47265
47067
47106
47266
47068
47107
47267
47069
47108
47268
47070
47109
47269
47071
47110
47270
47072
47111
47271
47073
47112
47272
47074
47113
47273
47075
47114
47274
47076
47115
47275
47077
47116
47276
47078
47117
47277
47079
47118
47278
47119
47279
47081
47120
47280
47082
47121
47281
47083
47122
47282
47084
47123
47283
47085
47124
47284
47086
47125
47285
47087
47126
47286
47088
47127
47287
47089
47128
47288
47090
47129
47289
47091
47130
47290
47092
47131
47291
47093
47132
47292
47094
47133
47293
47095
47134
47294
47096
47135
47295
47097
47136
47296
47098
47137
47297
47099
47138
47298
47100
47139
47299
47101
47140
47300
47102
47141
47301
47103
47142
47302
47104
47143
47303
47105
47144
47304
47106
47145
47305
47107
47146
47306
47108
47147
47307
47109
47148
47308
47110
47149
47309
47111
47150
47310
47112
47151
47311
47113
47152
47312
47114
47153
47313
47115
47154
47314
47116
47155
47315
47117
47156
47316
47118
47157
47317
47119
47158
47318
47159
47319
47121
47160
47320
47122
47161
47321
47123
47162
47322
47124
47163
47323
47125
47164
47324
47126
47165
47325
47127
47166
47326
47128
47167
47327
47129
47168
47328
47130
47169
47329
47131
47170
47330
47132
47171
47331
47133
47172
47332
47134
47173
47333
47135
47174
47334
47136
47175
47335
47137
47176
47336
47138
47177
47337
47139
47178
47338
47140
47179
47339
47141
47180
47340
47142
47181
47341
47143
47182
47342
47144
47183
47343
47145
47184
47344
47146
47185
47345
47147
47186
47346
47148
47187
47347
47149
47188
47348
47150
47189
47349
47151
47190
47350
47152
47191
47351
47153
47192
47352
47154
47193
47353
47155
47194
47354
47156
47195
47355
47157
47196
47356
47158
47197
47357
47159
47198
47358
47199
47359
47161
47360
47162
47361
47163
47362
47164
47363
47165
47364
47166
47365
47167
47366
47168
47367
47169
47368
47170
47369
47171
47370
47172
47371
47173
47372
47174
47373
47175
47374
47176
47375
47177
47376
47178
47377
47179
47378
47180
47379
47181
47380
47182
47381
47183
47382
47184
47383
47185
47384
47186
47385
47187
47386
47188
47387
47189
47388
47190
47389
47191
47390
47192
47391
47193
47392
47194
47393
47195
47394
47196
47395
47197
47396
47198
47397
47199
47398
47399
47201
47240
47400
47202
47241
47401
47203
47242
47402
47204
47243
47403
47205
47244
47404
47206
47245
47405
47207
47246
47406
47208
47247
47407
47209
47248
47408
47210
47249
47409
47211
47250
47410
47212
47251
47411
47213
47252
47412
47214
47253
47413
47215
47254
47414
47216
47255
47415
47217
47256
47416
47218
47257
47417
47219
47258
47418
47220
47259
47419
47221
47260
47420
47222
47261
47421
47223
47262
47422
47224
47263
47423
47225
47264
47424
47226
47265
47425
47227
47266
47426
47228
47267
47427
47229
47268
47428
47230
47269
47429
47231
47270
47430
47232
47271
47431
47233
47272
47432
47234
47273
47433
47235
47274
47434
47236
47275
47435
47237
47276
47436
47238
47277
47437
47239
47278
47438
47279
47439
47241
47280
47440
47242
47281
47441
47243
47282
47442
47244
47283
47443
47245
47284
47444
47246
47285
47445
47247
47286
47446
47248
47287
47447
47249
47288
47448
47250
47289
47449
47251
47290
47450
47252
47291
47451
47253
47292
47452
47254
47293
47453
47255
47294
47454
47256
47295
47455
47257
47296
47456
47258
47297
47457
47259
47298
47458
47260
47299
47459
47261
47300
47460
47262
47301
47461
47263
47302
47462
47264
47303
47463
47265
47304
47464
47266
47305
47465
47267
47306
47466
47268
47307
47467
47269
47308
47468
47270
47309
47469
47271
47310
47470
47272
47311
47471
47273
47312
47472
47274
47313
47473
47275
47314
47474
47276
47315
47475
47277
47316
47476
47278
47317
47477
47279
47318
47478
47319
47479
47281
47320
47480
47282
47321
47481
47283
47322
47482
47284
47323
47483
47285
47324
47484
47286
47325
47485
47287
47326
47486
47288
47327
47487
47289
47328
47488
47290
47329
47489
47291
47330
47490
47292
47331
47491
47293
47332
47492
47294
47333
47493
47295
47334
47494
47296
47335
47495
47297
47336
47496
47298
47337
47497
47299
47338
47498
47300
47339
47499
47301
47340
47500
47302
47341
47501
47303
47342
47502
47304
47343
47503
47305
47344
47504
47306
47345
47505
47307
47346
47506
47308
47347
47507
47309
47348
47508
47310
47349
47509
47311
47350
47510
47312
47351
47511
47313
47352
47512
47314
47353
47513
47315
47354
47514
47316
47355
47515
47317
47356
47516
47318
47357
47517
47319
47358
47518
47359
47519
47321
47360
47520
47322
47361
47521
47323
47362
47522
47324
47363
47523
47325
47364
47524
47326
47365
47525
47327
47366
47526
47328
47367
47527
47329
47368
47528
47330
47369
47529
47331
47370
47530
47332
47371
47531
47333
47372
47532
47334
47373
47533
47335
47374
47534
47336
47375
47535
47337
47376
47536
47338
47377
47537
47339
47378
47538
47340
47379
47539
47341
47380
47540
47342
47381
47541
47343
47382
47542
47344
47383
47543
47345
47384
47544
47346
47385
47545
47347
47386
47546
47348
47387
47547
47349
47388
47548
47350
47389
47549
47351
47390
47550
47352
47391
47551
47353
47392
47552
47354
47393
47553
47355
47394
47554
47356
47395
47555
47357
47396
47556
47358
47397
47557
47359
47398
47558
47399
47559
47361
47560
47362
47561
47363
47562
47364
47563
47365
47564
47366
47565
47367
47566
47368
47567
47369
47568
47370
47569
47371
47570
47372
47571
47373
47572
47374
47573
47375
47574
47376
47575
47377
47576
47378
47577
47379
47578
47380
47579
47381
47580
47382
47581
47383
47582
47384
47583
47385
47584
47386
47585
47387
47586
47388
47587
47389
47588
47390
47589
47391
47590
47392
47591
47393
47592
47394
47593
47395
47594
47396
47595
47397
47596
47398
47597
47399
47598
47599
47401
47440
47600
47402
47441
47601
47403
47442
47602
47404
47443
47603
47405
47444
47604
47406
47445
47605
47407
47446
47606
47408
47447
47607
47409
47448
47608
47410
47449
47609
47411
47450
47610
47412
47451
47611
47413
47452
47612
47414
47453
47613
47415
47454
47614
47416
47455
47615
47417
47456
47616
47418
47457
47617
47419
47458
47618
47420
47459
47619
47421
47460
47620
47422
47461
47621
47423
47462
47622
47424
47463
47623
47425
47464
47624
47426
47465
47625
47427
47466
47626
47428
47467
47627
47429
47468
47628
47430
47469
47629
47431
47470
47630
47432
47471
47631
47433
47472
47632
47434
47473
47633
47435
47474
47634
47436
47475
47635
47437
47476
47636
47438
47477
47637
47439
47478
47638
47479
47639
47441
47480
47640
47442
47481
47641
47443
47482
47642
47444
47483
47643
47445
47484
47644
47446
47485
47645
47447
47486
47646
47448
47487
47647
47449
47488
47648
47450
47489
47649
47451
47490
47650
47452
47491
47651
47453
47492
47652
47454
47493
47653
47455
47494
47654
47456
47495
47655
47457
47496
47656
47458
47497
47657
47459
47498
47658
47460
47499
47659
47461
47500
47660
47462
47501
47661
47463
47502
47662
47464
47503
47663
47465
47504
47664
47466
47505
47665
47467
47506
47666
47468
47507
47667
47469
47508
47668
47470
47509
47669
47471
47510
47670
47472
47511
47671
47473
47512
47672
47474
47513
47673
47475
47514
47674
47476
47515
47675
47477
47516
47676
47478
47517
47677
47479
47518
47678
47519
47679
47481
47520
47680
47482
47521
47681
47483
47522
47682
47484
47523
47683
47485
47524
47684
47486
47525
47685
47487
47526
47686
47488
47527
47687
47489
47528
47688
47490
47529
47689
47491
47530
47690
47492
47531
47691
47493
47532
47692
47494
47533
47693
47495
47534
47694
47496
47535
47695
47497
47536
47696
47498
47537
47697
47499
47538
47698
47500
47539
47699
47501
47540
47700
47502
47541
47701
47503
47542
47702
47504
47543
47703
47505
47544
47704
47506
47545
47705
47507
47546
47706
47508
47547
47707
47509
47548
47708
47510
47549
47709
47511
47550
47710
47512
47551
47711
47513
47552
47712
47514
47553
47713
47515
47554
47714
47516
47555
47715
47517
47556
47716
47518
47557
47717
47519
47558
47718
47559
47719
47521
47560
47720
47522
47561
47721
47523
47562
47722
47524
47563
47723
47525
47564
47724
47526
47565
47725
47527
47566
47726
47528
47567
47727
47529
47568
47728
47530
47569
47729
47531
47570
47730
47532
47571
47731
47533
47572
47732
47534
47573
47733
47535
47574
47734
47536
47575
47735
47537
47576
47736
47538
47577
47737
47539
47578
47738
47540
47579
47739
47541
47580
47740
47542
47581
47741
47543
47582
47742
47544
47583
47743
47545
47584
47744
47546
47585
47745
47547
47586
47746
47548
47587
47747
47549
47588
47748
47550
47589
47749
47551
47590
47750
47552
47591
47751
47553
47592
47752
47554
47593
47753
47555
47594
47754
47556
47595
47755
47557
47596
47756
47558
47597
47757
47559
47598
47758
47599
47759
47561
47760
47562
47761
47563
47762
47564
47763
47565
47764
47566
47765
47567
47766
47568
47767
47569
47768
47570
47769
47571
47770
47572
47771
47573
47772
47574
47773
47575
47774
47576
47775
47577
47776
47578
47777
47579
47778
47580
47779
47581
47780
47582
47781
47583
47782
47584
47783
47585
47784
47586
47785
47587
47786
47588
47787
47589
47788
47590
47789
47591
47790
47592
47791
47593
47792
47594
47793
47595
47794
47596
47795
47597
47796
47598
47797
47599
47798
47799
47601
47640
47800
47602
47641
47801
47603
47642
47802
47604
47643
47803
47605
47644
47804
47606
47645
47805
47607
47646
47806
47608
47647
47807
47609
47648
47808
47610
47649
47809
47611
47650
47810
47612
47651
47811
47613
47652
47812
47614
47653
47813
47615
47654
47814
47616
47655
47815
47617
47656
47816
47618
47657
47817
47619
47658
47818
47620
47659
47819
47621
47660
47820
47622
47661
47821
47623
47662
47822
47624
47663
47823
47625
47664
47824
47626
47665
47825
47627
47666
47826
47628
47667
47827
47629
47668
47828
47630
47669
47829
47631
47670
47830
47632
47671
47831
47633
47672
47832
47634
47673
47833
47635
47674
47834
47636
47675
47835
47637
47676
47836
47638
47677
47837
47639
47678
47838
47679
47839
47641
47680
47840
47642
47681
47841
47643
47682
47842
47644
47683
47843
47645
47684
47844
47646
47685
47845
47647
47686
47846
47648
47687
47847
47649
47688
47848
47650
47689
47849
47651
47690
47850
47652
47691
47851
47653
47692
47852
47654
47693
47853
47655
47694
47854
47656
47695
47855
47657
47696
47856
47658
47697
47857
47659
47698
47858
47660
47699
47859
47661
47700
47860
47662
47701
47861
47663
47702
47862
47664
47703
47863
47665
47704
47864
47666
47705
47865
47667
47706
47866
47668
47707
47867
47669
47708
47868
47670
47709
47869
47671
47710
47870
47672
47711
47871
47673
47712
47872
47674
47713
47873
47675
47714
47874
47676
47715
47875
47677
47716
47876
47678
47717
47877
47679
47718
47878
47719
47879
47681
47720
47880
47682
47721
47881
47683
47722
47882
47684
47723
47883
47685
47724
47884
47686
47725
47885
47687
47726
47886
47688
47727
47887
47689
47728
47888
47690
47729
47889
47691
47730
47890
47692
47731
47891
47693
47732
47892
47694
47733
47893
47695
47734
47894
47696
47735
47895
47697
47736
47896
47698
47737
47897
47699
47738
47898
47700
47739
47899
47701
47740
47900
47702
47741
47901
47703
47742
47902
47704
47743
47903
47705
47744
47904
47706
47745
47905
47707
47746
47906
47708
47747
47907
47709
47748
47908
47710
47749
47909
47711
47750
47910
47712
47751
47911
47713
47752
47912
47714
47753
47913
47715
47754
47914
47716
47755
47915
47717
47756
47916
47718
47757
47917
47719
47758
47918
47759
47919
47721
47760
47920
47722
47761
47921
47723
47762
47922
47724
47763
47923
47725
47764
47924
47726
47765
47925
47727
47766
47926
47728
47767
47927
47729
47768
47928
47730
47769
47929
47731
47770
47930
47732
47771
47931
47733
47772
47932
47734
47773
47933
47735
47774
47934
47736
47775
47935
47737
47776
47936
47738
47777
47937
47739
47778
47938
47740
47779
47939
47741
47780
47940
47742
47781
47941
47743
47782
47942
47744
47783
47943
47745
47784
47944
47746
47785
47945
47747
47786
47946
47748
47787
47947
47749
47788
47948
47750
47789
47949
47751
47790
47950
47752
47791
47951
47753
47792
47952
47754
47793
47953
47755
47794
47954
47756
47795
47955
47757
47796
47956
47758
47797
47957
47759
47798
47958
47799
47959
47761
47960
47762
47961
47763
47962
47764
47963
47765
47964
47766
47965
47767
47966
47768
47967
47769
47968
47770
47969
47771
47970
47772
47971
47773
47972
47774
47973
47775
47974
47776
47975
47777
47976
47778
47977
47779
47978
47780
47979
47781
47980
47782
47981
47783
47982
47784
47983
47785
47984
47786
47985
47787
47986
47788
47987
47789
47988
47790
47989
47791
47990
47792
47991
47793
47992
47794
47993
47795
47994
47796
47995
47797
47996
47798
47997
47799
47998
47999
47801
47840
47802
47841
47803
47842
47804
47843
47805
47844
47806
47845
47807
47846
47808
47847
47809
47848
47810
47849
47811
47850
47812
47851
47813
47852
47814
47853
47815
47854
47816
47855
47817
47856
47818
47857
47819
47858
47820
47859
47821
47860
47822
47861
47823
47862
47824
47863
47825
47864
47826
47865
47827
47866
47828
47867
47829
47868
47830
47869
47831
47870
47832
47871
47833
47872
47834
47873
47835
47874
47836
47875
47837
47876
47838
47877
47839
47878
47879
47841
47880
47842
47881
47843
47882
47844
47883
47845
47884
47846
47885
47847
47886
47848
47887
47849
47888
47850
47889
47851
47890
47852
47891
47853
47892
47854
47893
47855
47894
47856
47895
47857
47896
47858
47897
47859
47898
47860
47899
47861
47900
47862
47901
47863
47902
47864
47903
47865
47904
47866
47905
47867
47906
47868
47907
47869
47908
47870
47909
47871
47910
47872
47911
47873
47912
47874
47913
47875
47914
47876
47915
47877
47916
47878
47917
47879
47918
47919
47881
47920
47882
47921
47883
47922
47884
47923
47885
47924
47886
47925
47887
47926
47888
47927
47889
47928
47890
47929
47891
47930
47892
47931
47893
47932
47894
47933
47895
47934
47896
47935
47897
47936
47898
47937
47899
47938
47900
47939
47901
47940
47902
47941
47903
47942
47904
47943
47905
47944
47906
47945
47907
47946
47908
47947
47909
47948
47910
47949
47911
47950
47912
47951
47913
47952
47914
47953
47915
47954
47916
47955
47917
47956
47918
47957
47919
47958
47959
47921
47960
47922
47961
47923
47962
47924
47963
47925
47964
47926
47965
47927
47966
47928
47967
47929
47968
47930
47969
47931
47970
47932
47971
47933
47972
47934
47973
47935
47974
47936
47975
47937
47976
47938
47977
47939
47978
47940
47979
47941
47980
47942
47981
47943
47982
47944
47983
47945
47984
47946
47985
47947
47986
47948
47987
47949
47988
47950
47989
47951
47990
47952
47991
47953
47992
47954
47993
47955
47994
47956
47995
47957
47996
47958
47997
47959
47998
47999
47961
47962
47963
47964
47965
47966
47967
47968
47969
47970
47971
47972
47973
47974
47975
47976
47977
47978
47979
47980
47981
47982
47983
47984
47985
47986
47987
47988
47989
47990
47991
47992
47993
47994
47995
47996
47997
47998
47999
)


// ************************************************************************* //
